variant_id,entity_id,canonical_key,variant_name,variant_language,is_preferred,source_refs_sample
VAR_35A43B3ABA,ENT_E61E506CA0,aal,Aal,en,yes,SRC002 p.100 line 22; SRC002 p.100 line 23; SRC002 p.100 line 24
VAR_6FF6856849,ENT_592A598416,abbas,Abbas,en,no,SRC002 p.103 line 21; SRC002 p.104 line 26; SRC002 p.105 line 55; SRC002 p.106 line 14; SRC002 p.107 line 26; SRC002 p.28 line 17
VAR_0D2231C234,ENT_592A598416,abbas,Hazrat Abbas,en,yes,SRC002 p.103 line 21; SRC002 p.104 line 26; SRC002 p.105 line 55; SRC002 p.106 line 14; SRC002 p.107 line 26; SRC002 p.28 line 17
VAR_37BBF56A7A,ENT_592A598416,abbas,Syed Abbas,en,no,SRC002 p.103 line 21; SRC002 p.104 line 26; SRC002 p.105 line 55; SRC002 p.106 line 14; SRC002 p.107 line 26; SRC002 p.28 line 17
VAR_7C5DB47E3E,ENT_E840AC7A75,abbas raza,Syed Abbas Raza,en,yes,SRC001 p.27 line 26
VAR_04F8AEE23A,ENT_A85ECE2814,abbas raza naqvi al bukhari,Syed Abbas Raza Naqvi Al-Bukhari,en,yes,SRC001 p.27 line 28
VAR_5E32721C43,ENT_CB4CC28DF0,abd,Abd,en,yes,SRC002 p.102 line 53
VAR_E51B17668C,ENT_737EAC3F98,abd al dar,Abd al-Dar,en,yes,SRC002 p.102 line 47
VAR_3448928E26,ENT_FC6BD153F6,abd al uzza,Abd al-Uzza,en,yes,SRC002 p.102 line 51
VAR_BCD425E6DD,ENT_CFB9B5150C,abd manaf,Abd Manaf,en,yes,SRC002 p.102 line 49; SRC002 p.102 line 54; SRC002 p.102 line 56; SRC002 p.102 line 58; SRC002 p.102 line 60; SRC002 p.102 line 62; SRC002 p.103 line 3
VAR_826D5876C5,ENT_3629FF3480,abd manat,Abd Manat,en,yes,SRC002 p.101 line 37
VAR_F9219CD752,ENT_11E24022CF,abd shams,Abd Shams,en,yes,SRC002 p.102 line 58
VAR_131D721F7D,ENT_6537A8F292,abdul aziz naqvi,Syed Haji Syed Abdul Aziz Naqvi,en,yes,SRC002 p.110 line 43
VAR_8100C9BEF4,ENT_4381A868B7,abdul muttalib,Abdul Muttalib,en,yes,SRC002 p.103 line 35; SRC002 p.103 line 39; SRC002 p.104 line 5; SRC002 p.87 line 45; SRC002 p.87 lines 6-18
VAR_14E3228540,ENT_F683C96F4B,abdul muttalib shaybah,Abdul Muttalib (Shaybah),en,yes,SRC002 p.103 line 13; SRC002 p.103 line 15; SRC002 p.103 line 17; SRC002 p.103 line 19; SRC002 p.103 line 21; SRC002 p.103 line 23; SRC002 p.103 line 25; SRC002 p.103 line 27
VAR_51426B6302,ENT_7162497BD3,abdul qadir,Syed Abdul Qadir,en,yes,SRC002 p.109 line 28
VAR_CA9CC3F9D6,ENT_11B899CD31,abdul wahab,Hazrat Syed Abdul Wahab,en,yes,SRC001 p.8 line 12
VAR_028FC67F04,ENT_F2D3F09150,abdullah,Abdullah,en,no,SRC002 p.103 line 15; SRC002 p.103 line 35; SRC002 p.103 line 38; SRC002 p.103 line 39; SRC002 p.103 line 50; SRC002 p.104 line 28; SRC002 p.105 line 10; SRC002 p.106 line 24
VAR_2F5D673FBE,ENT_F2D3F09150,abdullah,Hazrat Abdullah,en,yes,SRC002 p.103 line 15; SRC002 p.103 line 35; SRC002 p.103 line 38; SRC002 p.103 line 39; SRC002 p.103 line 50; SRC002 p.104 line 28; SRC002 p.105 line 10; SRC002 p.106 line 24
VAR_9B52258C42,ENT_F2D3F09150,abdullah,Syed Abdullah,en,no,SRC002 p.103 line 15; SRC002 p.103 line 35; SRC002 p.103 line 38; SRC002 p.103 line 39; SRC002 p.103 line 50; SRC002 p.104 line 28; SRC002 p.105 line 10; SRC002 p.106 line 24
VAR_3B6423A260,ENT_CC4357ADF1,abdullah a s also called tayyib tahir,Abdullah A.S (also called Tayyib / Tahir),en,yes,SRC002 p.103 line 44
VAR_C86979EEF6,ENT_AD94B8D05E,abdullah al aftah,Abdullah (al-Aftah),en,yes,SRC002 p.105 line 47
VAR_681C8D8A02,ENT_0B4A627614,abdullah alaftah,Abdullah Alaftah,en,yes,SRC002 p.105 line 35
VAR_FCCE47BA01,ENT_4677A8CF6A,abdullah idrees baghdadi,Syed Abdullah Idrees Baghdadi,en,yes,SRC002 p.107 line 52; SRC002 p.107 line 55; SRC002 p.108 line 17; SRC002 p.108 line 32; SRC002 p.108 line 4; SRC002 p.108 line 6; SRC002 p.108 line 8; SRC002 p.108 line 9
VAR_0A0B946FEC,ENT_9262417317,abdullah idrees baghdadi bin abul hasan ali,Syed Abdullah Idrees Baghdadi bin Syed Abul Hasan Ali,en,yes,SRC002 p.107 line 52
VAR_B1990BE5B7,ENT_D4A9DE1318,abdullah idrees baghdadi naqvi,Syed Abdullah Idrees Baghdadi Naqvi,en,yes,SRC002 p.107 line 51
VAR_5B9180C207,ENT_CD1FA7F6CF,abdullah qatal bukhari dehelvi,Syed Abdullah Qatal Bukhari Dehelvi,en,yes,SRC002 p.110 line 12
VAR_65F706BC7D,ENT_B0981F48F9,abdullah r,Syed Abdullah R,en,yes,SRC001 p.22 line 13
VAR_474E490EA4,ENT_CF6BA6236C,abdur rahman,Abdur Rahman,en,yes,SRC002 p.105 line 18
VAR_4B5490D742,ENT_E5BEF98238,abham,Abham,en,yes,SRC002 p.100 line 14
VAR_954FC10904,ENT_DC7F908660,abham ayami title daws al fan ahmal al falaq,"Abham (Ayami) (title: Daws al-Fan, Ahmal al-Falaq)",en,yes,SRC002 p.100 line 13
VAR_3BF8BCD012,ENT_6A63E79C5F,abrar husayn,Syed Abrar Hussain,en,yes,SRC002 p.43 line 7; SRC002 p.93 line 23
VAR_06C8A4FA4E,ENT_4260CAB63B,abu abdullah muhammad naqvi,Syed Abu Abdullah Muhammad Naqvi,en,yes,SRC002 p.108 line 12
VAR_1E42BF6D30,ENT_FA0DC14B66,abu alkher sharafuddin naqvi bukhari,Syed Abu Alkher Sharfuddin Naqvi Bukhari,en,yes,SRC002 p.110 line 25
VAR_3AEF769300,ENT_EA24BE4F9E,abu bakr,Syed Abu Bakr,en,yes,SRC002 p.107 line 31
VAR_12F3B7B945,ENT_B24E1DF7DB,abu jafar ibrahim naqvi,Syed Abu Jafar Ibrahim Naqvi,en,yes,SRC002 p.108 line 13
VAR_D510E6BCDF,ENT_E5ECC948D7,abu jafar muhammad nazuk alashqar naqvi,Syed Abu Jafar Muhammad Nazuk Alashqar Naqvi,en,yes,SRC002 p.108 line 6
VAR_5DAEF42B45,ENT_E460C084F6,abu lahab,Abu Lahab,en,yes,SRC002 p.103 line 27
VAR_06E8FF5783,ENT_86A65ED6A0,abu muhammad hasan naqvi,Syed Abu Muhammad Hasan Naqvi,en,yes,SRC002 p.108 line 12; SRC002 p.108 line 4; SRC002 p.108 line 9
VAR_AA5F0CC8BB,ENT_791F701ED1,abu muhammad hasan naqvi bin abdullah idrees,Syed Abu Muhammad Hasan Naqvi bin Syed Abdullah Idrees,en,yes,SRC002 p.108 line 9
VAR_0126CF61FB,ENT_F2836D9FDE,abu nasr muhammad sam an shaqlani naqvi,Syed Abu Nasr Muhammad Sam'an Shaqlani Naqvi,en,yes,SRC002 p.108 line 14
VAR_5DF39B633B,ENT_F5E515520A,abu saifi,Abu Saifi,en,yes,SRC002 p.103 line 10
VAR_376E80BB7D,ENT_5FACBC2357,abu talib,Abu Talib,en,no,SRC001 p.26 line 32; SRC002 p.103 line 17; SRC002 p.104 line 10; SRC002 p.104 line 12; SRC002 p.104 line 14; SRC002 p.104 line 15; SRC002 p.104 line 5; SRC002 p.104 line 8
VAR_BBE8874C56,ENT_5FACBC2357,abu talib,Hazrat Abu Talib,en,yes,SRC001 p.26 line 32; SRC002 p.103 line 17; SRC002 p.104 line 10; SRC002 p.104 line 12; SRC002 p.104 line 14; SRC002 p.104 line 15; SRC002 p.104 line 5; SRC002 p.104 line 8
VAR_F20874663F,ENT_CE968E6A4A,abu yusuf ahmed baghdadi,Syed Abu Yusuf Ahmed Baghdadi,en,yes,SRC002 p.108 line 17; SRC002 p.108 line 20; SRC002 p.108 line 22; SRC002 p.108 line 24; SRC002 p.108 line 26; SRC002 p.108 line 28; SRC002 p.108 line 30; SRC002 p.108 line 31
VAR_E7F74721C3,ENT_7ECC9DBF76,abu yusuf ahmed baghdadi bin abdullah idrees,Syed Abu Yusuf Ahmed Baghdadi bin Syed Abdullah Idrees,en,yes,SRC002 p.108 line 17
VAR_1F479E3719,ENT_3B53747F15,abu yusuf ahmed baghdadi naqvi,Syed Abu Yusuf Ahmed Baghdadi Naqvi,en,yes,SRC002 p.107 line 55
VAR_09E2DA76FC,ENT_05350D9FF6,abul alhasan naqvi,Syed Abul Alhasan Naqvi,en,yes,SRC002 p.108 line 8
VAR_6D0CDBC515,ENT_6151F84957,abul hasan ali asghar,Syed Abul Hasan Ali Asghar,en,yes,SRC002 p.107 line 32; SRC002 p.107 line 35; SRC002 p.107 line 37; SRC002 p.107 line 39; SRC002 p.107 line 41; SRC002 p.107 line 43; SRC002 p.107 line 45; SRC002 p.107 line 47
VAR_F83FD04954,ENT_4C3B16D69F,abul hasan ali asghar bin jafar sani bin imam ali,Syed Abul Hasan Ali Asghar bin Syed Jafar Sani bin Imam Ali,en,yes,SRC002 p.107 line 32
VAR_ED015DECDF,ENT_0FB8005D59,ad qureshi,As‘ad Qureshi,en,yes,SRC002 p.101 line 55
VAR_8CDFDD3E5A,ENT_0E18F44C1F,adam,Adam,en,yes,SRC002 p.99 line 3; SRC002 p.99 line 4
VAR_40211395CD,ENT_B3E8FF7AC1,adi,Adi,en,yes,SRC002 p.102 line 29
VAR_A062963E1F,ENT_CD29DE32D4,adnan,Adnan,en,yes,SRC002 p.100 line 23; SRC002 p.100 line 24; SRC002 p.100 line 27; SRC002 p.100 line 29; SRC002 p.100 line 30
VAR_836592F6FE,ENT_9AE74F0ED6,adnan shakir ali,Syed Adnan Shakir Ali,en,yes,SRC002 p.113 line 60; SRC002 p.114 line 52; SRC002 p.114 line 54; SRC002 p.44 line 30; SRC002 p.91 line 20
VAR_F0493CD9D5,ENT_FB05778621,adnan shakir ali naqvi,Syed Adnan Shakir Ali Naqvi,en,yes,SRC002 p.114 line 49
VAR_5FCFE7425E,ENT_90F33BCF2F,adnan shakir ali naqvi bin naseer ali bin,Syed Adnan Shakir Ali Naqvi bin Syed Naseer Ali bin Syed,en,yes,SRC002 p.114 line 49
VAR_9411622A03,ENT_A53A33601B,ahmad,Syed Ahmad,en,yes,SRC002 p.107 line 14
VAR_AD215CCA76,ENT_29E1B9438B,ahmad bukhari,Syed Ahmad Bukhari,en,yes,SRC002 p.83 line 31
VAR_61814C1F5D,ENT_38DDD436DF,ahmad shah,Syed Ahmad Shah,en,yes,SRC001 p.26 line 20; SRC002 p.94 line 19
VAR_F9504F93A7,ENT_1698C2BEA6,ahmed,Syed Ahmed,en,yes,SRC002 p.110 line 9
VAR_AD43F020F4,ENT_A1CD8396D2,ahmed ali,Syed Ahmed Ali,en,yes,SRC002 p.113 line 22
VAR_EF75DFDB10,ENT_400C0DDE01,ahmed badewani,Syed Ahmed Badewani,en,yes,SRC002 p.108 line 42
VAR_742F4FFFD5,ENT_995A486491,ahmed jafri bin shehenshah jafri,Syed Ahmed Jafri bin Syed Shehenshah Jafri,en,yes,SRC001 p.3 line 33
VAR_DA313010AE,ENT_906736DED1,ahmed kabir,Syed Ahmed Kabir,en,yes,SRC002 p.109 line 56; SRC002 p.109 line 59; SRC002 p.109 line 61; SRC002 p.110 line 19; SRC002 p.110 line 4; SRC002 p.110 line 6; SRC002 p.110 line 9
VAR_A3CC4A8C7A,ENT_55ABEC96B3,ahmed kabir bin jalaluddin surkh posh bukhari,Syed Ahmed Kabir bin Syed Jalaluddin Surkh Posh Bukhari,en,yes,SRC002 p.109 line 56
VAR_4F4227CF3D,ENT_315610B8DE,ahmed r,Syed Ahmed R,en,yes,SRC001 p.22 line 13
VAR_EBCA3B0453,ENT_13BE37EC7A,ahmed shah,Syed Ahmed Shah,en,yes,SRC002 p.87 line 31; SRC002 p.87 line 32; SRC002 p.87 lines 6-18
VAR_F69F927AB3,ENT_5AB04334D5,akbar rizvi,Syed Akbar Rizvi,en,yes,SRC002 p.49 line 12; SRC002 p.88 line 28
VAR_BF2278CB9C,ENT_91F3741BAB,akk,Akk,en,yes,SRC002 p.100 line 29
VAR_DA5887F553,ENT_659F7C59FA,al adram,al-Adram,en,yes,SRC002 p.102 line 7
VAR_6A5390AA11,ENT_840E61F42B,al dariya,al-Dariya,en,yes,SRC002 p.99 line 28
VAR_7AD112FB33,ENT_8B5389E4DE,al dariya title hijran al ta an,al-Dariya (title: Hijran al-Ta‘an),en,yes,SRC002 p.99 line 27
VAR_49DA52E9AA,ENT_FA2C04FF34,al harith,al-Harith,en,yes,SRC002 p.102 line 24
VAR_2F5BF3D4FD,ENT_663DEB14EB,al hun,al-Hun,en,yes,SRC002 p.101 line 30
VAR_AA418787CD,ENT_EDC2DF2877,al nadr,al-Nadr,en,yes,SRC002 p.101 line 40; SRC002 p.101 line 42; SRC002 p.101 line 43
VAR_7221AD120A,ENT_91143E9BE8,alauddin ali ibn sa,Syed Alauddin Ali ibn Sa,en,yes,SRC001 p.25 line 9
VAR_07DDB672C7,ENT_7416403476,aleem,Syed Aleem,en,yes,SRC002 p.87 line 9
VAR_F1E736E6B6,ENT_444122D5FB,aleem uddin din,Syed Aleem ud Din,en,yes,SRC002 p.87 line 19; SRC002 p.87 line 20; SRC002 p.87 lines 6-18
VAR_7DD1581A68,ENT_AFF01C22F7,aleemuddin,Syed Aleemuddin,en,yes,SRC002 p.95 line 19
VAR_B1BD42D138,ENT_0F31BEE2A1,ali abbas,Syed Ali Abbas,en,yes,SRC001 p.23 line 11
VAR_C022D5C781,ENT_A13FAB8E79,ali abbas gilani,Pir Syed Ali Abbas Gilani,en,yes,SRC001 p.23 line 13
VAR_921F1F1A55,ENT_4D4D22563C,ali akbar,Syed Ali Akbar,en,yes,SRC002 p.107 line 8
VAR_68DAC40FF1,ENT_B7DA07F0F5,ali al,Syed Ali al,en,yes,
VAR_91BA925B77,ENT_4D251B98A6,ali al akbar a s,Ali al-Akbar A.S,en,yes,SRC002 p.104 line 48
VAR_6CE58C3E6D,ENT_804B41E729,ali al asghar abdullah a s,Ali al-Asghar (Abdullah) A.S,en,yes,SRC002 p.104 line 50
VAR_ACD0CDC5B0,ENT_92649F7C4E,ali al moeed,Syed Ali Al-Moeed,en,yes,SRC002 p.109 line 35
VAR_598E27380C,ENT_6BE05BC1C3,ali al moeed r,Syed Ali Al-Moeed R,en,yes,SRC001 p.22 line 12
VAR_491F37CE00,ENT_58638DA14D,ali al muayyad,Syed Ali al-Muayyad,en,yes,SRC002 p.87 line 27; SRC002 p.87 line 28; SRC002 p.87 lines 6-18
VAR_99E7C54BF2,ENT_DEE793BFB9,ali almoeed,Syed Ali Almoeed,en,yes,SRC002 p.109 line 37; SRC002 p.109 line 40; SRC002 p.109 line 44; SRC002 p.109 line 57
VAR_08123E36C4,ENT_AAA8A5A3D8,ali almoeed bin jafar abu turab,Syed Ali Almoeed bin Syed Jafar Abu Turab,en,yes,SRC002 p.109 line 46
VAR_02AB1F4C1F,ENT_A84951CDAE,ali almoeed bin jafar abu turab bin,Syed Ali Almoeed bin Syed Jafar Abu Turab bin Syed,en,yes,SRC002 p.109 line 37
VAR_282B81DD5B,ENT_B83FC83D8C,ali arab naqvi nishapuri,Hazrat Syed Ali Arab Naqvi Nishapuri,en,yes,SRC002 p.108 line 37
VAR_20E7A52324,ENT_F666017C7B,ali asghar,Syed Ali Asghar,en,yes,SRC002 p.107 line 6; SRC002 p.87 line 33; SRC002 p.87 line 34; SRC002 p.87 lines 6-18; SRC002 p.94 line 19
VAR_B287D502E3,ENT_7C33E8A2A7,ali asghar ashqar,Syed Ali Asghar/Ashqar,en,yes,SRC002 p.107 line 6
VAR_54CFA58E18,ENT_35BCF04E57,ali asghar ashqar r,Syed Ali Asghar Ashqar R,en,yes,SRC001 p.22 line 14
VAR_644CF9BE5C,ENT_9C5F9203A4,ali asghar naqvi al bukhari,Syed Ali Asghar Naqvi Al-Bukhari,en,yes,SRC001 p.23 line 26
VAR_676A970A41,ENT_F11707709C,ali husayni khamenei,Sayyid Ali Hussaini Khamenei,en,yes,SRC001 p.8 line 36
VAR_036CBEC286,ENT_AE5EF642A4,ali mukhtar,Syed Ali Mukhtar,en,yes,SRC002 p.107 line 37
VAR_DC9AB4DC29,ENT_F45B785864,ali naqvi,Syed Ali Naqvi,en,yes,SRC002 p.115 line 7; SRC002 p.46 line 7
VAR_63CBBF8305,ENT_A7AE7052F5,ali naqvi bukhari,Syed Ali Naqvi Bukhari,en,yes,SRC002 p.111 line 22
VAR_365AF92E01,ENT_94C43BD707,ali sarmast naqvi bukhari,Syed Ali Sarmast Naqvi Bukhari,en,yes,SRC002 p.109 line 59
VAR_670D9AEBCF,ENT_E022E802AA,ali sharfudin,Syed Ali Sharfudin,en,yes,SRC002 p.108 line 31
VAR_9A9AAFBDEA,ENT_E38C78CF17,ali sharfudin bin abu yusuf ahmed baghdadi bin,Syed Ali Sharfudin bin Syed Abu Yusuf Ahmed Baghdadi bin,en,yes,SRC002 p.108 line 31
VAR_613AD13CC2,ENT_CF5B211A40,ali uraydi,Ali Uraydi,en,yes,SRC002 p.105 line 53
VAR_7E3A6AB64D,ENT_DFD295CAE2,ali zainulabideen a s,Ali Zain al-Abideen A.S,en,yes,SRC002 p.104 line 46
VAR_DA32B2410B,ENT_44BB4BB350,ameer,Syed Ameer,en,yes,SRC001 p.26 line 17
VAR_4B3AE8B03C,ENT_0B0EF2EFC7,ameer ali,Syed Ameer Ali,en,yes,SRC002 p.47 line 14; SRC002 p.56 line 17; SRC002 p.68 line 23; SRC002 p.68 line 7; SRC002 p.90 line 37; SRC002 p.90 line 8; SRC002 p.98 line 15
VAR_33D04335EF,ENT_14FF1DF15F,ameer ali branch,Syed Ameer Ali Branch,en,yes,SRC002 p.90 line 36
VAR_42B2EE8BE4,ENT_D2CEA550C0,ameer ali naqvi,Syed Ameer Ali Naqvi,en,yes,SRC002 p.113 line 48; SRC002 p.114 line 31; SRC002 p.114 line 34; SRC002 p.114 line 36; SRC002 p.114 line 38; SRC002 p.46 line 36
VAR_44355D6044,ENT_B5CB0BB341,ameer ali naqvi bin umeed ali bin,Syed Ameer Ali Naqvi bin Syed Umeed Ali bin Syed,en,yes,SRC002 p.114 line 31
VAR_98342DDA49,ENT_DF4AA5FDBC,ameer ali r,Syed Ameer Ali R,en,yes,SRC001 p.21 line 36
VAR_D6D9703855,ENT_E507D4C91F,ameer ali shah,Hazrat Syed Ameer Ali Shah,en,yes,SRC001 p.32 line 8; SRC002 p.10 line 5; SRC002 p.11 line 14; SRC002 p.112 line 31; SRC002 p.112 line 37; SRC002 p.112 line 40; SRC002 p.112 line 42; SRC002 p.112 line 44
VAR_B8029BA386,ENT_E507D4C91F,ameer ali shah,Syed Ameer Ali Shah,en,no,SRC001 p.32 line 8; SRC002 p.10 line 5; SRC002 p.11 line 14; SRC002 p.112 line 31; SRC002 p.112 line 37; SRC002 p.112 line 40; SRC002 p.112 line 42; SRC002 p.112 line 44
VAR_AEE6773801,ENT_1D083BEAE7,ameer ali shah bin haider shah bin qutb,Syed Ameer Ali Shah bin Syed Haider Shah bin Syed Qutb,en,yes,SRC002 p.112 line 37
VAR_7103A8D4CD,ENT_33FE5B24D0,ameer ali shah ibn haider shah ibn qutb shah ibn kabir shah ibn,Syed Ameer Ali Shah ibn Syed Haider Shah ibn Syed Qutb Shah ibn Syed Kabir Shah ibn,en,yes,SRC002 p.87 line 6
VAR_9D6A415C91,ENT_B128EFD5FE,ameer ali shah mughal era figure,Syed Ameer Ali Shah Mughal Era Figure,en,yes,SRC002 p.95 line 24
VAR_7B7B1CED38,ENT_0BD2E16C3E,ameer ali shah naqvi al,Syed Ameer Ali Shah Naqvi al,en,yes,SRC001 p.3 line 11
VAR_5A7B3027CB,ENT_7BC4324C73,ameer ali shah naqvi bukhari,Sayyid Ameer Ali Shah Naqvi Bukhari,en,yes,SRC002 p.3 line 16; SRC002 p.7 line 31
VAR_90415028E8,ENT_7BC4324C73,ameer ali shah naqvi bukhari,Syed Ameer Ali Shah Naqvi Bukhari,en,no,SRC002 p.3 line 16; SRC002 p.7 line 31
VAR_B3E90895F3,ENT_A106770589,ameer ali shah r,Syed Ameer Ali Shah R,en,yes,SRC001 p.11 line 13; SRC001 p.12 line 20; SRC001 p.12 line 31; SRC001 p.13 line 12
VAR_0CBE695D52,ENT_1DD89E5367,amir,Amir,en,yes,SRC002 p.102 line 12
VAR_C2A4EE0B21,ENT_36C481EB54,amjad ali,Syed Amjad Ali,en,yes,SRC002 p.21 line 11; SRC002 p.23 line 27; SRC002 p.24 line 33; SRC002 p.26 line 11; SRC002 p.87 line 27; SRC002 p.96 line 15
VAR_A193819CEE,ENT_F955D6D2F0,amr,Amr,en,yes,SRC002 p.102 line 14
VAR_977F415FFC,ENT_947F807885,anmar,Anmar,en,yes,SRC002 p.100 line 45
VAR_699B8EE84D,ENT_7F881BD018,aqbar,Aqbar,en,yes,SRC002 p.99 line 30
VAR_E50F6885CD,ENT_78EC99D586,aqbar title ibrahim jabih ashmal,Aqbar (title: Ibrahim Jabih Ashmal),en,yes,SRC002 p.99 line 29
VAR_7AB7EC861C,ENT_EA888D548D,aqil,Aqil,en,yes,SRC002 p.104 line 10
VAR_7A3B0C1B1D,ENT_093180BE36,argha,Argha,en,yes,SRC002 p.100 line 19
VAR_9F210C9AEE,ENT_613C7F7C71,argha ruma title adwan,Argha (Ruma) (title: ‘Adwan),en,yes,SRC002 p.100 line 18
VAR_2B55B29CAB,ENT_00D7AAED4C,arphaxad,Arphaxad,en,yes,SRC002 p.99 line 14; SRC002 p.99 line 15
VAR_E7BED90789,ENT_8EFA565CA6,asad,Asad,en,yes,SRC002 p.101 line 26; SRC002 p.103 line 8
VAR_02C274CC1E,ENT_0EDE441C2D,asadah,Asadah,en,yes,SRC002 p.101 line 28
VAR_6A6ED0F534,ENT_3ADAA0C0BE,asghar rizvi,Syed Asghar Rizvi,en,yes,SRC002 p.49 line 11; SRC002 p.88 line 26
VAR_043CEDB196,ENT_CEE322E977,ashi,‘Ashi,en,yes,SRC002 p.99 line 31
VAR_31AB11C2A9,ENT_8EFC606F9F,ashi title afi aqbar ibn al jinn,‘Ashi (title: ‘Afi Aqbar ibn al-Jinn),en,yes,SRC002 p.99 line 30
VAR_BB50FDFBE5,ENT_915B13726B,ashiq ali,Syed Ashiq Ali,en,yes,SRC001 p.21 line 35; SRC002 p.112 line 47; SRC002 p.112 line 49; SRC002 p.112 line 51; SRC002 p.112 line 53; SRC002 p.96 line 3; SRC002 p.98 line 15
VAR_178D3BF6F9,ENT_0850930D6B,ashiq ali bin shakir ali bin ameer ali shah,Syed Ashiq Ali bin Syed Shakir Ali bin Syed Ameer Ali Shah,en,yes,SRC002 p.112 line 49
VAR_8FC2214ED0,ENT_8AD329A311,ashiq ali ibn shakir ali,Syed Ashiq Ali ibn Syed Shakir Ali,en,yes,SRC002 p.96 line 9
VAR_B9E0D72EAF,ENT_13AC9607F1,ashiq ali shah,Sayyid Ashiq Ali Shah,en,yes,SRC002 p.14 line 20; SRC002 p.15 line 5; SRC002 p.15 line 9; SRC002 p.16 line 25; SRC002 p.18 line 10; SRC002 p.2 line 12; SRC002 p.20 line 19; SRC002 p.20 line 5
VAR_274CE590C9,ENT_13AC9607F1,ashiq ali shah,Syed Ashiq Ali Shah,en,no,SRC002 p.14 line 20; SRC002 p.15 line 5; SRC002 p.15 line 9; SRC002 p.16 line 25; SRC002 p.18 line 10; SRC002 p.2 line 12; SRC002 p.20 line 19; SRC002 p.20 line 5
VAR_4126D36E8E,ENT_451AE49110,asim ali,Syed Asim Ali,en,yes,SRC002 p.113 line 20; SRC002 p.113 line 22; SRC002 p.113 line 24; SRC002 p.113 line 6; SRC002 p.49 line 22
VAR_97976AF7FD,ENT_4FFAC44818,asim ali bin qamar ali bin hafeez ali,Syed Asim Ali bin Syed Qamar Ali bin Syed Hafeez Ali,en,yes,SRC002 p.113 line 20
VAR_C09E30DC36,ENT_11F1476CFC,aun sajid ali naqvi al,Dr. Syed Aun Sajid Ali Naqvi Al,en,yes,SRC001 p.23 line 27
VAR_83E710AE18,ENT_A1290948A8,awad,‘Awad,en,yes,SRC002 p.100 line 7
VAR_4ED2AF08FF,ENT_10AAD1ADD9,awad title shimar mani,‘Awad (title: Shimar Mani),en,yes,SRC002 p.100 line 6
VAR_8B1CDCA696,ENT_743F66642F,awf,Awf,en,yes,SRC002 p.102 line 16
VAR_AEC160FC12,ENT_D4B19AE0EC,awf qureshi,Awf Qureshi,en,yes,SRC002 p.101 line 57
VAR_6ABB886A1E,ENT_F57D7931B8,ayatollah al,Ayatollah al,en,yes,SRC001 p.8 line 36
VAR_36EBDDE0B7,ENT_3C6F1BE51F,ayatullah sajid ali naqvi al bukhari,Hazrat Ayatullah Syed Sajid Ali Naqvi Al-Bukhari,en,yes,SRC001 p.23 line 25
VAR_953F5A00C0,ENT_9C4B6FF9CE,aydhani,‘Aydhani,en,yes,SRC002 p.100 line 18
VAR_2B1EC2A80A,ENT_2153CE593C,aydhani title mafir,‘Aydhani (title: Mafir),en,yes,SRC002 p.100 line 17
VAR_07CA6B5B49,ENT_0FDCF24B82,aylan qays aylan,Aylan (Qays Aylan),en,yes,SRC002 p.101 line 9
VAR_196D854BF8,ENT_722EC8A9CA,aymar,‘Aymar,en,yes,SRC002 p.100 line 16
VAR_44FED6DE15,ENT_6C2C21F0B6,aymar amir title nidwan dhu al amad,‘Aymar (Amir) (title: Nidwan Dhu al-Amad),en,yes,SRC002 p.100 line 15
VAR_CC45E0F801,ENT_334AC1E326,azam,‘Azam,en,yes,SRC002 p.100 line 6
VAR_C9BC0C6304,ENT_DBA988FE99,azam azam,‘Azam (Azam),en,yes,SRC002 p.100 line 5
VAR_E7811A91CB,ENT_1E3208BACD,badrudin shah,Syed Badrudin Shah,en,yes,SRC002 p.112 line 16
VAR_704FCA8086,ENT_9EC5DE3BFA,bahadur,Syed Bahadur,en,yes,SRC002 p.109 line 15
VAR_6F0929DFD1,ENT_5CDBEA2140,bahauddin masoom,Syed Bahauddin Masoom,en,yes,SRC002 p.109 line 52
VAR_B514465040,ENT_4F3E8E9AC2,baldas,Baldas,en,yes,SRC002 p.100 line 3
VAR_864C19D75E,ENT_30DE576CE6,baldas muhtal,Baldas (Muhtal),en,yes,SRC002 p.99 line 36
VAR_5839F13D36,ENT_C7C8CA4B54,basheer husayn,Shaheed Syed Basheer Hussain,en,yes,SRC001 p.27 line 32
VAR_E37691FC28,ENT_C7142460B4,bashirli,Bashirli,en,yes,SRC002 p.100 line 22; SRC002 p.99 line 25
VAR_CCB7FA674E,ENT_110F07804F,bashirli title bim al tab,Bashirli (title: Bim al-Tab‘),en,yes,SRC002 p.100 line 21; SRC002 p.99 line 24
VAR_0C85930AEE,ENT_8755C369F4,bibi fatima al,Bibi Fatima al,en,yes,SRC002 p.103 line 49
VAR_68E6212E2D,ENT_3D6E05F50E,bibi fatima zahra s,Bibi Fatima Zahra S,en,yes,SRC002 p.103 line 48
VAR_B2409475B4,ENT_2DA5E38CA0,bibi fatima zahra s a,Bibi Fatima Zahra S.A,en,yes,SRC002 p.103 line 48
VAR_5C1E1F66E8,ENT_E7F2BECF44,bibi pak daman,Bibi Pak Daman,en,yes,SRC001 p.7 line 30
VAR_1C462247C2,ENT_6D1F22A257,bibi umm,Bibi Umm,en,yes,SRC002 p.104 line 4
VAR_1A083426B7,ENT_2542D74CBF,bibi umm e qulsom s a,Bibi Umm e Qulsom S.A,en,yes,SRC002 p.104 line 4
VAR_55B7C2AD65,ENT_6A3C65BED0,bibi zainab s,Bibi Zainab S,en,yes,SRC002 p.103 line 58
VAR_09A17C608E,ENT_F870A097E6,bibi zainab s a,Bibi Zainab S.A,en,yes,SRC002 p.103 line 58
VAR_7EF59724F0,ENT_8A10E5C3B3,cemetery,Sayyid Cemetery,en,yes,SRC002 p.70 line 7
VAR_770BB4DEBF,ENT_48429EB321,daniyal bukhari,Syed Daniyal Bukhari,en,yes,SRC002 p.108 line 41
VAR_94EDB7F05F,ENT_A4B871E79A,dawood,Syed Dawood,en,yes,SRC002 p.108 line 34
VAR_759840EEBC,ENT_16115008F9,dhi b qureshi,Dhi’b Qureshi,en,yes,SRC002 p.101 line 61
VAR_B7FE65200F,ENT_9B6E33C740,dirar,Dirar,en,yes,SRC002 p.103 line 29
VAR_24AF1ED9FD,ENT_DC87CD2598,dishan,Dishan,en,yes,SRC002 p.100 line 17
VAR_F9AD67610C,ENT_26BAD8A9BA,dishan title azd ariyah,Dishan (title: Azd Ariyah),en,yes,SRC002 p.100 line 16
VAR_1EBEF88825,ENT_CDD4C0A110,eber,Eber,en,yes,SRC002 p.99 line 16; SRC002 p.99 line 17
VAR_C740DD91E9,ENT_808A730D9B,ejaz ali,Syed Ejaz Ali,en,yes,SRC002 p.113 line 40; SRC002 p.114 line 10; SRC002 p.114 line 4; SRC002 p.114 line 6; SRC002 p.114 line 8; SRC002 p.42 line 15; SRC002 p.45 line 34; SRC002 p.89 line 31
VAR_332B833889,ENT_26C050FE09,ejaz ali bin mohabbat ali bin nafees ali,Syed Ejaz Ali bin Syed Muhabbat Ali bin Syed Nafees Ali,en,yes,SRC002 p.114 line 4
VAR_623CA1836A,ENT_8AE2FCF87A,ejaz ali branch,Syed Ejaz Ali Branch,en,yes,SRC002 p.92 line 6
VAR_DD7BD3AF14,ENT_26B53FDCF6,enoch idris a s,Enoch (Idris A.S),en,yes,SRC002 p.99 line 10; SRC002 p.99 line 9
VAR_36A4101351,ENT_44EE05C0A3,enosh,Enosh,en,yes,SRC002 p.99 line 5; SRC002 p.99 line 6
VAR_CBB56E5DB0,ENT_4915854824,faheem raza,Syed Faheem Raza,en,yes,SRC001 p.27 line 17
VAR_F88BCD3D02,ENT_AB4289430B,faheem raza kazmi chishti,Syed Faheem Raza Kazmi Chishti,en,yes,SRC001 p.4 line 8
VAR_F98CD6F8E5,ENT_FD4A5ED5D7,faheem raza kazmi chishti ajmeri,Syed Faheem Raza Kazmi Chishti Ajmeri,en,yes,SRC001 p.23 line 6; SRC001 p.33 line 11
VAR_8D9F77D03E,ENT_A22F6DE213,faisal ali,Syed Faisal Ali,en,yes,SRC002 p.113 line 26; SRC002 p.113 line 28; SRC002 p.113 line 8; SRC002 p.49 line 23
VAR_7DDC39FD27,ENT_CDBB65B682,faisal ali bin qamar ali bin hafeez ali,Syed Faisal Ali bin Syed Qamar Ali bin Syed Hafeez Ali,en,yes,SRC002 p.113 line 26
VAR_14A5FCC8E7,ENT_C7C586FB46,faizan ali,Syed Faizan Ali,en,yes,SRC002 p.113 line 66; SRC002 p.44 line 26; SRC002 p.91 line 16
VAR_E41AB757E8,ENT_3729BE293E,families of hyderabad,Sayyid Families of Hyderabad,en,yes,SRC002 p.94 line 4
VAR_A3B3B1A006,ENT_C33F059B0C,family,Sayyid Family,en,yes,SRC002 p.6 line 5
VAR_61B88DE0F3,ENT_8AB9F68F25,family genealogy,Sayyid Family Genealogy,en,yes,SRC002 p.117 line 21
VAR_955B71EF33,ENT_D114761312,family history,Sayyid Family History,en,yes,SRC002 p.117 line 31
VAR_E51D1435F8,ENT_12CCB52D70,fareedudin,Syed Fareedudin,en,yes,SRC002 p.110 line 54
VAR_D8D68087B0,ENT_D60D7BA43D,fareedudin abul fatah naqvi,Syed Fareedudin abul fatah Naqvi,en,yes,SRC002 p.110 line 54
VAR_CA60C28E84,ENT_D1989EA4DD,farhan husayn,Syed Farhan Hussain,en,yes,SRC002 p.43 line 11; SRC002 p.93 line 31
VAR_96E04BF656,ENT_67B8A1BC2C,farukh,Syed Farukh,en,yes,SRC001 p.14 line 33; SRC001 p.17 line 31
VAR_85B873B412,ENT_37E92B2726,fihr,Fihr,en,yes,SRC002 p.102 line 3
VAR_9C4ECD8C0F,ENT_FB17CBDCDB,fihr quraysh,Fihr (Quraysh),en,yes,SRC002 p.101 line 45; SRC002 p.101 line 46; SRC002 p.101 line 49; SRC002 p.101 line 51; SRC002 p.101 line 53; SRC002 p.101 line 55; SRC002 p.101 line 57; SRC002 p.101 line 59
VAR_450A2B13CD,ENT_769EFC58B1,ghalib,Ghalib,en,yes,SRC002 p.102 line 3; SRC002 p.102 line 5; SRC002 p.102 line 7; SRC002 p.102 line 8
VAR_E226732BB7,ENT_52F9049F4E,ghalib qureshi,Ghalib Qureshi,en,yes,SRC002 p.101 line 49
VAR_9E04688C2C,ENT_31895417F7,ghulam abbas,Syed Ghulam Abbas,en,yes,SRC001 p.25 line 5
VAR_FB5558708A,ENT_4C78AFEDD3,ghulam yazdani archaeological studies of south asia,Dr. Ghulam Yazdani Archaeological Studies of South Asia,en,yes,SRC002 p.83 line 33
VAR_1C5B80A289,ENT_89B0B5E36C,gondal,Syed Gondal,en,yes,SRC002 p.108 line 38
VAR_2FA8F3BD1F,ENT_E5C93C1FB2,hafeez ali,Syed Hafeez Ali,en,yes,SRC002 p.112 line 55; SRC002 p.112 line 59; SRC002 p.112 line 61; SRC002 p.112 line 63; SRC002 p.2 line 15; SRC002 p.21 line 13; SRC002 p.24 line 31; SRC002 p.26 line 9
VAR_9794E3F854,ENT_AF194AE1B7,hafeez ali bin nafees ali bin ashiq ali,Syed Hafeez Ali bin Syed Nafees Ali bin Syed Ashiq Ali,en,yes,SRC002 p.112 line 59
VAR_CEB9856BB0,ENT_75C39297D6,hafeez ali ibn nafees ali,Syed Hafeez Ali ibn Syed Nafees Ali,en,yes,SRC002 p.88 line 8
VAR_2D3FCD2A7C,ENT_541D94E00E,hafeez ali shah,Sayyid Hafeez Ali Shah,en,yes,SRC002 p.8 line 3
VAR_F9A0239851,ENT_0B845C530B,hafeez ali shah naqvi bukhari,Syed Hafeez Ali Shah Naqvi Bukhari,en,yes,SRC002 p.3 line 26
VAR_DFB14055EE,ENT_C62E45C234,haider,Hazrat Haider,en,yes,SRC001 p.11 line 13; SRC001 p.12 line 20; SRC002 p.14 line 8
VAR_EAF4BC6C53,ENT_C62E45C234,haider,Syed Haider,en,no,SRC001 p.11 line 13; SRC001 p.12 line 20; SRC002 p.14 line 8
VAR_AFCB3205AA,ENT_99044DD2D2,haider ali naqvi,Syed Haider Ali Naqvi,en,yes,SRC002 p.114 line 52
VAR_C1BA5F2756,ENT_71668F96B2,haider rizvi,Syed Haider Rizvi,en,yes,SRC002 p.49 line 13; SRC002 p.88 line 30
VAR_19DE397EA9,ENT_69D2568D6F,haider shah,Syed Haider Shah,en,yes,SRC002 p.11 line 15; SRC002 p.112 line 25; SRC002 p.112 line 27; SRC002 p.112 line 29; SRC002 p.112 line 31; SRC002 p.112 line 33; SRC002 p.112 line 35; SRC002 p.112 line 37
VAR_4463348C66,ENT_A9D3494AF4,haider shah bin qutb shah bin kabeer shah,Syed Haider Shah bin Syed Qutb Shah bin Syed Kabeer Shah,en,yes,SRC002 p.112 line 27
VAR_C338146A98,ENT_379D67FB3C,haider shah r,Syed Haider Shah R,en,yes,SRC001 p.12 line 31; SRC001 p.21 line 36
VAR_84439FD51E,ENT_CB7DEC773C,hamid kabeer shamsuldin naqvi bukhari,Syed Hamid Kabeer Shamsuldin Naqvi Bukhari,en,yes,SRC002 p.110 line 21
VAR_2292524471,ENT_29E085E01C,hamran,Hamran,en,yes,SRC002 p.99 line 27
VAR_B4019C3554,ENT_909A4A3623,hamran title ismail dhu al awj,Hamran (title: Ismail Dhu al-Awj),en,yes,SRC002 p.99 line 26
VAR_336B1B4D8C,ENT_B6737FC736,hamza,Hamza,en,no,SRC002 p.103 line 19; SRC002 p.106 line 4; SRC002 p.107 line 28; SRC002 p.107 line 49; SRC002 p.108 line 33
VAR_0BCB54A875,ENT_B6737FC736,hamza,Syed Hamza,en,yes,SRC002 p.103 line 19; SRC002 p.106 line 4; SRC002 p.107 line 28; SRC002 p.107 line 49; SRC002 p.108 line 33
VAR_A2687BA07D,ENT_4C3F7B32F9,hamza ali,Syed Hamza Ali,en,yes,SRC002 p.113 line 12; SRC002 p.91 line 12
VAR_799285215D,ENT_5549130B9B,hamza ali naqvi,Syed Hamza Ali Naqvi,en,yes,SRC002 p.114 line 43; SRC002 p.47 line 37
VAR_A628B804BB,ENT_930DC1FDC2,hara,Hara,en,yes,SRC002 p.100 line 4
VAR_C09BA70FE8,ENT_B6AE4AB174,hara al awwam,Hara (al-‘Awwam),en,yes,SRC002 p.100 line 3
VAR_7EFB5C3449,ENT_2B5CA98E3B,haris ali naqvi,Syed Haris Ali Naqvi,en,yes,SRC002 p.114 line 18; SRC002 p.45 line 29; SRC002 p.92 line 25
VAR_EF64901737,ENT_02A3D68EFE,harith,Harith,en,yes,SRC002 p.103 line 23
VAR_8FE2C2AD67,ENT_09763BA96E,harith qureshi,Harith Qureshi,en,yes,SRC002 p.101 line 53
VAR_0D2FD66D84,ENT_678551FA73,harun,Harun,en,yes,SRC002 p.106 line 22
VAR_67CAABA7C9,ENT_B49B0B7881,hasan,Hasan,en,no,SRC002 p.104 line 18; SRC002 p.105 line 14; SRC002 p.106 line 38; SRC002 p.107 line 10; SRC002 p.107 line 45
VAR_6C243A8953,ENT_B49B0B7881,hasan,Syed Hasan,en,yes,SRC002 p.104 line 18; SRC002 p.105 line 14; SRC002 p.106 line 38; SRC002 p.107 line 10; SRC002 p.107 line 45
VAR_75F114C3BF,ENT_4B81A56ACE,hasan ali,Syed Hasan Ali,en,yes,SRC002 p.90 line 41
VAR_90F1818231,ENT_9155B1BCAB,hasan ali naqvi,Syed Hasan Ali Naqvi,en,yes,SRC002 p.114 line 36
VAR_90452A907C,ENT_64AF4DB84C,hashim,Hashim,en,yes,SRC002 p.102 line 56; SRC002 p.103 line 10; SRC002 p.103 line 12; SRC002 p.103 line 13; SRC002 p.103 line 3; SRC002 p.103 line 6; SRC002 p.103 line 8
VAR_C41973E346,ENT_F62A7D6073,hashir ali naqvi,Syed Hashir Ali Naqvi,en,yes,SRC002 p.114 line 16; SRC002 p.45 line 27; SRC002 p.92 line 23
VAR_5E89E0D3E1,ENT_FDFB2715FE,hasnain ali,Syed Hasnain Ali,en,yes,SRC002 p.90 line 39
VAR_ADD34CCD96,ENT_A557116C55,hasnain ali naqvi,Syed Hasnain Ali Naqvi,en,yes,SRC002 p.114 line 34; SRC002 p.47 line 18
VAR_14DA88DB9A,ENT_C78608575F,hassan,Syed Hassan,en,yes,SRC002 p.47 line 22
VAR_DD26B08BF1,ENT_D88FD191F1,hassan ali,Syed Hassan Ali,en,yes,SRC002 p.90 line 43
VAR_F46062D386,ENT_83DE9386AE,hassan ali naqvi,Syed Hassan Ali Naqvi,en,yes,SRC002 p.114 line 38; SRC002 p.47 line 20
VAR_FADDC38D22,ENT_66F79D8A63,history,Sayyid History,en,yes,SRC002 p.117 line 22
VAR_AEF1EE78CC,ENT_605291B120,hudhayl,Hudhayl,en,yes,SRC002 p.101 line 21
VAR_62E0784470,ENT_919A801DF3,husayn,Hussain,en,no,SRC002 p.104 line 20; SRC002 p.105 line 16; SRC002 p.107 line 12
VAR_2DA8C3F935,ENT_919A801DF3,husayn,Syed Hussain,en,yes,SRC002 p.104 line 20; SRC002 p.105 line 16; SRC002 p.107 line 12
VAR_898E4A3561,ENT_F46B92265A,husayn naqvi,Syed Hussain Naqvi,en,yes,SRC002 p.107 line 47
VAR_5331A9C2DE,ENT_B2CD6B5B55,husays,Husays,en,yes,SRC002 p.102 line 31
VAR_DD12AB15E0,ENT_04BBD3D882,ibrahim,Ibrahim,en,no,SRC002 p.105 line 37; SRC002 p.106 line 12; SRC002 p.106 line 40; SRC002 p.107 line 20; SRC002 p.99 line 22; SRC002 p.99 line 23
VAR_B3929A3C40,ENT_04BBD3D882,ibrahim,Syed Ibrahim,en,yes,SRC002 p.105 line 37; SRC002 p.106 line 12; SRC002 p.106 line 40; SRC002 p.107 line 20; SRC002 p.99 line 22; SRC002 p.99 line 23
VAR_EDDAEF7491,ENT_E46B4C7636,ibrahim a s,Ibrahim A.S,en,yes,SRC002 p.103 line 46
VAR_51C46EB537,ENT_A1BBC1502D,ibrahim naqvi,Syed Ibrahim Naqvi,en,yes,SRC002 p.107 line 41
VAR_9B87612B36,ENT_1DB089A9F8,identity,Sayyid Identity,en,yes,SRC002 p.97 line 37
VAR_17949342D7,ENT_2080A8E9BE,ilm,Syed Ilm,en,yes,SRC002 p.87 line 10; SRC002 p.87 line 8
VAR_17B49D1AE3,ENT_D73D9CDF11,ilm ud din r,Syed Ilm-ud-Din R,en,yes,SRC001 p.22 line 7; SRC001 p.22 line 8; SRC001 p.22 line 9
VAR_11B0F68B2A,ENT_537D23CBF7,ilm uddin din,Syed Ilm ud Din,en,yes,SRC002 p.87 line 15; SRC002 p.87 line 16; SRC002 p.87 lines 6-18
VAR_3C96D898D5,ENT_2C7ED1C15C,ilm uddin din bukhari,Syed Ilm ud Din Bukhari,en,yes,SRC002 p.87 line 21; SRC002 p.87 line 22; SRC002 p.87 lines 6-18
VAR_7F2F523F79,ENT_4A5E0A5D62,ilmuddin,Syed Ilmuddin,en,yes,SRC002 p.110 line 49; SRC002 p.110 line 52; SRC002 p.110 line 54; SRC002 p.110 line 56; SRC002 p.110 line 58; SRC002 p.111 line 26; SRC002 p.111 line 29; SRC002 p.111 line 31
VAR_AA5777C81D,ENT_5C3EFC7F40,ilmuddin bin jalaluddin bukhari bin,Syed Ilmuddin bin Syed Jalaluddin Bukhari bin Syed,en,yes,SRC002 p.110 line 49
VAR_B8D014C76E,ENT_A028EA58C2,ilmuddin bin jalaluddin haider lahori,Syed Ilmuddin bin Syed Jalaluddin Haider Lahori,en,yes,SRC002 p.111 line 26
VAR_B9C322F2D4,ENT_BD00CEB34F,ilmuddin bukhari,Syed Ilmuddin Bukhari,en,yes,SRC002 p.110 line 23; SRC002 p.110 line 27; SRC002 p.110 line 30; SRC002 p.110 line 32; SRC002 p.110 line 34; SRC002 p.110 line 36; SRC002 p.110 line 38; SRC002 p.95 line 19
VAR_37A797E3E9,ENT_9902783F1B,ilmuddin bukhari bin nasiruddin mahmood,Syed Ilmuddin Bukhari bin Syed Nasiruddin Mahmood,en,yes,SRC002 p.110 line 27
VAR_7C222561A2,ENT_3A9AF43B62,ilmuddin naqvi bukhari,Syed Ilmuddin Naqvi Bukhari,en,yes,SRC002 p.110 line 41; SRC002 p.111 line 18
VAR_3543C9AC40,ENT_8DD758E169,ilmudin shah,Syed Ilmudin Shah,en,yes,SRC002 p.112 line 14
VAR_69C19A964F,ENT_C953715F14,ilyas,Ilyas,en,yes,SRC002 p.101 line 10; SRC002 p.101 line 12; SRC002 p.101 line 14; SRC002 p.101 line 16; SRC002 p.101 line 17; SRC002 p.101 line 7
VAR_F38177175F,ENT_8994BDDD69,imam al,Imam al,en,yes,SRC001 p.11 line 31; SRC001 p.11 line 38
VAR_AC10AE2FF1,ENT_AAAF97554C,imam ali,Imam Ali,en,yes,SRC001 p.29 line 12; SRC002 p.104 line 15; SRC002 p.104 line 18; SRC002 p.104 line 20; SRC002 p.104 line 22; SRC002 p.104 line 24; SRC002 p.104 line 26; SRC002 p.104 line 28
VAR_9324C7A4B9,ENT_5152B279C2,imam ali a,Syed Imam Ali A,en,yes,SRC001 p.22 line 17
VAR_F7FAA7A286,ENT_D294B98B8F,imam ali al,Imam Ali al,en,yes,SRC001 p.11 line 34; SRC001 p.11 line 38; SRC001 p.11 line 39; SRC001 p.34 line 30; SRC002 p.106 line 10; SRC002 p.106 line 44; SRC002 p.117 line 26; SRC002 p.117 line 6
VAR_067070F771,ENT_F550C93AC1,imam ali al naqi al hadi,Imam Ali al-Naqi al-Hadi,en,yes,SRC002 p.106 line 44
VAR_2BBFC7F1CD,ENT_D396EB5D47,imam ali al ridha,Imam Ali al-Ridha,en,yes,SRC002 p.106 line 10
VAR_D6DAA8B4E1,ENT_A63BAC935E,imam ali ibn abi talib,Imam Ali ibn Abi Talib,en,yes,SRC002 p.6 line 19; SRC002 p.6 line 7
VAR_7288A85C89,ENT_802CAAE044,imam ali naqi,Imam Ali Naqi,en,no,SRC002 p.39 line 22; SRC002 p.80 line 19; SRC002 p.80 line 26; SRC002 p.85 line 10; SRC002 p.87 line 35; SRC002 p.87 line 36; SRC002 p.87 lines 6-18
VAR_66CC41D5A2,ENT_802CAAE044,imam ali naqi,Imam Ali Naqi AS,en,yes,SRC002 p.39 line 22; SRC002 p.80 line 19; SRC002 p.80 line 26; SRC002 p.85 line 10; SRC002 p.87 line 35; SRC002 p.87 line 36; SRC002 p.87 lines 6-18
VAR_1E48D3032D,ENT_78E29E1708,imam ali naqi al,Imam Ali Naqi al,en,yes,SRC002 p.106 line 49
VAR_4934B44950,ENT_9952008F20,imam ali naqi al hadi,Imam Ali Naqi al-Hadi,en,yes,SRC002 p.106 line 49; SRC002 p.106 line 52; SRC002 p.106 line 54; SRC002 p.107 line 3
VAR_0BA0195E33,ENT_D67B0C59D6,imam ali raza,Imam Ali Raza,en,yes,SRC002 p.106 line 31; SRC002 p.106 line 34; SRC002 p.106 line 36; SRC002 p.106 line 38; SRC002 p.106 line 40; SRC002 p.106 line 41; SRC002 p.106 line 50; SRC002 p.87 line 15
VAR_64DD983E5F,ENT_23E3C23050,imam ali raza a,Syed Imam Ali Raza A,en,yes,SRC001 p.22 line 15
VAR_D6662A9780,ENT_7759F61203,imam ali zayn al,Imam Ali Zayn al,en,yes,SRC001 p.11 line 36; SRC002 p.6 line 22
VAR_9227D394B4,ENT_BF0F9D75BE,imam bargah,Imam Bargah,en,yes,SRC001 p.6 line 21
VAR_FD92C8CD33,ENT_B7ACAB2BC8,imam bargah shohada e karbala,Imam Bargah Shohada-e-Karbala,en,yes,SRC001 p.3 line 36; SRC001 p.6 line 18; SRC001 p.7 line 34
VAR_8840945C9D,ENT_383509B319,imam hasan,Imam Hasan,en,yes,SRC002 p.103 line 52; SRC002 p.107 line 10; SRC002 p.107 line 45; SRC002 p.6 line 20
VAR_0AACBEF30D,ENT_2F045C27AC,imam hasan al,Imam Hasan al,en,yes,SRC001 p.11 line 35; SRC001 p.11 line 40; SRC002 p.106 line 52
VAR_169AA7FD0B,ENT_D1770F9CDE,imam hasan al askari,Imam Hasan al-Askari,en,yes,SRC002 p.106 line 52
VAR_99133881AE,ENT_D0F5F6FFD4,imam husayn,Imam Husayn,en,no,SRC001 p.8 line 21; SRC001 p.9 line 7; SRC002 p.103 line 54; SRC002 p.104 line 44; SRC002 p.104 line 46; SRC002 p.104 line 48; SRC002 p.104 line 50; SRC002 p.104 line 52
VAR_0B90245993,ENT_D0F5F6FFD4,imam husayn,Imam Hussain,en,yes,SRC001 p.8 line 21; SRC001 p.9 line 7; SRC002 p.103 line 54; SRC002 p.104 line 44; SRC002 p.104 line 46; SRC002 p.104 line 48; SRC002 p.104 line 50; SRC002 p.104 line 52
VAR_A3B9344BA9,ENT_617ED13BB0,imam husayn a,Syed Imam Hussain A,en,yes,SRC001 p.22 line 17
VAR_A3AB1CE5F0,ENT_9620D3BF63,imam husayn al,Imam Hussain Sayyid al,en,yes,SRC001 p.11 line 35
VAR_5337905FE8,ENT_DCF45C9AF0,imam ja far al sadiq,Imam Ja‘far al-Sadiq,en,yes,SRC002 p.105 line 33
VAR_38C95B9E17,ENT_62587BEF0D,imam jafar sadiq,Imam Jafar Sadiq,en,yes,SRC002 p.105 line 40; SRC002 p.105 line 43; SRC002 p.105 line 45; SRC002 p.105 line 47; SRC002 p.105 line 49; SRC002 p.105 line 51; SRC002 p.105 line 53; SRC002 p.105 line 55
VAR_9E4D847C1E,ENT_920665F06B,imam jafar sadiq a,Syed Imam Jafar Sadiq A,en,yes,SRC001 p.22 line 16
VAR_CB3698AA96,ENT_17FF69B0D2,imam muhammad al,Imam Muhammad al,en,yes,SRC001 p.11 line 40; SRC002 p.105 line 6; SRC002 p.106 line 34; SRC002 p.6 line 23; SRC002 p.6 line 27; SRC002 p.94 line 15; SRC002 p.94 line 16
VAR_547A9D7D52,ENT_DBB176462B,imam muhammad al baqir,Imam Muhammad al-Baqir,en,yes,SRC002 p.105 line 6
VAR_AE5F610BBF,ENT_688AD719B3,imam muhammad al taqi al jawad,Imam Muhammad al-Taqi al-Jawad,en,yes,SRC002 p.106 line 34
VAR_F30E58E95B,ENT_6737897D35,imam muhammad baqir,Imam Muhammad Baqir,en,yes,SRC002 p.105 line 30; SRC002 p.105 line 33; SRC002 p.105 line 35; SRC002 p.105 line 37; SRC002 p.105 line 39; SRC002 p.105 line 40; SRC002 p.87 line 16; SRC002 p.87 line 40
VAR_A2C1977824,ENT_63366E8CD5,imam muhammad baqir a,Syed Imam Muhammad Baqir A,en,yes,SRC001 p.22 line 16
VAR_E157FC5DB9,ENT_9F603D7A70,imam muhammad taqi,Imam Muhammad Taqi,en,yes,SRC002 p.87 line 15; SRC002 p.87 line 36; SRC002 p.87 line 37; SRC002 p.87 lines 6-18
VAR_6FEDDDE6E7,ENT_DAAB27FDCA,imam muhammad taqi al,Imam Muhammad Taqi al,en,yes,SRC002 p.106 line 41; SRC002 p.106 line 49
VAR_E9451E96A5,ENT_7DD624535B,imam muhammad taqi al jawad,Imam Muhammad Taqi al- Jawad,en,yes,SRC002 p.106 line 41; SRC002 p.106 line 44; SRC002 p.106 line 46; SRC002 p.106 line 48; SRC002 p.106 line 49
VAR_111E3F34F3,ENT_7DD624535B,imam muhammad taqi al jawad,Imam Muhammad Taqi al-Jawad,en,no,SRC002 p.106 line 41; SRC002 p.106 line 44; SRC002 p.106 line 46; SRC002 p.106 line 48; SRC002 p.106 line 49
VAR_97E28986A2,ENT_20DDA41E76,imam muhammad taqi al jawad a,Syed Imam Muhammad Taqi Al-Jawad A,en,yes,SRC001 p.22 line 15
VAR_A97B69E160,ENT_972F69F5B9,imam musa,Imam Musa,en,yes,SRC001 p.11 line 37; SRC002 p.107 line 25
VAR_ADF727AB93,ENT_9B70EF1765,imam musa al,Imam Musa al,en,yes,SRC002 p.105 line 43; SRC002 p.6 line 25; SRC002 p.63 line 19; SRC002 p.94 line 15
VAR_6FDF717D13,ENT_7B57102DEA,imam musa al kazim,Imam Musa al-Kazim,en,yes,SRC002 p.105 line 43
VAR_54B40C7351,ENT_50243DF89C,imam musa kazim,Imam Musa Kazim,en,yes,SRC002 p.106 line 10; SRC002 p.106 line 12; SRC002 p.106 line 14; SRC002 p.106 line 16; SRC002 p.106 line 18; SRC002 p.106 line 20; SRC002 p.106 line 22; SRC002 p.106 line 24
VAR_340EC2EF23,ENT_0937382708,imam of the ahl al,Imam of the Ahl al,en,yes,SRC002 p.6 line 10
VAR_36D17C41EB,ENT_3A15199B82,imam zain,Imam Zain,en,yes,SRC002 p.105 line 3; SRC002 p.105 line 30; SRC002 p.105 line 41; SRC002 p.87 line 16; SRC002 p.94 line 14; SRC002 p.95 line 21
VAR_4B54E59E4F,ENT_D580203D73,imam zain ul abideen a,Syed Imam Zain-ul-Abideen A,en,yes,SRC001 p.22 line 17
VAR_83E37E4268,ENT_174A3B739A,imam zainulabideen,Imam Zain ul Abideen,en,yes,SRC002 p.105 line 10; SRC002 p.105 line 12; SRC002 p.105 line 14; SRC002 p.105 line 16; SRC002 p.105 line 18; SRC002 p.105 line 20; SRC002 p.105 line 22; SRC002 p.105 line 3
VAR_E4E0F9F842,ENT_7BB718E9D6,imam zayd,Imam Zayd,en,yes,SRC002 p.105 line 8
VAR_A8CE76AD9A,ENT_A624F55980,iqtad,Iqtad,en,yes,SRC002 p.100 line 15
VAR_5CA8916C1E,ENT_E147612F29,iqtad title liyamah,Iqtad (title: Liyamah),en,yes,SRC002 p.100 line 14
VAR_4A35809D34,ENT_F5F217B3B5,irfan ali,Syed Irfan Ali,en,yes,SRC002 p.114 line 8; SRC002 p.92 line 14
VAR_8F220D3938,ENT_A765A25E4A,irfan ali naqvi,Syed Irfan Ali Naqvi,en,yes,SRC002 p.46 line 9
VAR_C7924B5022,ENT_98E5BD2909,irfan ali naqvi bukhari,Syed Irfan Ali Naqvi Bukhari,en,yes,SRC002 p.46 line 30; SRC002 p.48 line 6
VAR_AAF0AE9D8D,ENT_D68ADED6E6,ishaq,Ishaq,en,no,SRC002 p.105 line 51; SRC002 p.106 line 26; SRC002 p.107 line 23
VAR_84E1358FFD,ENT_D68ADED6E6,ishaq,Syed Ishaq,en,yes,SRC002 p.105 line 51; SRC002 p.106 line 26; SRC002 p.107 line 23
VAR_F725D60F24,ENT_0794A5C7E4,ismael,Syed Ismael,en,yes,SRC002 p.108 line 36
VAR_3A3AC2B8D3,ENT_E81D510ED7,ismael naqvi,Syed Ismael Naqvi,en,yes,SRC002 p.107 line 43
VAR_615F733114,ENT_E327C9FB8E,ismail,Ismail,en,no,SRC002 p.105 line 45; SRC002 p.106 line 18; SRC002 p.107 line 22; SRC002 p.99 line 23; SRC002 p.99 line 24
VAR_6CCB5671C6,ENT_E327C9FB8E,ismail,Syed Ismail,en,yes,SRC002 p.105 line 45; SRC002 p.106 line 18; SRC002 p.107 line 22; SRC002 p.99 line 23; SRC002 p.99 line 24
VAR_76CE3ED06B,ENT_51137A86E8,iyad,Iyad,en,yes,SRC002 p.100 line 38; SRC002 p.101 line 4
VAR_0D11C0F995,ENT_33B38EBE53,ja far,Ja‘far,en,yes,SRC002 p.104 line 12; SRC002 p.104 line 30; SRC002 p.106 line 20; SRC002 p.106 line 54
VAR_6D681793AA,ENT_DDA9986615,ja far a s,Ja‘far A.S,en,yes,SRC002 p.104 line 52
VAR_0751C19589,ENT_2C3E0A731E,jafar,Syed Jafar,en,yes,SRC002 p.108 line 28; SRC002 p.87 line 28; SRC002 p.87 line 29; SRC002 p.87 lines 6-18
VAR_C76AF5BA12,ENT_7CC7E033F4,jafar abu turab,Syed Jafar Abu Turab,en,yes,SRC002 p.109 line 20; SRC002 p.109 line 30; SRC002 p.109 line 33; SRC002 p.109 line 35; SRC002 p.109 line 37
VAR_763BB251AD,ENT_FBA975C5E7,jafar abu turab bin muhammad abul fatah bin,Syed Jafar Abu Turab bin Syed Muhammad Abul Fatah bin,en,yes,SRC002 p.109 line 30
VAR_E94BB8C993,ENT_1335B0DF51,jafar ibn muhammad bukhari ibn mahmood ibn,Syed Jafar ibn Syed Muhammad Bukhari ibn Syed Mahmood ibn Syed,en,yes,SRC002 p.87 line 13
VAR_304AEFFDD2,ENT_7D0565085C,jafar naqvi,Syed Jafar Naqvi,en,yes,SRC002 p.107 line 39
VAR_55CC26FA29,ENT_F78575271C,jafar naqvi bukhari,Syed Jafar Naqvi Bukhari,en,yes,SRC002 p.109 line 48; SRC002 p.111 line 24
VAR_9925765A65,ENT_B0824AFB4E,jafar r,Syed Jafar R,en,yes,SRC001 p.22 line 12
VAR_58DC9EA895,ENT_D09CF34D44,jafar sani,Syed Jafar Sani,en,yes,SRC002 p.107 line 10; SRC002 p.107 line 12; SRC002 p.107 line 14; SRC002 p.107 line 16; SRC002 p.107 line 18; SRC002 p.107 line 20; SRC002 p.107 line 22; SRC002 p.107 line 3
VAR_AB2B21CA43,ENT_F5D981D781,jafar sani bin imam ali naqi al,Syed Jafar Sani bin Imam Ali Naqi al,en,yes,SRC002 p.107 line 3
VAR_86F5CABA14,ENT_3F17702B2A,jafar sani bin imam ali naqi al hadi a,Syed Jafar Sani bin Syed Imam Ali Naqi Al-Hadi A,en,yes,SRC001 p.22 line 14
VAR_C462D6A2C8,ENT_8495C6B0D5,jahangir,Syed Jahangir,en,yes,SRC002 p.95 line 21
VAR_2AF525DBA8,ENT_F900F392FC,jahangir shah,Syed Jahangir Shah,en,yes,SRC002 p.11 line 20; SRC002 p.111 line 47; SRC002 p.111 line 49; SRC002 p.111 line 52; SRC002 p.111 line 54; SRC002 p.111 line 56; SRC002 p.87 line 11; SRC002 p.87 line 12
VAR_1FF3725DDB,ENT_BF47FF16E4,jahangir shah bin yar shah haider bin shah,Syed Jahangir Shah bin Syed Yar Shah Haider bin Syed Shah,en,yes,SRC002 p.111 line 49
VAR_0B896943B4,ENT_CA344138B1,jalal,Hazrat Jalal,en,yes,SRC002 p.7 line 19; SRC002 p.87 line 10; SRC002 p.87 line 11; SRC002 p.87 line 12; SRC002 p.87 line 9
VAR_548AFA9A2E,ENT_CA344138B1,jalal,Syed Jalal,en,no,SRC002 p.7 line 19; SRC002 p.87 line 10; SRC002 p.87 line 11; SRC002 p.87 line 12; SRC002 p.87 line 9
VAR_6DDD8609BC,ENT_9CD1AC6D34,jalal al,Hazrat Syed Jalal al,en,yes,SRC002 p.12 line 11; SRC002 p.3 line 22; SRC002 p.3 line 24; SRC002 p.6 line 12; SRC002 p.7 line 10; SRC002 p.7 line 13; SRC002 p.7 line 17; SRC002 p.7 line 6
VAR_9F6D70626B,ENT_9CD1AC6D34,jalal al,Sayyid Jalal al,en,no,SRC002 p.12 line 11; SRC002 p.3 line 22; SRC002 p.3 line 24; SRC002 p.6 line 12; SRC002 p.7 line 10; SRC002 p.7 line 13; SRC002 p.7 line 17; SRC002 p.7 line 6
VAR_A1916DA7D5,ENT_9CD1AC6D34,jalal al,Syed Jalal al,en,no,SRC002 p.12 line 11; SRC002 p.3 line 22; SRC002 p.3 line 24; SRC002 p.6 line 12; SRC002 p.7 line 10; SRC002 p.7 line 13; SRC002 p.7 line 17; SRC002 p.7 line 6
VAR_B8AE54C489,ENT_C45DDF5A04,jalal uddin din,Syed Jalal ud Din,en,yes,SRC002 p.87 line 20; SRC002 p.87 line 21; SRC002 p.87 lines 6-18
VAR_73D950DD86,ENT_F84CE08476,jalal uddin din haider,Syed Jalal ud Din Haider,en,yes,SRC002 p.87 line 16; SRC002 p.87 line 17; SRC002 p.87 lines 6-18
VAR_767F7890F3,ENT_7CF5F82F66,jalal uddin din husayn makhdoom jahanian jahan gasht,Syed Jalal ud Din Hussain (Makhdoom Jahanian Jahan Gasht),en,yes,SRC002 p.87 line 23; SRC002 p.87 line 24; SRC002 p.87 lines 6-18
VAR_7B4D0D9FDD,ENT_F4F0A7C060,jalal uddin din surkh posh bukhari,Syed Jalal ud Din Surkh Posh Bukhari,en,yes,SRC002 p.87 line 25; SRC002 p.87 line 26; SRC002 p.87 lines 6-18
VAR_B5B533D531,ENT_7A1089C9FA,jalaluddin,Hazrat Syed Jalaluddin,en,yes,SRC001 p.24 line 23; SRC001 p.34 line 29; SRC002 p.95 line 19
VAR_BB1B027D41,ENT_7A1089C9FA,jalaluddin,Syed Jalaluddin,en,no,SRC001 p.24 line 23; SRC001 p.34 line 29; SRC002 p.95 line 19
VAR_06FFB4C23D,ENT_2656F1CEE9,jalaluddin bukhari,Syed Jalaluddin Bukhari,en,yes,SRC001 p.25 line 12; SRC002 p.110 line 38; SRC002 p.110 line 41; SRC002 p.110 line 43; SRC002 p.110 line 45; SRC002 p.110 line 47; SRC002 p.110 line 49
VAR_F1C840592F,ENT_E1212D715A,jalaluddin bukhari bin ilmuddin bukhari bin,Syed Jalaluddin Bukhari bin Syed Ilmuddin Bukhari bin,en,yes,SRC002 p.110 line 38
VAR_2ED8C64306,ENT_30AEE66598,jalaluddin haider,Hazrat Syed Jalaluddin Haider,en,yes,SRC001 p.32 line 5; SRC001 p.33 line 26; SRC001 p.5 line 33; SRC002 p.95 line 20
VAR_4F391EF801,ENT_30AEE66598,jalaluddin haider,Syed Jalaluddin Haider,en,no,SRC001 p.32 line 5; SRC001 p.33 line 26; SRC001 p.5 line 33; SRC002 p.95 line 20
VAR_53B44B3B09,ENT_2DE776DCFF,jalaluddin haider lahori,Hazrat Syed Jalaluddin Haider Lahori,en,yes,SRC002 p.111 line 13; SRC002 p.111 line 16; SRC002 p.111 line 18; SRC002 p.111 line 20; SRC002 p.111 line 22; SRC002 p.111 line 24; SRC002 p.111 line 26; SRC002 p.111 line 7
VAR_50C0237F88,ENT_2DE776DCFF,jalaluddin haider lahori,Syed Jalaluddin Haider Lahori,en,no,SRC002 p.111 line 13; SRC002 p.111 line 16; SRC002 p.111 line 18; SRC002 p.111 line 20; SRC002 p.111 line 22; SRC002 p.111 line 24; SRC002 p.111 line 26; SRC002 p.111 line 7
VAR_4710230006,ENT_459828D53E,jalaluddin haider makhdoom jalaluddin surkh posh,Syed Jalaluddin Haider Makhdoom Syed Jalaluddin Surkh Posh,en,yes,SRC001 p.22 line 11
VAR_DEE1B34446,ENT_BA44E5E373,jalaluddin haider naqvi bukhari,Hazrat Syed Jalaluddin Haider Naqvi Bukhari,en,yes,SRC001 p.3 line 28
VAR_F2A513C929,ENT_CA90B726B6,jalaluddin haider suhrawardi,Syed Jalaluddin Haider Suhrawardi,en,yes,SRC001 p.22 line 7
VAR_22A04E07FB,ENT_FFC5281719,jalaluddin haider surkh posh,Hazrat Syed Jalaluddin Haider Surkh Posh,en,yes,SRC001 p.4 line 27
VAR_D09C298DAF,ENT_130352E455,jalaluddin haider surkh posh bukhari,Hazrat Syed Jalaluddin Haider Surkh Posh Bukhari,en,yes,SRC001 p.31 line 31; SRC001 p.7 line 27
VAR_B4AED6DEA3,ENT_3E6011D9B2,jalaluddin haider surkh posh bukhari naqvi r,Syed Jalaluddin Haider Surkh-Posh Bukhari Naqvi R,en,yes,SRC001 p.21 line 15
VAR_F1AD370712,ENT_F793DF6720,jalaluddin haider surkh posh naqvi bukhari,Hazrat Syed Jalaluddin Haider Surkh Posh Naqvi Bukhari,en,yes,SRC001 p.4 line 15
VAR_DB5AA001FE,ENT_0FAF0B2980,jalaluddin husayn,Hazrat Syed Jalaluddin Hussain,en,yes,SRC001 p.31 line 32; SRC002 p.95 line 18
VAR_5BBF0D7A50,ENT_0FAF0B2980,jalaluddin husayn,Syed Jalaluddin Hussain,en,no,SRC001 p.31 line 32; SRC002 p.95 line 18
VAR_19B13AC64C,ENT_46B328B8D3,jalaluddin husayn jahaniyan,Syed Jalaluddin Hussain Jahaniyan,en,yes,SRC002 p.110 line 12; SRC002 p.110 line 14; SRC002 p.110 line 16; SRC002 p.110 line 18; SRC002 p.110 line 28; SRC002 p.110 line 9
VAR_F218FA58A3,ENT_EAAB14D817,jalaluddin husayn jahaniyan jahan gasht naqvi bukhari,Syed Jalaluddin Hussain Jahaniyan Jahan Gasht Naqvi Albukhari,en,yes,SRC002 p.110 line 6
VAR_6F702EA3AD,ENT_6F2DD19AC8,jalaluddin husayn makhdoom jahaniyan jahangasht r,Syed Jalaluddin Hussain Makhdoom Jahaniyan Jahangasht R,en,yes,SRC001 p.22 line 10
VAR_C305F368B5,ENT_8342860991,jalaluddin naqvi bukhari,Syed Jalaluddin Naqvi Bukhari,en,yes,SRC002 p.110 line 32
VAR_30B2718926,ENT_6AA1AAC2B4,jalaluddin surkh posh bukhari,Hazrat Syed Jalaluddin Surkh Posh Bukhari,en,yes,SRC001 p.24 line 6; SRC001 p.25 line 7; SRC002 p.109 line 56; SRC002 p.110 line 10; SRC002 p.83 line 29; SRC002 p.83 line 3; SRC002 p.94 line 21; SRC002 p.94 line 23
VAR_71D94D714C,ENT_6AA1AAC2B4,jalaluddin surkh posh bukhari,Syed Jalaluddin Surkh Posh Bukhari,en,no,SRC001 p.24 line 6; SRC001 p.25 line 7; SRC002 p.109 line 56; SRC002 p.110 line 10; SRC002 p.83 line 29; SRC002 p.83 line 3; SRC002 p.94 line 21; SRC002 p.94 line 23
VAR_D2B2ED585A,ENT_F74B6EC2D7,jalaluddin surkh posh bukhari r,Hazrat Syed Jalaluddin Surkh Posh Bukhari R,en,yes,SRC001 p.33 line 8
VAR_D16DA1A9E5,ENT_48D7B849BF,jalaluddin surkh posh naqvi al bukhari,Hazrat Syed Jalaluddin Surkh Posh Naqvi Al-Bukhari,en,yes,SRC001 p.22 line 28
VAR_0D70185C6C,ENT_9EB6E15E34,jalaludin haider,Hazrat Syed Jalaludin Haider,en,yes,SRC001 p.10 line 11
VAR_981AADCC64,ENT_DA6B0DB588,jalaludin haider surhwardi lahori,Syed Jalaludin Haider Surhwardi Lahori,en,yes,SRC002 p.98 line 18
VAR_845C7F193B,ENT_DA3DD5C265,jam,Jam,en,yes,SRC002 p.99 line 34
VAR_C32EA187E2,ENT_1653162D5D,jam title alqam,Jam (title: ‘Alqam),en,yes,SRC002 p.99 line 33
VAR_11D7928922,ENT_37251D7922,jamaluddin naqvi bukhari,Syed Jamaluddin Naqvi Bukhari,en,yes,SRC002 p.110 line 30
VAR_2C3BE3B14E,ENT_420D972351,jared,Jared,en,yes,SRC002 p.99 line 8; SRC002 p.99 line 9
VAR_DDBBFDFDC5,ENT_2B75DB7AB0,javed ali,Syed Javed Ali,en,yes,SRC002 p.42 line 19; SRC002 p.45 line 21; SRC002 p.89 line 35; SRC002 p.92 line 19
VAR_4ED9FE711A,ENT_F5AC7AA481,javed ali branch,Syed Javed Ali Branch,en,yes,SRC002 p.92 line 18
VAR_DFD84C71F4,ENT_04111380C4,jawed ali,Syed Jawed Ali,en,yes,SRC002 p.113 line 42; SRC002 p.114 line 12; SRC002 p.114 line 14; SRC002 p.114 line 16; SRC002 p.114 line 18
VAR_379053F1B5,ENT_61DB424301,jawed ali bin mohabbat ali bin nafees ali,Syed Jawed Ali bin Syed Muhabbat Ali bin Syed Nafees Ali,en,yes,SRC002 p.114 line 12
VAR_71FCE35CC2,ENT_83D7DF8C52,jawn qureshi,Jawn Qureshi,en,yes,SRC002 p.101 line 59
VAR_AB6E158532,ENT_545474A6A6,ka ab,Ka‘ab,en,yes,SRC002 p.102 line 25; SRC002 p.102 line 27; SRC002 p.102 line 29; SRC002 p.102 line 31; SRC002 p.102 line 32
VAR_72BB972A9F,ENT_DFF5D574A6,ka b,Ka‘b,en,yes,SRC002 p.102 line 10
VAR_A0524D036F,ENT_E40A097220,kabeer,Syed Kabeer,en,yes,SRC002 p.109 line 22
VAR_A843A5241E,ENT_16E4D0C954,kabeer shah,Syed Kabeer Shah,en,yes,SRC002 p.111 line 45; SRC002 p.112 line 12; SRC002 p.112 line 14; SRC002 p.112 line 16; SRC002 p.112 line 18; SRC002 p.112 line 20; SRC002 p.112 line 22; SRC002 p.112 line 7
VAR_B1BBBA5C35,ENT_41A09EE332,kabeer shah bin sharafuddin shah bin,Syed Kabeer Shah bin Syed Sharfuddin Shah bin Syed,en,yes,SRC002 p.112 line 9
VAR_AD859105FD,ENT_0CBB25C1D9,kabeer shah r,Syed Kabeer Shah R,en,yes,SRC001 p.22 line 5
VAR_E3EC69882B,ENT_0BBC5D8FB1,kabir shah,Syed Kabir Shah,en,yes,SRC002 p.11 line 17; SRC002 p.87 line 8; SRC002 p.87 line 9; SRC002 p.87 lines 6-18; SRC002 p.95 line 22
VAR_45DA69A642,ENT_1E8C4ED655,kalbe sadiq,Dr. Kalbe Sadiq,en,yes,SRC002 p.63 line 22
VAR_50A20D7AEF,ENT_A89226B49C,kamaludin abu muhamad bukhari,Syed Kamaludin Abu Muhamad Bukhari,en,yes,SRC002 p.110 line 34
VAR_EAF5D3F98A,ENT_E650B13E41,karam ali shah,Syed Karam Ali Shah,en,yes,SRC001 p.25 line 18
VAR_6E35A7485D,ENT_9176253DFC,kenan,Kenan,en,yes,SRC002 p.99 line 6; SRC002 p.99 line 7
VAR_3F284CB434,ENT_92510C0FBA,khadim ul fuqara,Hazrat Khadim-ul-Fuqara,en,yes,SRC001 p.33 line 5
VAR_61F32A7059,ENT_624D986E16,khalil ahmad,Syed Khalil Ahmad,en,yes,SRC001 p.23 line 32
VAR_B9E6B98EF2,ENT_EE4A6C1965,khuzayma,Khuzayma,en,yes,SRC002 p.101 line 19; SRC002 p.101 line 22; SRC002 p.101 line 24; SRC002 p.101 line 26; SRC002 p.101 line 28; SRC002 p.101 line 30; SRC002 p.101 line 31
VAR_81F1D87D80,ENT_2D8D941739,khuzaymah,Khuzaymah,en,yes,SRC002 p.102 line 22
VAR_DD3AD988A1,ENT_81D211101E,ki,Ki,en,yes,SRC002 p.100 line 9
VAR_EE4C1FE23F,ENT_B0C262DF0D,ki shaibi title lajamhar,Ki (Shaibi) (title: Lajamhar),en,yes,SRC002 p.100 line 8
VAR_D7E25EB9AF,ENT_2A29B4B70D,kilab,Kilab,en,yes,SRC002 p.102 line 34; SRC002 p.102 line 39; SRC002 p.102 line 41; SRC002 p.102 line 43; SRC002 p.102 line 44
VAR_9FE49956F1,ENT_BBB098AB6F,kinana,Kinana,en,yes,SRC002 p.101 line 24; SRC002 p.101 line 31; SRC002 p.101 line 33; SRC002 p.101 line 35; SRC002 p.101 line 37; SRC002 p.101 line 39; SRC002 p.101 line 40
VAR_252B0D378D,ENT_4BAF025D64,lamech,Lamech,en,yes,SRC002 p.99 line 11; SRC002 p.99 line 12
VAR_AD55B264F3,ENT_040AF24305,lineage,Sayyid Lineage,en,yes,SRC002 p.117 line 23
VAR_1E283EE61E,ENT_083CA1C019,lu ayy,Lu’ayy,en,yes,SRC002 p.102 line 10; SRC002 p.102 line 12; SRC002 p.102 line 14; SRC002 p.102 line 16; SRC002 p.102 line 18; SRC002 p.102 line 20; SRC002 p.102 line 22; SRC002 p.102 line 24
VAR_C11258396E,ENT_AFB0F81925,ma ad,Ma‘ad,en,yes,SRC002 p.100 line 27; SRC002 p.100 line 30; SRC002 p.100 line 32; SRC002 p.100 line 34; SRC002 p.100 line 36; SRC002 p.100 line 38; SRC002 p.100 line 39
VAR_B7F312BEEE,ENT_2ED1BF7F67,madi,Madi,en,yes,SRC002 p.99 line 32
VAR_7A31D1BF95,ENT_3047943CA9,madi title al zarb halim al nar,Madi (title: al-Zarb Halim al-Nar),en,yes,SRC002 p.99 line 31
VAR_01506ABD94,ENT_E1E143C341,mahab ali,Syed Mahab Ali,en,yes,SRC002 p.113 line 28
VAR_B79EFABF18,ENT_93DD6DF5CA,mahalalel,Mahalalel,en,yes,SRC002 p.99 line 7; SRC002 p.99 line 8
VAR_C96173AB2E,ENT_62203E42CE,mahmood,Sayyid Mahmud,en,yes,SRC002 p.108 line 35; SRC002 p.109 line 24; SRC002 p.7 line 12; SRC002 p.87 line 30; SRC002 p.87 line 31; SRC002 p.87 lines 6-18
VAR_CADE1FCEE2,ENT_62203E42CE,mahmood,Syed Mahmood,en,no,SRC002 p.108 line 35; SRC002 p.109 line 24; SRC002 p.7 line 12; SRC002 p.87 line 30; SRC002 p.87 line 31; SRC002 p.87 lines 6-18
VAR_E5C0200BC4,ENT_62203E42CE,mahmood,Syed Mehmood,en,no,SRC002 p.108 line 35; SRC002 p.109 line 24; SRC002 p.7 line 12; SRC002 p.87 line 30; SRC002 p.87 line 31; SRC002 p.87 lines 6-18
VAR_F08D0CE214,ENT_DEBCD67347,mahmood asghar bukhari,Syed Mehmood Asghar Bukhari,en,yes,SRC002 p.108 line 20; SRC002 p.109 line 11; SRC002 p.109 line 13; SRC002 p.109 line 15; SRC002 p.109 line 17; SRC002 p.109 line 31; SRC002 p.109 line 4; SRC002 p.109 line 7
VAR_82301A9BB2,ENT_1EF6DD6D30,mahmood asghar bukhari bin abu yusuf ahmed,Syed Mehmood Asghar Bukhari bin Syed Abu Yusuf Ahmed,en,yes,SRC002 p.109 line 4
VAR_29257C0D25,ENT_E7F0186B42,mahmood badewani,Syed Mehmood Badewani,en,yes,SRC002 p.108 line 44
VAR_83743DFC5C,ENT_14254142E5,mahmood nar,Syed Mahmood Nar,en,yes,SRC002 p.95 line 18
VAR_309E7612B5,ENT_9576BA1406,mahmood nar nasir,Syed Mahmood Nar Nasir,en,yes,SRC002 p.87 line 10
VAR_AE193A0F36,ENT_805277F46A,mahmood nar nasir uddin din,Syed Mahmood Nar Nasir ud Din,en,yes,SRC002 p.87 line 22; SRC002 p.87 line 23; SRC002 p.87 lines 6-18
VAR_C6AD947CC1,ENT_574AC3548B,mahmood r,Syed Mehmood R,en,yes,SRC001 p.22 line 13; SRC001 p.22 line 9
VAR_84FC0ECFC0,ENT_D76423E33F,majid ali,Syed Majid Ali,en,yes,SRC002 p.47 line 30; SRC002 p.90 line 10; SRC002 p.91 line 6
VAR_F522BCD531,ENT_0E5F9724D2,majid ali branch,Syed Majid Ali Branch,en,yes,SRC002 p.91 line 5
VAR_F579ABB38F,ENT_F2FE37C202,majid ali naqvi,Syed Majid Ali Naqvi,en,yes,SRC002 p.113 line 50; SRC002 p.114 line 40; SRC002 p.114 line 43; SRC002 p.114 line 45; SRC002 p.114 line 47; SRC002 p.46 line 38
VAR_71C9804BC7,ENT_3798952384,majid ali naqvi bin umeed ali bin,Syed Majid Ali Naqvi bin Syed Umeed Ali bin Syed,en,yes,SRC002 p.114 line 40
VAR_8FE978D622,ENT_45D9918D14,makhdoom hamid muhammad naubahar khamis also,Makhdoom Hamid Muhammad Naubahar Khamis Also,en,yes,SRC001 p.5 line 31
VAR_30DBF3894F,ENT_11E102C193,makhdoom hamid nobahar,Makhdoom Hamid Nobahar,en,no,SRC001 p.22 line 30; SRC001 p.33 line 5
VAR_2490E97560,ENT_11E102C193,makhdoom hamid nobahar,Makhdoom Syed Hamid Nobahar,en,yes,SRC001 p.22 line 30; SRC001 p.33 line 5
VAR_4734527B66,ENT_4C4A0FBE25,makhdoom jahanian jahan gasht,Makhdoom Jahanian Jahan Gasht,en,yes,SRC002 p.87 line 11; SRC002 p.95 line 18
VAR_DE9135B91F,ENT_41581D1F84,makhdoom jahaniyan,Makhdoom Jahaniyan,en,yes,
VAR_0DAAE4D226,ENT_D69779205F,makhdoom nasir al,Hazrat Makhdoom Syed Nasir al,en,yes,SRC001 p.25 line 22
VAR_E08964C28B,ENT_72E40245EB,makhdoom sultan jahaniya naqvi bukhari,Makhdoom Syed Sultan Jahaniya Naqvi Bukhari,en,yes,SRC001 p.33 line 6
VAR_66AF66CF91,ENT_7ECF95AFBC,makhdoom sultan jahaniyan bukhari,Makhdoom Syed Sultan Jahaniyan Bukhari,en,yes,SRC001 p.22 line 31
VAR_8F3A5FA0D4,ENT_23A59210AC,makhdoom sultan jahaniyan naqvi bukhari sajjada nashin darbar e aaliya,Makhdoom Syed Sultan Jahaniyan Naqvi Bukhari Sajjada Nashin Darbar-e-Aaliya,en,yes,SRC001 p.5 line 32
VAR_6F5B3136BD,ENT_CCE43E73E2,makhdum hamid muhammad nau bahar khamis,Makhdum Hamid Muhammad Nau Bahar Khamis,en,yes,SRC002 p.79 line 3
VAR_8CBC4437DF,ENT_8FAA8FA7BD,makhdum jahaniyan,Makhdum Jahaniyan,en,yes,SRC001 p.25 line 10; SRC001 p.25 line 11; SRC002 p.3 line 24
VAR_D3A37DDCE2,ENT_0BD15C96C5,makhdum of uch sharif,Makhdum of Uch Sharif,en,yes,SRC002 p.115 line 37
VAR_EDC74DDBE1,ENT_F8A84DD66D,makhdum sultan jahaniyan naqvi bukhari,Makhdum Syed Sultan Jahaniyan Naqvi Bukhari,en,yes,
VAR_0AF17B87DE,ENT_5E647D0E7A,mali shah,Syed Mali Shah,en,yes,SRC002 p.111 line 54
VAR_2D231FCD6E,ENT_0344526560,malik,Malik,en,yes,SRC002 p.101 line 35; SRC002 p.101 line 42; SRC002 p.101 line 43; SRC002 p.101 line 45; SRC002 p.101 line 46
VAR_CE1BDE139B,ENT_A2F92B7C58,manzoor ali,Syed Manzoor Ali,en,yes,SRC002 p.44 line 4
VAR_098521DAF9,ENT_AB9712F718,maqsari,Maqsari,en,yes,SRC002 p.100 line 12; SRC002 p.100 line 13
VAR_BE1B48AC3C,ENT_3D80A4A34F,maqsari maqas,Maqsari (Maqas),en,yes,SRC002 p.100 line 11
VAR_D9B7AE96D8,ENT_07AFC8B76A,maqsari title hasan zamal,"Maqsari (title: Hasan, Zamal)",en,yes,SRC002 p.100 line 12
VAR_95F20EB1CA,ENT_54886DA004,maqsood,Syed Maqsood,en,yes,SRC001 p.23 line 15
VAR_E4208A1A76,ENT_AE3E558290,maqsood naqvi,Syed Maqsood Naqvi,en,yes,SRC001 p.23 line 16; SRC001 p.33 line 19
VAR_B0BBE80D38,ENT_BB21C43ACB,mazri,Mazri,en,yes,SRC002 p.100 line 8
VAR_DA2D390CE1,ENT_A4550D26CA,mazri barmuz,Mazri (Barmuz),en,yes,SRC002 p.100 line 7
VAR_26C80CA702,ENT_F5B15C9C63,methuselah,Methuselah,en,yes,SRC002 p.99 line 10; SRC002 p.99 line 11
VAR_AC77855C02,ENT_26BB95E062,milkan,Milkan,en,yes,SRC002 p.101 line 39
VAR_AB5CC0ECDB,ENT_A9B2F85B1D,miran muhammad shah naqvi,Syed Miran Muhammad Shah Naqvi,en,yes,SRC002 p.110 line 56
VAR_7A4C7D8330,ENT_1CB6D6B425,mohabbat,Syed Muhabbat,en,yes,SRC002 p.98 line 14
VAR_282204B0AD,ENT_12BBDDD5BD,mohabbat ali,Sayyid Mohabbat Ali,en,yes,SRC001 p.14 line 30; SRC001 p.16 line 16; SRC001 p.17 line 27; SRC002 p.112 line 57; SRC002 p.113 line 30; SRC002 p.113 line 32; SRC002 p.113 line 34; SRC002 p.113 line 36
VAR_E7D7C4F247,ENT_12BBDDD5BD,mohabbat ali,Syed Mohabbat Ali,en,no,SRC001 p.14 line 30; SRC001 p.16 line 16; SRC001 p.17 line 27; SRC002 p.112 line 57; SRC002 p.113 line 30; SRC002 p.113 line 32; SRC002 p.113 line 34; SRC002 p.113 line 36
VAR_A1F2E7EA50,ENT_12BBDDD5BD,mohabbat ali,Syed Muhabbat Ali,en,no,SRC001 p.14 line 30; SRC001 p.16 line 16; SRC001 p.17 line 27; SRC002 p.112 line 57; SRC002 p.113 line 30; SRC002 p.113 line 32; SRC002 p.113 line 34; SRC002 p.113 line 36
VAR_2DAE9A9C52,ENT_BFF7E16D18,mohabbat ali bin nafees ali bin ashiq ali,Syed Muhabbat Ali bin Syed Nafees Ali bin Syed Ashiq Ali,en,yes,SRC002 p.113 line 30
VAR_ECC8C789A3,ENT_4E907A18BE,mohabbat ali ibn nafees ali,Syed Muhabbat Ali ibn Syed Nafees Ali,en,yes,SRC002 p.89 line 4
VAR_885E5184EB,ENT_78D5C4E328,mohabbat ali s,Syed Mohabbat Ali’s,en,yes,SRC002 p.35 line 5
VAR_596850C7F5,ENT_5ED4367383,mohabbat ali shah,Sayyid Mohabbat Ali Shah,en,yes,SRC002 p.8 line 4
VAR_5A260D1F27,ENT_510671EABA,mohsin,Syed Mohsin,en,yes,SRC002 p.108 line 30
VAR_AE577213A7,ENT_AEC74E0D7F,mohsin ali,Syed Mohsin Ali,en,yes,SRC002 p.113 line 16; SRC002 p.113 line 18; SRC002 p.113 line 4; SRC002 p.49 line 21; SRC002 p.49 line 33
VAR_E7ABC5E2DE,ENT_C07D41CDB7,mohsin ali bin qamar ali bin hafeez ali,Syed Mohsin Ali bin Syed Qamar Ali bin Syed Hafeez Ali,en,yes,SRC002 p.113 line 16
VAR_A0545E6F53,ENT_B566F989F4,moula ali,Moula Ali,en,yes,SRC001 p.8 line 7
VAR_7D91914DFD,ENT_050060A262,muazzuddin,Syed Muazzuddin,en,yes,SRC002 p.109 line 9
VAR_11D467B087,ENT_9C97C87F8F,mubarak ali shah,Syed Mubarak Ali Shah,en,yes,SRC002 p.44 line 6
VAR_A29132A27E,ENT_7B4C085F89,mubashir ali,Syed Mubashir Ali,en,yes,SRC002 p.113 line 18
VAR_E6C7A835DF,ENT_5A01A8AA76,mudar,Mudar,en,yes,SRC002 p.100 line 41; SRC002 p.101 line 10; SRC002 p.101 line 5; SRC002 p.101 line 7; SRC002 p.101 line 9
VAR_011ACA6085,ENT_090F23B06B,mudrika,Mudrika,en,yes,SRC002 p.101 line 17; SRC002 p.101 line 19; SRC002 p.101 line 21; SRC002 p.101 line 22
VAR_2AAA62293A,ENT_3BDAD1CF94,mudrikah amir,Mudrikah (Amir),en,yes,SRC002 p.101 line 12
VAR_9A6BF47B03,ENT_5880BB84DA,muhammad,Hazrat Syed Muhammad,en,yes,SRC001 p.22 line 12; SRC001 p.32 line 6; SRC002 p.106 line 48; SRC002 p.107 line 16; SRC002 p.108 line 24
VAR_AFFE11352C,ENT_5880BB84DA,muhammad,Muhammad,en,no,SRC001 p.22 line 12; SRC001 p.32 line 6; SRC002 p.106 line 48; SRC002 p.107 line 16; SRC002 p.108 line 24
VAR_E8DDB9B898,ENT_5880BB84DA,muhammad,Syed Muhammad,en,no,SRC001 p.22 line 12; SRC001 p.32 line 6; SRC002 p.106 line 48; SRC002 p.107 line 16; SRC002 p.108 line 24
VAR_031B792DF9,ENT_9154172691,muhammad a s,Muhammad A.S,en,yes,SRC002 p.104 line 54
VAR_9AE038CEAF,ENT_44AD1E57FF,muhammad abu al fatah,Syed Muhammad Abu Al-Fatah,en,yes,SRC002 p.109 line 7
VAR_05791DB93A,ENT_02B60B6826,muhammad abul fatah,Syed Muhammad Abul Fatah,en,yes,SRC002 p.109 line 17; SRC002 p.109 line 20; SRC002 p.109 line 22; SRC002 p.109 line 24; SRC002 p.109 line 26; SRC002 p.109 line 28; SRC002 p.109 line 30
VAR_C4C8908FBF,ENT_6D48809D72,muhammad abul fatah bin mahmood asghar,Syed Muhammad Abul Fatah bin Syed Mehmood Asghar,en,yes,SRC002 p.109 line 17
VAR_3251174CCE,ENT_A9DA052508,muhammad akbar,Syed Muhammad Akbar,en,yes,SRC002 p.109 line 33
VAR_AE6389A676,ENT_188E233184,muhammad bukhari,Syed Muhammad Bukhari,en,yes,SRC002 p.87 line 29; SRC002 p.87 line 30; SRC002 p.87 lines 6-18; SRC002 p.94 line 20
VAR_CA041F944D,ENT_D2A487B69D,muhammad debaj,Muhammad Debaj,en,yes,SRC002 p.105 line 49
VAR_A44A11C487,ENT_40BD3D98A9,muhammad ibn al hanafiyyah,Muhammad ibn al-Hanafiyyah,en,yes,SRC002 p.104 line 24
VAR_E4F5268A48,ENT_B86854E7A7,muhammad iqbal chishti,Dr. Muhammad Iqbal Chishti,en,yes,SRC001 p.23 line 5; SRC001 p.32 line 33
VAR_ECFB3F3FA7,ENT_3B50A5364A,muhammad miran moj dariya r,Hazrat Syed Muhammad Miran Moj Dariya R,en,yes,SRC002 p.111 line 9
VAR_A7F8EA10E7,ENT_71B76337F9,muhammad miran moj dariya r a,Hazrat Syed Muhammad Miran Moj Dariya R.A,en,yes,SRC002 p.111 line 9
VAR_F0FF4AE5FA,ENT_71CAA97885,muhammad moj darya,Syed Muhammad Moj Darya,en,yes,SRC001 p.27 line 33
VAR_6C45BFEBCD,ENT_348E7B89FE,muhammad moj darya bukhari,Hazrat Syed Muhammad Moj Darya Bukhari,en,yes,SRC001 p.28 line 6
VAR_4FDF162F7D,ENT_6AE58D9146,muhammad murtaza,Syed Muhammad Murtaza,en,yes,SRC001 p.23 line 22
VAR_303CA6ED24,ENT_9919D6F9F6,muhammad naqvi,Syed Muhammad Naqvi,en,yes,SRC002 p.107 line 35
VAR_B43B2FA0F6,ENT_42597C2CE5,muhammad nizamuddin auliya,Hazrat Syed Muhammad Nizamuddin Auliya,en,yes,SRC002 p.108 line 43
VAR_394E3588B8,ENT_7B7E2B3E5F,muhammad rukunuldin bukhari,Syed Muhammad Rukunuldin Bukhari,en,yes,SRC002 p.110 line 16
VAR_FE7B0FBE20,ENT_53CB7326A0,muhammad sadiq badar alam ahmed ali naqvi al bukhari,Syed Muhammad Sadiq Badar Alam Ahmed Ali Naqvi Al-Bukhari,en,yes,SRC001 p.23 line 30
VAR_C3FFA802D8,ENT_6507F011DF,muhammad shah naqvi al jalali al bukhari,Syed Muhammad Shah Naqvi Al-Jalali Al-Bukhari,en,yes,SRC001 p.27 line 29
VAR_38FAF5C31E,ENT_793FBE137F,muharib qureshi,Muharib Qureshi,en,yes,SRC002 p.101 line 51
VAR_3526236943,ENT_60120C5B2B,muhsin,Muhsin,en,yes,SRC002 p.103 line 56; SRC002 p.104 line 22
VAR_93318B7B6B,ENT_3F4ABE54A2,munawwar naqvi,Syed Munawwar Naqvi,en,yes,SRC002 p.110 line 45
VAR_EAC1CF5BCB,ENT_D33EF06798,muqawwim,Muqawwim,en,yes,SRC002 p.103 line 31
VAR_651083A050,ENT_FF0A324CB2,murrah,Murrah,en,yes,SRC002 p.102 line 27; SRC002 p.102 line 32; SRC002 p.102 line 34; SRC002 p.102 line 36; SRC002 p.102 line 38; SRC002 p.102 line 39
VAR_DF37DE38B8,ENT_176340DDF7,murtaza ahmad,Syed Murtaza Ahmad,en,yes,SRC001 p.25 line 26
VAR_8CFE3AAD03,ENT_C50C4E0F7F,musa,Musa,en,no,SRC002 p.106 line 36; SRC002 p.106 line 46
VAR_B0F1E23025,ENT_C50C4E0F7F,musa,Syed Musa,en,yes,SRC002 p.106 line 36; SRC002 p.106 line 46
VAR_6DADCE37E3,ENT_4D33B97547,musa naqvi,Syed Musa Naqvi,en,yes,SRC002 p.110 line 47
VAR_385D4F9D0E,ENT_F9C2201A0F,mustafa ali,Syed Mustafa Ali,en,yes,SRC002 p.91 line 10
VAR_DDF69786F0,ENT_4A34B8335A,mustafa ali naqvi,Syed Mustafa Ali Naqvi,en,yes,SRC002 p.114 line 47; SRC002 p.114 line 54; SRC002 p.47 line 35
VAR_1A02C4E77A,ENT_32331941A2,mustafa shah,Pir Syed Mustafa Shah,en,yes,SRC001 p.25 line 13; SRC001 p.25 line 15
VAR_9D407AB6CF,ENT_460FBCAD79,muttalib,Muttalib,en,yes,SRC002 p.102 line 60
VAR_3D5C1616CA,ENT_59A0D8B30D,nabi shah,Syed Nabi Shah,en,yes,SRC002 p.111 line 43
VAR_3843153375,ENT_821B09B1E8,nadlah,Nadlah,en,yes,SRC002 p.103 line 12
VAR_19855BBF8A,ENT_253EB4D13B,nadr,Nadr,en,yes,SRC002 p.101 line 33
VAR_A70902C163,ENT_E452E73C2C,nafees ali,Syed Nafees Ali,en,yes,SRC002 p.112 line 51; SRC002 p.112 line 53; SRC002 p.112 line 55; SRC002 p.112 line 57; SRC002 p.112 line 59; SRC002 p.113 line 30; SRC002 p.22 line 11; SRC002 p.23 line 27
VAR_FE24C373E8,ENT_87F754092A,nafees ali bin ashiq ali bin shakir ali,Syed Nafees Ali bin Syed Ashiq Ali bin Syed Shakir Ali,en,yes,SRC002 p.112 line 53
VAR_5EE71ED009,ENT_34B5BA4A1C,nafees ali ibn ashiq ali,Syed Nafees Ali ibn Syed Ashiq Ali,en,yes,SRC002 p.96 line 11
VAR_D51E774999,ENT_50C79FFFC2,nafees ali r,Syed Nafees Ali R,en,yes,SRC001 p.21 line 35
VAR_FD922BDF83,ENT_51037D268B,nafees ali shah,Sayyid Nafees Ali Shah,en,yes,SRC002 p.18 line 35; SRC002 p.18 line 4; SRC002 p.2 line 13; SRC002 p.20 line 10; SRC002 p.20 line 27; SRC002 p.20 line 5; SRC002 p.21 line 20; SRC002 p.26 line 7
VAR_D5381F8AFB,ENT_51037D268B,nafees ali shah,Syed Nafees Ali Shah,en,no,SRC002 p.18 line 35; SRC002 p.18 line 4; SRC002 p.2 line 13; SRC002 p.20 line 10; SRC002 p.20 line 27; SRC002 p.20 line 5; SRC002 p.21 line 20; SRC002 p.26 line 7
VAR_9FCCAD158D,ENT_9856BBD6EE,nafees ali shah bin ashiq ali shah,Syed Nafees Ali Shah bin Syed Ashiq Ali Shah,en,yes,SRC001 p.10 line 3; SRC001 p.100 line 3; SRC001 p.101 line 3; SRC001 p.102 line 3; SRC001 p.103 line 3; SRC001 p.104 line 3; SRC001 p.105 line 3; SRC001 p.106 line 3
VAR_22CBD3FAC8,ENT_440563D3BB,nafees ali shah s,Syed Nafees Ali Shah’s,en,yes,SRC002 p.24 line 25
VAR_9F35ABA95C,ENT_2C3CF06046,nafis,Syed Nafis,en,yes,SRC001 p.14 line 5
VAR_DB123172FB,ENT_4DD06CE8E1,nafis ali,Syed Nafis Ali,en,yes,SRC001 p.20 line 13
VAR_71D2DD0898,ENT_E103AE1B65,nafis ali shah,Syed Nafis Ali Shah,en,yes,SRC001 p.13 line 20; SRC001 p.13 line 6; SRC001 p.14 line 8; SRC001 p.18 line 8
VAR_AE6CB612DD,ENT_C3EF0451B2,nahat,Nahat,en,yes,SRC002 p.100 line 10; SRC002 p.100 line 11
VAR_36225D798B,ENT_A326B1F1A3,nahor,Nahor,en,yes,SRC002 p.99 line 20; SRC002 p.99 line 21
VAR_60EC924179,ENT_8792E72CED,najam al,Syed Najam al,en,yes,SRC001 p.26 line 10
VAR_6AAB7CC9AC,ENT_D88A68D63A,nakhash,Nakhash,en,yes,SRC002 p.99 line 33
VAR_C8081D0ABF,ENT_0F20E110BB,nakhash title alqam,Nakhash (title: ‘Alqam),en,yes,SRC002 p.99 line 32
VAR_C5D0C4195C,ENT_D17406EDA2,nasab,Sayyid Nasab,en,yes,SRC002 p.117 line 23
VAR_A63D32693D,ENT_81A10FFC31,naseer ali,Syed Naseer Ali,en,yes,SRC002 p.113 line 34; SRC002 p.113 line 56; SRC002 p.113 line 58; SRC002 p.113 line 60; SRC002 p.113 line 62; SRC002 p.113 line 64; SRC002 p.113 line 66; SRC002 p.114 line 49
VAR_95139F3558,ENT_B69CF156A2,naseer ali bin mohabbat ali bin nafees ali,Syed Naseer Ali bin Syed Muhabbat Ali bin Syed Nafees Ali,en,yes,SRC002 p.113 line 56
VAR_D39E6FB4A6,ENT_E4575C0A8D,naseer ali branch,Syed Naseer Ali Branch,en,yes,SRC002 p.91 line 13
VAR_AAB4F94018,ENT_5EBA234386,nasir ali,Syed Nasir Ali,en,yes,SRC002 p.113 line 64; SRC002 p.44 line 32; SRC002 p.91 line 22
VAR_6AB00331D2,ENT_51BD5B55E9,nasiruddin,Syed Nasiruddin,en,yes,SRC001 p.22 line 9
VAR_AA6474BF80,ENT_FBA54F1DCE,nasiruddin mahmood bukhari,Syed Nasiruddin Mahmood Bukhari,en,yes,SRC002 p.110 line 14; SRC002 p.110 line 18; SRC002 p.110 line 21; SRC002 p.110 line 23; SRC002 p.110 line 25; SRC002 p.110 line 27; SRC002 p.110 line 39
VAR_1B1E9B0E45,ENT_551DCDD948,nasiruddin mahmood bukhari bin jalaluddin,Syed Nasiruddin Mahmood Bukhari bin Syed Jalaluddin,en,yes,SRC002 p.110 line 18
VAR_78F25490B9,ENT_8AC7FDDD75,nasiruddin naqvi modudi hashmi chishti,Pir Syed Nasiruddin Naqvi Modudi Hashmi Chishti,en,yes,SRC002 p.79 line 20
VAR_0CD6397C7A,ENT_0DB4D08645,nawfal,Nawfal,en,yes,SRC002 p.102 line 62
VAR_701DCD47BC,ENT_D17EC269A5,niaz ali,Syed Niaz Ali,en,yes,SRC002 p.42 line 13; SRC002 p.45 line 16; SRC002 p.56 line 5; SRC002 p.89 line 29; SRC002 p.92 line 3
VAR_107FB6750D,ENT_2AD0B74B75,niaz ali branch,Syed Niaz Ali Branch,en,yes,SRC002 p.91 line 41
VAR_FF333BD53B,ENT_2C1B3FA4A9,niyaz ali,Syed Niyaz Ali,en,yes,SRC002 p.113 line 38
VAR_DCFB41B422,ENT_EE7FDD5750,nizam,Syed Nizam,en,yes,SRC002 p.87 line 9
VAR_367CDCC691,ENT_F4FE0E0DDF,nizam al,Sayyid Nizam al,en,yes,SRC002 p.7 line 8
VAR_A75008DD03,ENT_6A49933660,nizam uddin din,Syed Nizam ud Din,en,yes,SRC002 p.87 line 18; SRC002 p.87 line 19; SRC002 p.87 lines 6-18
VAR_00D94DBF17,ENT_7E4BBDB29E,nizamuddin,Syed Nizamuddin,en,yes,SRC002 p.110 line 58; SRC002 p.110 line 61; SRC002 p.110 line 63; SRC002 p.111 line 4; SRC002 p.95 line 20
VAR_864170D1F1,ENT_58EC91045A,nizamuddin auliya,Hazrat Nizamuddin Auliya,en,yes,SRC002 p.68 line 12
VAR_2905737810,ENT_EBD5A77278,nizamuddin bin ilmuddin bin jalaluddin,Syed Nizamuddin bin Syed Ilmuddin bin Syed Jalaluddin,en,yes,SRC002 p.110 line 58
VAR_A685512299,ENT_0DFFCC817F,nizamuddin naqvi,Syed Nizamuddin Naqvi,en,yes,SRC002 p.110 line 52
VAR_20CE1E1497,ENT_EE87F339ED,nizamuddin r,Syed Nizamuddin R,en,yes,SRC001 p.22 line 8
VAR_E56ED7FC1A,ENT_BB1965540B,nizar,Nizar,en,yes,SRC002 p.100 line 32; SRC002 p.100 line 39; SRC002 p.100 line 41; SRC002 p.100 line 43; SRC002 p.100 line 45; SRC002 p.101 line 4; SRC002 p.101 line 5
VAR_768A50EDDD,ENT_8943FD3D72,noah nuh a s,Noah (Nuh A.S),en,yes,SRC002 p.99 line 12; SRC002 p.99 line 13
VAR_12D266D487,ENT_4C040C167D,of ahl al,Sayyid of Ahl al,en,yes,SRC002 p.95 line 35
VAR_8F9B8A85FE,ENT_724085DDAC,peleg,Peleg,en,yes,SRC002 p.99 line 17; SRC002 p.99 line 18
VAR_19C82A9281,ENT_A5AFBB5EEF,prophet,Prophet,en,yes,SRC001 p.11 line 33; SRC001 p.12 line 29; SRC001 p.13 line 23; SRC001 p.13 line 24; SRC001 p.14 line 15; SRC001 p.28 line 14; SRC001 p.28 line 18; SRC001 p.3 line 8
VAR_2354B0CE5B,ENT_EFF0D8E360,prophet adam,Prophet Adam,en,yes,SRC001 p.13 line 23; SRC001 p.14 line 15
VAR_F6A8465DDD,ENT_DFB758944E,prophet ismail,Prophet Ismail,en,yes,SRC001 p.28 line 12; SRC001 p.28 line 19
VAR_856CFB2F7D,ENT_3492169A0C,prophet muhammad,Prophet Muhammad,en,no,SRC001 p.10 line 8; SRC001 p.11 line 30; SRC001 p.13 line 24; SRC001 p.14 line 16; SRC001 p.28 line 23; SRC001 p.28 line 9; SRC001 p.8 line 27; SRC002 p.103 line 38
VAR_995AB2CFA4,ENT_3492169A0C,prophet muhammad,Prophet Muhammad ( ),en,yes,SRC001 p.10 line 8; SRC001 p.11 line 30; SRC001 p.13 line 24; SRC001 p.14 line 16; SRC001 p.28 line 23; SRC001 p.28 line 9; SRC001 p.8 line 27; SRC002 p.103 line 38
VAR_2AC58B0676,ENT_1E0BB2012F,prophet muhammad al,Prophet Muhammad al,en,yes,SRC001 p.11 line 33
VAR_7179DAB399,ENT_543D924833,prophet muhammad bin abdullah,Prophet Muhammad ( )bin Hazrat Abdullah,en,yes,SRC002 p.103 line 39; SRC002 p.103 line 42; SRC002 p.103 line 44; SRC002 p.103 line 46; SRC002 p.103 line 48; SRC002 p.103 line 52; SRC002 p.103 line 54; SRC002 p.103 line 56
VAR_1B815CC074,ENT_AF95F1C2EA,qadeer ali,Syed Qadeer Ali,en,yes,SRC001 p.21 line 11; SRC002 p.47 line 4; SRC002 p.56 line 14; SRC002 p.90 line 27; SRC002 p.90 line 6
VAR_7E09822E42,ENT_2FCA480BC7,qadeer ali branch,Syed Qadeer Ali Branch,en,yes,SRC002 p.90 line 26
VAR_042BA6BB08,ENT_D8A6C63EEC,qadeer ali naqvi,Syed Qadeer Ali Naqvi,en,yes,SRC001 p.11 line 18; SRC001 p.23 line 8; SRC001 p.6 line 5; SRC002 p.113 line 46; SRC002 p.114 line 20; SRC002 p.114 line 23; SRC002 p.114 line 25; SRC002 p.114 line 27
VAR_3175AC4E68,ENT_0E7AED4089,qadeer ali naqvi bin umeed ali bin,Syed Qadeer Ali Naqvi bin Syed Umeed Ali bin Syed,en,yes,SRC002 p.114 line 20
VAR_104E0A36D4,ENT_C625FB9A2D,qadeer ali naqvi bukhari,Syed Qadeer Ali Naqvi Bukhari,en,yes,SRC001 p.12 line 23; SRC001 p.32 line 20
VAR_3C44D9D38F,ENT_429471171E,qadeer ali navi,Syed Qadeer Ali Navi,en,yes,SRC002 p.116 line 6
VAR_A1F6635DFE,ENT_2898BA37B2,qaiser ali,Syed Qaiser Ali,en,yes,SRC002 p.112 line 65; SRC002 p.113 line 10; SRC002 p.113 line 12; SRC002 p.113 line 14; SRC002 p.49 line 20
VAR_6436CEA918,ENT_D31BC96B17,qaiser ali bin qamar ali bin hafeez ali,Syed Qaiser Ali bin Syed Qamar Ali bin Syed Hafeez Ali,en,yes,SRC002 p.113 line 10
VAR_7335BA6169,ENT_736E1B55E9,qam ah umayr,Qam‘ah (Umayr),en,yes,SRC002 p.101 line 16
VAR_2728D5EB7E,ENT_D0FF3AC7B9,qamar abbas,Syed Qamar Abbas,en,yes,SRC001 p.26 line 27; SRC001 p.26 line 31; SRC001 p.27 line 5; SRC001 p.27 line 8
VAR_EA0E2244F7,ENT_6EF9A5B137,qamar ali,Syed Qamar Ali,en,yes,SRC002 p.112 line 61; SRC002 p.112 line 63; SRC002 p.112 line 65; SRC002 p.113 line 10; SRC002 p.113 line 16; SRC002 p.113 line 20; SRC002 p.113 line 26; SRC002 p.113 line 4
VAR_6062A4BAF8,ENT_E4E2A9AEBC,qamar ali bin hafeez ali bin nafees ali,Syed Qamar Ali bin Syed Hafeez Ali bin Syed Nafees Ali,en,yes,SRC002 p.112 line 63
VAR_A60F4A788A,ENT_0EC6A9D126,qamar ali s,Syed Qamar Ali’s,en,yes,SRC002 p.49 line 29
VAR_0F498AED8B,ENT_44F3E472D1,qamarudin shah,Syed Qamarudin Shah,en,yes,SRC002 p.112 line 12
VAR_ABE29358A6,ENT_CCBCF39AF4,qasim,Qasim,en,no,SRC002 p.106 line 16; SRC002 p.107 line 27
VAR_2FD6393450,ENT_CCBCF39AF4,qasim,Syed Qasim,en,yes,SRC002 p.106 line 16; SRC002 p.107 line 27
VAR_C11DF1DB9D,ENT_03326D236C,qasim a s,Qasim A.S,en,yes,SRC002 p.103 line 42
VAR_550176B5A0,ENT_EF0924511F,qedar,Qedar,en,yes,SRC002 p.100 line 5
VAR_066C6C825F,ENT_3D8612756F,qedar dhu basharah jazmi,Qedar (Dhu Basharah Jazmi),en,yes,SRC002 p.100 line 4
VAR_F5F1967381,ENT_1B8A8B4280,quda a,Quda'a,en,yes,SRC002 p.100 line 34
VAR_4AA4AF9FB0,ENT_D06B257E6C,qunus,Qunus,en,yes,SRC002 p.100 line 36
VAR_EFEA302218,ENT_AC1FE2974C,qusay,Qusay,en,yes,SRC002 p.102 line 41; SRC002 p.102 line 44; SRC002 p.102 line 47; SRC002 p.102 line 49; SRC002 p.102 line 51; SRC002 p.102 line 53; SRC002 p.102 line 54
VAR_9CDF77BC85,ENT_D3AB420AB0,qutb,Syed Qutb,en,yes,SRC002 p.95 line 22; SRC002 p.98 line 15
VAR_9BC1F960FA,ENT_DBE2D50B45,qutb kamal,Sayyid Qutb Kamal,en,yes,SRC002 p.7 line 16; SRC002 p.87 line 26; SRC002 p.87 line 27; SRC002 p.87 lines 6-18; SRC002 p.94 line 21
VAR_441E8C1080,ENT_DBE2D50B45,qutb kamal,Syed Qutb Kamal,en,no,SRC002 p.7 line 16; SRC002 p.87 line 26; SRC002 p.87 line 27; SRC002 p.87 lines 6-18; SRC002 p.94 line 21
VAR_AD237EC765,ENT_0DBDFA7563,qutb kamal ibn ali,Syed Qutb Kamal ibn Syed Ali,en,yes,SRC002 p.87 line 12
VAR_8F5457E530,ENT_26093C15EC,qutb shah,Syed Qutb Shah,en,yes,SRC002 p.11 line 16; SRC002 p.112 line 18; SRC002 p.112 line 22; SRC002 p.112 line 25; SRC002 p.112 line 27; SRC002 p.87 line 7; SRC002 p.87 line 8; SRC002 p.87 lines 6-18
VAR_3F904D79BA,ENT_BD73318252,qutb shah bin kabeer shah bin sharafuddin,Syed Qutb Shah bin Syed Kabeer Shah bin Syed Sharfuddin,en,yes,SRC002 p.112 line 22
VAR_3CA0DF2B24,ENT_9428DC12B3,qutb ul kamal a s makhdoom jalaluddin haider surkh posh bukhari,"Hazrat Sultan-ul-Aarifeen, Qutb-ul-Kamal, Wali-e-Kamil, Waris-e-Masoomeen a.s, Sher-e-Shah Makhdoom Syed Jalaluddin Haider Surkh-Posh Bukhari",en,yes,SRC002 p.109 line 44; SRC002 p.109 line 48; SRC002 p.109 line 50; SRC002 p.109 line 52; SRC002 p.109 line 54
VAR_0B225FCC7D,ENT_FB01ECE13F,qutb ul kamal waris,"Hazrat Sultan-ul-Aarifeen, Qutb-ul-Kamal, Wali-e-Kamil, Waris",en,yes,SRC002 p.109 line 40
VAR_A5FD598A16,ENT_8795F0E406,qutbuddin shah,Syed Qutbudin Shah,en,yes,SRC002 p.111 line 63
VAR_9C1BA65BB2,ENT_769FD831EC,rabi a,Rabi‘a,en,yes,SRC002 p.100 line 43
VAR_181CAC1AFE,ENT_C7C9976DF0,rafey ali naqvi,Syed Rafey Ali Naqvi,en,yes,SRC002 p.114 line 45
VAR_9740151873,ENT_68D6E4573A,rafi ali,Syed Rafi Ali,en,yes,SRC002 p.91 line 8
VAR_8158C88977,ENT_98A0C53BCF,rafi ali naqvi,Syed Rafi Ali Naqvi,en,yes,SRC002 p.47 line 33
VAR_DBF73BA493,ENT_55FD64D3D4,raju,Syed Raju,en,yes,SRC002 p.111 line 11
VAR_0A85793EF6,ENT_EE5861657A,rehan husayn,Syed Rehan Hussain,en,yes,SRC002 p.43 line 10; SRC002 p.93 line 29
VAR_2A85E69DF9,ENT_960871D54B,rehmat shah,Syed Rehmat Shah,en,yes,SRC002 p.112 line 20
VAR_77DE22F838,ENT_E7952F2C39,reu,Reu,en,yes,SRC002 p.99 line 18; SRC002 p.99 line 19
VAR_2805673AEC,ENT_0683340C66,rizwan,Syed Rizwan,en,yes,SRC002 p.44 line 28
VAR_BD737BECF9,ENT_053E8CD5EA,rizwan ali,Syed Rizwan Ali,en,yes,SRC002 p.113 line 62; SRC002 p.91 line 18
VAR_D97549A527,ENT_5D884A1104,sa d,Sa‘d,en,yes,SRC002 p.102 line 18
VAR_D9F7403505,ENT_2367E34AC9,sabir rizvi,Syed Sabir Rizvi,en,yes,SRC002 p.49 line 5; SRC002 p.88 line 23
VAR_0D48AE2540,ENT_709665FCB9,sadruddin rajan qatal naqvi bukhari,Syed Sadruddin Rajan Qatal Naqvi Bukhari,en,yes,SRC002 p.109 line 61
VAR_8E9E9774DE,ENT_D57722EF80,sadrudin muhammad ghaus,Syed Sadrudin Muhammad Ghaus,en,yes,SRC002 p.109 line 54
VAR_ED97001D5A,ENT_2B71E2ECE8,sadrudin shah,Syed Sadrudin Shah,en,yes,SRC002 p.111 line 59
VAR_CFE226669B,ENT_60B74B7B4E,safi,Syed Safi,en,yes,SRC002 p.87 line 9
VAR_BFEB2BCA62,ENT_0140C9792B,safi al,Sayyid Safi al,en,yes,SRC002 p.7 line 7
VAR_A07C81D8BD,ENT_6A94F5D42B,safi uddin din,Syed Safi ud Din,en,yes,SRC002 p.87 line 17; SRC002 p.87 line 18; SRC002 p.87 lines 6-18
VAR_9A4CAE2717,ENT_8FA3844901,safiuddin,Syed Safiuddin,en,yes,SRC002 p.95 line 20
VAR_E1CB91EE74,ENT_4E5628F3D4,safiuddin r,Syed Safiuddin R,en,yes,SRC001 p.22 line 8
VAR_8E5310AEC5,ENT_4F52E43752,safiuddin shah,Syed Safiuddin Shah,en,yes,SRC002 p.98 line 18
VAR_108C0C6743,ENT_B168DE36E4,safiuddin shah bukhari,Hazrat Syed Safiuddin Shah Bukhari,en,yes,SRC001 p.33 line 26; SRC002 p.110 line 61; SRC002 p.111 line 11; SRC002 p.111 line 13; SRC002 p.111 line 27; SRC002 p.111 line 4; SRC002 p.111 line 7; SRC002 p.111 line 9
VAR_5FC2A67C38,ENT_B168DE36E4,safiuddin shah bukhari,Syed Safiuddin Shah Bukhari,en,no,SRC001 p.33 line 26; SRC002 p.110 line 61; SRC002 p.111 line 11; SRC002 p.111 line 13; SRC002 p.111 line 27; SRC002 p.111 line 4; SRC002 p.111 line 7; SRC002 p.111 line 9
VAR_6AEEF5F88B,ENT_82C921BCF1,safiuddin shah bukhari bin nizamuddin bin,Syed Safiuddin Shah Bukhari bin Syed Nizamuddin bin Syed,en,yes,SRC002 p.111 line 4
VAR_B0CA557E29,ENT_4800FE634E,sajid ali,Syed Sajid Ali,en,yes,SRC002 p.90 line 12
VAR_DFFAA70FD3,ENT_335E762EFC,sajid ali naqvi,Syed Sajid Ali Naqvi,en,yes,SRC002 p.113 line 52; SRC002 p.46 line 40
VAR_5231751F33,ENT_FBC00663F0,sajid husayn,Syed Sajid Hussain,en,yes,SRC002 p.43 line 9; SRC002 p.93 line 27
VAR_F6E7677342,ENT_239BF1DBA7,sajjad ali,Syed Sajjad Ali,en,yes,SRC002 p.113 line 70; SRC002 p.45 line 4; SRC002 p.91 line 30
VAR_0ED430E381,ENT_B81AF6240B,sajjad ali naqvi,Syed Sajjad Ali Naqvi,en,yes,SRC002 p.115 line 4; SRC002 p.115 line 7
VAR_C4FD1FF002,ENT_820F6BAEBF,sajjad ali naqvi bin shabab ali bin,Syed Sajjad Ali Naqvi bin Syed Shabab Ali bin Syed,en,yes,SRC002 p.115 line 4
VAR_59CF46A825,ENT_50235DC82B,saleem,Syed Saleem,en,yes,SRC001 p.4 line 18
VAR_278FB4EB52,ENT_A0D3301CDC,saleem raza,Syed Saleem Raza,en,yes,SRC001 p.22 line 23
VAR_12B55C2244,ENT_A73910BC6D,saleem raza bukhari,Syed Saleem Raza Bukhari,en,yes,SRC001 p.16 line 22; SRC001 p.22 line 24; SRC001 p.22 line 32; SRC001 p.32 line 32
VAR_9B16F5B32F,ENT_847B1118AD,salman zakir ali,Syed Salman Zakir Ali,en,yes,SRC002 p.113 line 58; SRC002 p.114 line 56; SRC002 p.44 line 34; SRC002 p.91 line 24
VAR_96389CC453,ENT_1EAC5D447A,salman zakir ali naqvi,Syed Salman Zakir Ali Naqvi,en,yes,SRC002 p.114 line 58; SRC002 p.114 line 61
VAR_AB5E11EB2B,ENT_A6B144F687,salman zakir ali naqvi bin naseer ali bin,Syed Salman Zakir Ali Naqvi bin Syed Naseer Ali bin Syed,en,yes,SRC002 p.114 line 58
VAR_7A848FD1A8,ENT_9907B4645D,samah,Samah,en,yes,SRC002 p.102 line 20
VAR_B9FE00DC88,ENT_8A018A44C3,samir,Samir,en,yes,SRC002 p.99 line 26
VAR_3A801CF33B,ENT_FB5306435A,samir title bashimin mu azzam fi al kull,"Samir (title: Bashimin, Mu‘azzam fi al-Kull)",en,yes,SRC002 p.99 line 25
VAR_0F9FFBF79E,ENT_AD9505F3C6,sanjun,Sanjun,en,yes,SRC002 p.100 line 21
VAR_CF9E078706,ENT_8C1792D17D,sanjun tahzan title tasawwur,Sanjun (Tahzan) (title: Tasawwur),en,yes,SRC002 p.100 line 20
VAR_82B6D7F4AC,ENT_1ECB1DAF93,sardar ali shah,Syed Sardar Ali Shah,en,yes,SRC002 p.112 line 35
VAR_6AB8999713,ENT_4BAB638DF9,sayd,Sayd,en,yes,SRC002 p.99 line 29
VAR_953E066C36,ENT_91CE40DE57,sayd title ismail dhu al tab,Sayd (title: Ismail Dhu al-Tab‘),en,yes,SRC002 p.99 line 28
VAR_402E515991,ENT_8C57DF227D,serug,Serug,en,yes,SRC002 p.99 line 19; SRC002 p.99 line 20
VAR_0BBD34F29D,ENT_25A3B6CC85,seth,Seth,en,yes,SRC002 p.99 line 4; SRC002 p.99 line 5
VAR_E3FD742C2F,ENT_996374B863,shabab ali,Syed Shabab Ali,en,yes,SRC002 p.113 line 36; SRC002 p.113 line 68; SRC002 p.113 line 70; SRC002 p.115 line 4; SRC002 p.42 line 11; SRC002 p.44 line 38; SRC002 p.89 line 27; SRC002 p.91 line 28
VAR_C5C69C8656,ENT_1BF59852D1,shabab ali bin mohabbat ali bin nafees ali,Syed Shabab Ali bin Syed Muhabbat Ali bin Syed Nafees Ali,en,yes,SRC002 p.113 line 68
VAR_E1C6CB6AA0,ENT_1D8A139CD0,shabab ali branch,Syed Shabab Ali Branch,en,yes,SRC002 p.91 line 27
VAR_A9E64DF14B,ENT_DB0770AB6A,shah abdul aziz dehlvi,Shah Abdul Aziz Dehlvi,en,yes,SRC002 p.63 line 18
VAR_5C0FE5B8E5,ENT_A2D46384C8,shah abdul ma,Shah Abdul Ma,en,yes,SRC002 p.84 line 17; SRC002 p.84 line 22
VAR_9E6316048C,ENT_FDEA61EF1A,shah abu alkher bukhari,Syed Shah Abu Alkher Bukhari,en,yes,SRC002 p.110 line 36
VAR_A4B0A9EDE6,ENT_04CA8749B6,shah ahmad bukhari,Shah Ahmad Bukhari,en,yes,SRC002 p.68 line 18
VAR_A4064A680D,ENT_21CAC9DAA3,shah alam,Syed Shah Alam,en,yes,SRC001 p.25 line 24
VAR_0361989594,ENT_08E2127ABA,shah bin ashiq ali shah,Shah bin Syed Ashiq Ali Shah,en,yes,SRC001 p.14 line 6
VAR_5FD2E90198,ENT_DE4A99FAFF,shah bukhari,Shah Bukhari,en,yes,SRC001 p.32 line 6; SRC002 p.68 line 18
VAR_CC809351DA,ENT_091C8DBD27,shah bukhari bin nizamuddin,Shah Bukhari bin Syed Nizamuddin,en,yes,SRC002 p.111 line 14
VAR_B1B6A96603,ENT_3BC2D00EDE,shah gilani,Shah Gilani,en,yes,SRC001 p.8 line 13
VAR_0145793ADA,ENT_1DF7570B62,shah haider,Shah Haider,en,yes,SRC002 p.111 line 57
VAR_A7AB091BA6,ENT_6806C8F7E3,shah haider ibn shah nizam ibn zain,Shah Haider ibn Syed Shah Nizam ibn Syed Zain,en,yes,SRC002 p.87 line 8
VAR_569427EAAA,ENT_D3EB2B7F27,shah hasan naqvi bukhari,Syed Shah Hasan Naqvi Bukhari,en,yes,SRC002 p.110 line 4
VAR_DD638E7E26,ENT_B0E35500BA,shah ibn abdullah ibn ali asghar ibn jafar sani ibn imam ali,Shah ibn Syed Abdullah ibn Syed Ali Asghar ibn Syed Jafar Sani ibn Imam Ali,en,yes,SRC002 p.87 line 14
VAR_B6A96F4B35,ENT_3A6A5D3144,shah ibn jahangir shah ibn,Shah ibn Syed Jahangir Shah ibn Syed,en,yes,SRC002 p.87 line 7
VAR_F8C2792EA4,ENT_AFDB3D5307,shah ibn shams,Shah ibn Syed Shams,en,yes,SRC002 p.87 line 7
VAR_39F35327E2,ENT_B1E861828A,shah makhdoom jalaluddin,Shah Makhdoom Syed Jalaluddin,en,yes,SRC002 p.109 line 41
VAR_A36407ADC5,ENT_EA6E2E0A04,shah makhdoom jalaluddin haider,Shah Makhdoom Syed Jalaluddin Haider,en,yes,SRC002 p.109 line 45
VAR_28424F3BA4,ENT_CEEFD2DD29,shah muhammad,Shah Muhammad,en,yes,SRC001 p.26 line 8
VAR_6D734727BF,ENT_6F7E91A0C9,shah naqvi bukhari,Shah Naqvi Bukhari,en,yes,SRC002 p.3 line 26; SRC002 p.3 line 27
VAR_F7E3373BBB,ENT_FE1182DCC5,shah nizam,Syed Shah Nizam,en,yes,SRC002 p.11 line 22; SRC002 p.111 line 34; SRC002 p.111 line 36; SRC002 p.111 line 38; SRC002 p.111 line 40; SRC002 p.87 line 13; SRC002 p.87 line 14; SRC002 p.87 lines 6-18
VAR_41265301BC,ENT_E78740F946,shah nizam bin zainulabdeen bin ilmuddin,Syed Shah Nizam bin Syed Zainulabdeen bin Syed Ilmuddin,en,yes,SRC002 p.111 line 36
VAR_CC61AC778B,ENT_E9381C3BCB,shah nizam r,Syed Shah Nizam R,en,yes,SRC001 p.22 line 6
VAR_2DBC556FE3,ENT_7D3438D1E3,shah r,Shah R,en,yes,SRC001 p.11 line 14; SRC001 p.12 line 21; SRC001 p.22 line 5; SRC001 p.22 line 6
VAR_A01635C04A,ENT_57A5822037,shah shu,Shah Shu,en,yes,SRC001 p.24 line 32
VAR_A5C7107391,ENT_C4FA1F26BF,shah zain ali,Hafiz Syed Shah Zain Ali,en,yes,SRC002 p.90 line 31
VAR_E917B5F009,ENT_829668036E,shah zain ali naqvi,Hafiz Syed Shah Zain Ali Naqvi,en,yes,SRC002 p.47 line 9
VAR_3576ECFA35,ENT_0300C9C52B,shahabudin naqvi bukhari,Syed Shahabudin Naqvi Bukhari,en,yes,SRC002 p.111 line 16
VAR_0E29147D3B,ENT_B77BEBB523,shahan,Shahan,en,yes,SRC002 p.100 line 20
VAR_FE4E7AD93C,ENT_8350923801,shahan title junud,Shahan (title: Junud),en,yes,SRC002 p.100 line 19
VAR_95095466A9,ENT_6C41012C6C,shahid ali,Syed Shahid Ali,en,yes,SRC002 p.44 line 12; SRC002 p.93 line 7
VAR_72CC080D34,ENT_4EA05F60D1,shahid husayn jafri,Syed Shahid Hussain Jafri,en,yes,SRC002 p.115 line 23; SRC002 p.42 line 23; SRC002 p.43 line 5; SRC002 p.93 line 19
VAR_3BABCB8A41,ENT_48046EC135,shahzaib ali,Syed Shahzaib Ali,en,yes,SRC001 p.12 line 7; SRC002 p.90 line 29
VAR_32CE19FE26,ENT_F7EF24032F,shahzaib ali naqvi,Syed Shahzaib Ali Naqvi,en,yes,SRC002 p.114 line 23; SRC002 p.116 line 7; SRC002 p.47 line 7
VAR_0134948621,ENT_FF37AD5D7C,shahzaib ali naqvi bukhari,Syed Shahzaib Ali Naqvi Bukhari,en,yes,SRC001 p.3 line 30; SRC001 p.32 line 19
VAR_83EB7AC5FC,ENT_9B8501CE45,shahzain ali naqvi,Hafiz Syed Shahzain Ali Naqvi,en,yes,SRC002 p.114 line 25
VAR_E6EB95E2B4,ENT_7F5CDBBCA0,shahzain ali naqvi bukhari,Hafiz Syed Shahzain Ali Naqvi Bukhari,en,yes,SRC001 p.32 line 22; SRC001 p.5 line 7
VAR_0CFA2BEBC6,ENT_351A3245D1,shakir ali,Syed Shakir Ali,en,yes,SRC001 p.19 line 35; SRC001 p.19 line 37; SRC002 p.112 line 40; SRC002 p.112 line 44; SRC002 p.112 line 47; SRC002 p.112 line 49; SRC002 p.96 line 3; SRC002 p.98 line 15
VAR_56600D5C92,ENT_1E9F456771,shakir ali bin ameer ali shah bin haider,Syed Shakir Ali bin Syed Ameer Ali Shah bin Syed Haider,en,yes,SRC002 p.112 line 44
VAR_2F45B773F7,ENT_B1EED6BE61,shakir ali naqvi bukhari,Syed Shakir Ali Naqvi Bukhari,en,yes,SRC001 p.3 line 29
VAR_5B12F5C79F,ENT_4AC46E589B,shakir ali r,Syed Shakir Ali R,en,yes,SRC001 p.21 line 36
VAR_989E777648,ENT_E4379E798F,shakir ali shah,Sayyid Shakir Ali Shah,en,yes,SRC001 p.19 line 7; SRC002 p.10 line 5; SRC002 p.10 line 9; SRC002 p.11 line 13; SRC002 p.11 line 26; SRC002 p.14 line 11; SRC002 p.15 line 5; SRC002 p.16 line 17
VAR_684A0BEAB1,ENT_E4379E798F,shakir ali shah,Syed Shakir Ali Shah,en,no,SRC001 p.19 line 7; SRC002 p.10 line 5; SRC002 p.10 line 9; SRC002 p.11 line 13; SRC002 p.11 line 26; SRC002 p.14 line 11; SRC002 p.15 line 5; SRC002 p.16 line 17
VAR_6C5270E4CB,ENT_1260146360,shakir ali shah ibn ameer ali shah,Syed Shakir Ali Shah ibn Syed Ameer Ali Shah,en,yes,SRC002 p.96 line 6
VAR_DBC209E2D0,ENT_6582BB47A3,shams al,Syed Shams al,en,yes,SRC002 p.11 line 19
VAR_F4C31D77AC,ENT_E833429C8C,shams uddin din shah,Syed Shams ud Din Shah,en,yes,SRC002 p.87 line 10; SRC002 p.87 line 11; SRC002 p.87 lines 6-18
VAR_7D6DE20C16,ENT_C201C94DF5,shamsuddin,Syed Shamsuddin,en,yes,SRC002 p.95 line 22
VAR_DFD583737C,ENT_81C31FB109,shamsuddin shah,Syed Shamsuddin Shah,en,yes,SRC002 p.111 line 52; SRC002 p.111 line 56; SRC002 p.111 line 59; SRC002 p.111 line 61; SRC002 p.111 line 63; SRC002 p.112 line 4; SRC002 p.98 line 16
VAR_B73892A0F6,ENT_A51C2C1DDD,shamsuddin shah bin jahangir shah bin yar,Syed Shamsuddin Shah bin Syed Jahangir Shah bin Syed Yar,en,yes,SRC002 p.111 line 56
VAR_DBF9130A63,ENT_02718835BE,shamsuddin shah r,Syed Shamsuddin Shah R,en,yes,SRC001 p.22 line 5
VAR_A525D87577,ENT_B2A84D1DBE,sharaf,Syed Sharaf,en,yes,SRC002 p.87 line 7
VAR_10BEF860B5,ENT_C317B2539C,sharaf al,Syed Sharaf al,en,yes,SRC002 p.11 line 18
VAR_B2A05EB0D2,ENT_A3797F23D8,sharaf uddin din shah,Syed Sharaf ud Din Shah,en,yes,SRC002 p.87 line 10; SRC002 p.87 line 9; SRC002 p.87 lines 6-18
VAR_F88C336438,ENT_9D4E67458F,sharafuddin,Syed Sharafuddin,en,yes,SRC002 p.108 line 22; SRC002 p.95 line 22
VAR_13588170DA,ENT_9D4E67458F,sharafuddin,Syed Sharfuddin,en,no,SRC002 p.108 line 22; SRC002 p.95 line 22
VAR_BC8289C61E,ENT_C2E13C589F,sharafuddin shah,Syed Sharfuddin Shah,en,yes,SRC002 p.111 line 61; SRC002 p.112 line 4; SRC002 p.112 line 7; SRC002 p.112 line 9; SRC002 p.98 line 16
VAR_CE7E2C69E1,ENT_57FC0C3141,sharafuddin shah bin shamsuddin shah bin,Syed Sharfuddin Shah bin Syed Shamsuddin Shah bin Syed,en,yes,SRC002 p.112 line 4
VAR_A9DCFA3489,ENT_50EE80E14B,sharif rizvi lakhnavi,Syed Sharif Rizvi Lakhnavi,en,yes,SRC002 p.49 line 5
VAR_52E1A2A9FF,ENT_0675F85E03,shariq ali,Syed Shariq Ali,en,yes,SRC002 p.90 line 33
VAR_EC8532EB08,ENT_1300540708,shariq ali naqvi,Syed Shariq Ali Naqvi,en,yes,SRC001 p.32 line 22; SRC002 p.114 line 27; SRC002 p.47 line 11
VAR_AD7410391C,ENT_AE901E0842,shariq ali naqvi bukhari,Syed Shariq Ali Naqvi Bukhari,en,yes,SRC001 p.5 line 14
VAR_8B5BB45550,ENT_FB16DE1D15,shayan ali,Syed Shayan Ali,en,yes,SRC002 p.113 line 14
VAR_B862EE55C8,ENT_9F7D811430,shaybah abdul muttalib,Shaybah (Abdul Muttalib),en,yes,SRC002 p.103 line 6
VAR_797C69D368,ENT_E9E8557D82,shelah,Shelah,en,yes,SRC002 p.99 line 15; SRC002 p.99 line 16
VAR_2918390D24,ENT_6C0C1DE7D1,shem,Shem,en,yes,SRC002 p.99 line 13; SRC002 p.99 line 14
VAR_8D994AD77A,ENT_BBDA5590D1,sher shah qutub ul kamal,Hazrat Sher Shah Qutub-ul-Kamal,en,yes,SRC001 p.21 line 14
VAR_BC0436E1F5,ENT_0B2F28D775,shuja naqvi bukhari,Syed Shuja Naqvi Bukhari,en,yes,SRC002 p.111 line 20
VAR_1A54C01A5E,ENT_C59D73AA39,suleiman,Suleiman,en,yes,SRC002 p.105 line 20
VAR_B1DBD91E6C,ENT_1ECF0D3B91,sultan,Syed Sultan,en,yes,SRC002 p.108 line 26; SRC002 p.87 line 11
VAR_6535C7E06F,ENT_3E67DF02DE,sultan ahmad kabir,Sayyid Sultan Ahmad Kabir,en,yes,SRC002 p.7 line 15
VAR_C6E227ED9B,ENT_698277D940,sultan ahmed kabir,Syed Sultan Ahmed Kabir,en,yes,SRC002 p.87 line 24; SRC002 p.87 line 25; SRC002 p.87 lines 6-18
VAR_4243F114E0,ENT_7876F9B54E,sultan ahmed kabir naqvi bukhari,Syed Sultan Ahmed Kabir Naqvi Bukhari,en,yes,SRC002 p.109 line 50
VAR_11C5BAFEEA,ENT_F168AFBBC9,sultan jahaniyan naqvi bukhari,Syed Sultan Jahaniyan Naqvi Bukhari,en,yes,SRC001 p.5 line 30; SRC002 p.79 line 5
VAR_A972FB7159,ENT_E9E00577DC,syeda fatima al,Sayyida Fatima al,en,yes,SRC001 p.11 line 34; SRC001 p.8 line 24; SRC002 p.6 line 7
VAR_46BBD14915,ENT_49A8B04F30,tabikha amr,Tabikha (‘Amr),en,yes,SRC002 p.101 line 14
VAR_6D5BACA426,ENT_2CDD05D141,taih,Taih,en,yes,SRC002 p.99 line 35
VAR_8F679ACD31,ENT_993B049C26,taih taab title sayqan,Taih (Taab) (title: Sayqan),en,yes,SRC002 p.99 line 34
VAR_7177F52789,ENT_22C049924A,talib,Talib,en,yes,SRC002 p.104 line 8
VAR_E697699971,ENT_6A2C4EA059,taym,Taym,en,yes,SRC002 p.102 line 36
VAR_18C61337DA,ENT_D135F41B1F,terah azar,Terah (Azar),en,yes,SRC002 p.99 line 21; SRC002 p.99 line 22
VAR_191AFF956E,ENT_1B8711077B,thathi shah muhammad,Syed Thathi Shah Muhammad,en,yes,SRC001 p.26 line 5
VAR_73EC97066F,ENT_8E5F8686FE,ubaydullah,Ubaydullah,en,yes,SRC002 p.105 line 39
VAR_6779C79C52,ENT_AEFEF3C421,umair ali,Syed Umair Ali,en,yes,SRC002 p.113 line 24
VAR_7300B82C02,ENT_885C14C883,umar,Syed Umar,en,yes,SRC002 p.104 line 34; SRC002 p.105 line 12; SRC002 p.107 line 29
VAR_F00721A517,ENT_885C14C883,umar,Umar,en,no,SRC002 p.104 line 34; SRC002 p.105 line 12; SRC002 p.107 line 29
VAR_D052D7B886,ENT_93A6B0DAB1,umar mahdi,Syed Umar Mahdi,en,yes,SRC002 p.110 line 63
VAR_A352CD99FB,ENT_268FCFDAA1,umeed ali,Syed Umeed Ali,en,yes,SRC001 p.14 line 32; SRC001 p.17 line 30; SRC002 p.113 line 32; SRC002 p.113 line 44; SRC002 p.113 line 46; SRC002 p.113 line 48; SRC002 p.113 line 50; SRC002 p.113 line 52
VAR_479ACA160E,ENT_9DB25F1BD4,umeed ali bin mohabbat ali bin nafees ali,Syed Umeed Ali bin Syed Muhabbat Ali bin Syed Nafees Ali,en,yes,SRC002 p.113 line 44
VAR_E5CB0ED976,ENT_4033D1256F,umeed ali bin mohabbat ali r,Syed Umeed Ali bin Syed Muhabbat Ali R,en,yes,SRC001 p.21 line 35
VAR_3B89C5251F,ENT_F22A78CF0E,umeed ali branch,Syed Umeed Ali Branch,en,yes,SRC002 p.89 line 37
VAR_E83A1C197B,ENT_19210B7112,umeed ali naqvi bukhari,Syed Umeed Ali Naqvi Bukhari,en,yes,SRC001 p.12 line 15
VAR_97A35430E6,ENT_4DDFAA5497,usama ali,Syed Usama Ali,en,yes,SRC002 p.114 line 6; SRC002 p.92 line 10
VAR_5C722D2D7B,ENT_29F7456424,usama ali naqvi,Syed Usama Ali Naqvi,en,yes,SRC002 p.46 line 5
VAR_429F0FFF63,ENT_0F4E0BBB6C,uthman,Syed Uthman,en,yes,SRC002 p.104 line 32; SRC002 p.107 line 30
VAR_BD14C8A238,ENT_0F4E0BBB6C,uthman,Uthman,en,no,SRC002 p.104 line 32; SRC002 p.107 line 30
VAR_D3DAF18D4A,ENT_BFC7499471,wajahat ali naqvi,Syed Wajahat Ali Naqvi,en,yes,SRC002 p.114 line 14; SRC002 p.45 line 25; SRC002 p.92 line 21
VAR_E43065098C,ENT_0C2478EB00,waqar ali,Syed Waqar Ali,en,yes,SRC002 p.44 line 16; SRC002 p.93 line 11
VAR_6CDB3AB9AF,ENT_925BC556D8,waseem ahmed bukhari,Syed Waseem Ahmed Bukhari,en,yes,SRC001 p.23 line 29
VAR_98E29C5382,ENT_86531BE776,wazeer ali shah,Syed Wazeer Ali Shah,en,yes,SRC002 p.112 line 33
VAR_981DDB5575,ENT_CF0397E0F3,yadlaf,Yadlaf,en,yes,SRC002 p.99 line 36
VAR_6EA9A375B1,ENT_6A7C11C957,yadlaf talaf title ima,Yadlaf (Talaf) (title: Ra’ima),en,yes,SRC002 p.99 line 35
VAR_C55D05BA0F,ENT_FD9A51AAC5,yahya,Syed Yahya,en,yes,SRC002 p.105 line 57; SRC002 p.107 line 24
VAR_731CA7A2BA,ENT_FD9A51AAC5,yahya,Yahya,en,no,SRC002 p.105 line 57; SRC002 p.107 line 24
VAR_38367F4A7B,ENT_D528DD7921,yaqazah,Yaqazah,en,yes,SRC002 p.102 line 38
VAR_2ED2B7F54F,ENT_55369DBCA1,yar shah haider,Syed Yar Shah Haider,en,yes,SRC002 p.11 line 21; SRC002 p.111 line 38; SRC002 p.111 line 40; SRC002 p.111 line 43; SRC002 p.111 line 45; SRC002 p.111 line 47; SRC002 p.111 line 49; SRC002 p.87 line 12
VAR_F543A66E90,ENT_264C2280AD,yar shah haider bin shah nizam bin,Syed Yar Shah Haider bin Syed Shah Nizam bin Syed,en,yes,SRC002 p.111 line 40
VAR_F6D3F28B6D,ENT_3414381C02,yar shah haider r,Syed Yar Shah Haider R,en,yes,SRC001 p.22 line 6
VAR_3F482C03C5,ENT_6F1FBA2195,younus ali,Syed Younus Ali,en,yes,SRC002 p.44 line 10; SRC002 p.93 line 5
VAR_05DB7F8D0E,ENT_03F4D7274C,yousuf ali,Syed Yousuf Ali,en,yes,SRC002 p.43 line 29
VAR_6F8E390F35,ENT_144471C577,yusha ali,Syed Yusha Ali,en,yes,SRC002 p.90 line 35
VAR_2D0A5AED47,ENT_32866021D6,yusha ali naqvi,Syed Yusha Ali Naqvi,en,yes,SRC002 p.114 line 29; SRC002 p.47 line 13
VAR_92302E7FB7,ENT_37E24F16CE,yusuf,Syed Yusuf,en,yes,SRC002 p.109 line 11
VAR_EBADCD8570,ENT_05E4C90278,yusuf ali,Syed Yusuf Ali,en,yes,SRC002 p.92 line 29
VAR_D385768F7B,ENT_25C637D324,zahid ali,Syed Zahid Ali,en,yes,SRC002 p.44 line 14; SRC002 p.93 line 9
VAR_C292A8E668,ENT_0013760EBB,zahid husayn,Syed Zahid Hussain,en,yes,SRC002 p.43 line 8; SRC002 p.93 line 25
VAR_26B2FB1C3E,ENT_21F307BC11,zain,Syed Zain,en,yes,
VAR_D84EB2CD86,ENT_CAE235E9FD,zainulabdeen,Syed Zainulabdeen,en,yes,SRC002 p.111 line 29; SRC002 p.111 line 31; SRC002 p.111 line 34; SRC002 p.111 line 36; SRC002 p.98 line 17
VAR_E263FF9371,ENT_1F9D2FC4AE,zainulabdeen bin ilmuddin bin jalaluddin,Syed Zainulabdeen bin Syed Ilmuddin bin Syed Jalaluddin,en,yes,SRC002 p.111 line 31
VAR_CB5C90D06B,ENT_3CE999689F,zainulabideen,Syed Zain ul Abideen,en,yes,SRC002 p.87 line 14; SRC002 p.87 line 15; SRC002 p.87 lines 6-18
VAR_D4937F1B92,ENT_475053DCD5,zakir ali,Syed Zakir Ali,en,yes,SRC002 p.112 line 42
VAR_8D2DAAD8BA,ENT_822331B692,zameer ul hasan,Syed Zameer-ul-Hasan,en,yes,SRC001 p.23 line 20
VAR_3DCC8EBA83,ENT_06A330002E,zameer ul hasan naqvi al bukhari,Syed Zameer-ul-Hasan Naqvi Al-Bukhari,en,yes,SRC001 p.23 line 21
VAR_B77F9B4E33,ENT_B5B686BAA4,zameer ul hasan naqvi bukhari,Syed Zameer-ul-Hasan Naqvi Bukhari,en,yes,SRC001 p.33 line 23
VAR_0557483EEB,ENT_2CC834564C,zamin ali shah,Syed Zamin Ali Shah,en,yes,SRC002 p.112 line 29
VAR_C98BE2A973,ENT_7468028160,zarh,Zarh,en,yes,SRC002 p.100 line 10
VAR_D7DF21FFF5,ENT_D6752DC056,zarh title qamar,Zarh (title: Qamar),en,yes,SRC002 p.100 line 9
VAR_7132F20660,ENT_6B587F3BE5,zawiyan ali naqvi,Syed Zawiyan Ali Naqvi,en,yes,SRC002 p.114 line 56; SRC002 p.114 line 61
VAR_8581F2DEBC,ENT_B302B44602,zia ul hasan bukhari,Syed Zia-ul-Hasan Bukhari,en,yes,SRC002 p.83 line 35
VAR_E5D7DC6DF9,ENT_BEA924821D,zohaib ali,Syed Zohaib Ali,en,yes,SRC002 p.90 line 14
VAR_7C8063C457,ENT_7CCE7DAE10,zohaib ali naqvi,Syed Zohaib Ali Naqvi,en,yes,SRC002 p.113 line 54; SRC002 p.46 line 42
VAR_0206204ACB,ENT_8922E6E61F,zubayr,Zubayr,en,yes,SRC002 p.103 line 25
VAR_16165E7C4D,ENT_6E633697D6,zuhrah,Zuhrah,en,yes,SRC002 p.102 line 43
VAR_04B7E3E476,ENT_54DF1BDA71,ابہام ایامی لقب دوس الفن ۔ احمل الفلق,ابہام (ایامی) (لقب دوس الفن ۔ احمل الفلق),ur/ar,yes,SRC003 Urdu text: Adam-to-Abdul-Muttalib arrow chain; SRC003 p.1 line 1
VAR_97605D1F2F,ENT_15031AA88B,اخنوخ حضرت ادریس علیہ السلام,اخنوخ (حضرت ادریس علیہ السلام),ur/ar,yes,SRC003 Urdu text: Adam-to-Abdul-Muttalib arrow chain; SRC003 p.1 line 1
VAR_C657E3F742,ENT_A9A54D549C,ارغہ رومہ لقب عدون,ارغہ (رومہ) (لقب عدون),ur/ar,yes,SRC003 Urdu text: Adam-to-Abdul-Muttalib arrow chain; SRC003 p.1 line 1
VAR_9E5B883FB4,ENT_23DD1396FA,ارفکشاد,ارفکشاد,ur/ar,yes,SRC003 Urdu text: Adam-to-Abdul-Muttalib arrow chain; SRC003 p.1 line 1
VAR_4BFC425BC0,ENT_D5AA97C82F,اقتاد لقب لیامہ,اقتاد (لقب لیامہ),ur/ar,yes,SRC003 Urdu text: Adam-to-Abdul-Muttalib arrow chain; SRC003 p.1 line 1
VAR_D4BCD1F9B3,ENT_0E6C038857,ال,ال,ur/ar,yes,SRC003 Urdu text: Adam-to-Abdul-Muttalib arrow chain; SRC003 p.1 line 1
VAR_BFF8B3D4BE,ENT_BDB28EA44A,الدریا لقب حجران الطعان,الدریا (لقب حجران الطعان),ur/ar,yes,SRC003 Urdu text: Adam-to-Abdul-Muttalib arrow chain; SRC003 p.1 line 1
VAR_6BDB870FF3,ENT_AD37DE3FB6,الیاس,الیاس,ur/ar,yes,SRC003 Urdu text: Adam-to-Abdul-Muttalib arrow chain; SRC003 p.1 line 1
VAR_300C4B8A14,ENT_57C24ADE2B,امام ابن عبد البر الاستیعاب ، امام بیہقی السنن الکبری ، علامہ ابن اثیر الکامل فی التاریخ ،,امام ابن عبد البر (الاستیعاب)، امام بیہقی (السنن الکبری)، علامہ ابن اثیر (الکامل فی التاریخ)،,ur/ar,yes,SRC003 p.1 line 383
VAR_62E3033E86,ENT_73B48D0DC2,امام المتقین، باب مدینۃ العلم، اور اہل بیت علیہم السلام کے سرداروں میں سے ہیں۔,امام المتقین، باب مدینۃ العلم، اور اہل بیت علیہم السلام کے سرداروں میں سے ہیں۔,ur/ar,yes,SRC003 p.1 line 223
VAR_4DE545273C,ENT_43CFBE7F06,امام المتقین، منبع کرم، علی العظیم، صفوت اللہ، باب حطہ، نور الانوار، اول القوم اسلاما،,امام المتقین، منبعِ کرم، علیّ العظیم، صفوتُ اللہ، بابِ حطّہ، نورُ الانوار، اوّلُ القومِ اسلاماً،,ur/ar,yes,SRC003 p.1 line 215
VAR_BD1503869B,ENT_710BDBAF23,امام المتقین، وارث علم النبی، اور قايد المدرسۃ العلمیہ شامل ہیں۔,امام المتقین، وارثُ علمِ النبی، اور قائدُ المدرسۃِ العلمیہ شامل ہیں۔,ur/ar,yes,SRC003 p.1 line 590
VAR_14DBBACE8D,ENT_A76195EBFC,امام اور حضرت امام حسین علیہ السلام و شہر بانو سلام اللہ علیہا کے فرزند,امام اور حضرت امام حسین علیہ السلام و شہر بانو سلام اللہ علیہا کے فرزند,ur/ar,yes,SRC003 p.1 line 550
VAR_02412DC913,ENT_CDB4DD83E7,امام اور روحانیت اسلام کے عالمگیر نمايندہ ہیں۔,امام اور روحانیتِ اسلام کے عالمگیر نمائندہ ہیں۔,ur/ar,yes,SRC003 p.1 line 871
VAR_E1D3EF9B96,ENT_AB489CD86E,امام اور علم و معرفت کے جامع تھے، جنہوں نے اہل بیت کے علمی مکتب,امام اور علم و معرفت کے جامع تھے، جنہوں نے اہل بیت کے علمی مکتب,ur/ar,yes,SRC003 p.1 line 613
VAR_17E5F2C081,ENT_B03232246E,امام اور موذن بھی رہ چکے تھے، جو روحانی طور پر اس مقام کی دیکھ,امام اور موذن بھی رہ چکے تھے، جو روحانی طور پر اس مقام کی دیکھ,ur/ar,yes,SRC003 p.1 line 1828
VAR_6FAFAF3512,ENT_570D4C8B10,امام بارگاہ ال محمد ٹرسٹ کراچی,امام بارگاہ آلِ محمدؐ (ٹرسٹ) کراچی,ur/ar,yes,SRC003 p.1 line 2
VAR_92B3ACA9F0,ENT_BF3BBA5EE2,امام بارگاہ ال محمد ٹرسٹ کراچی بار اول جنوری,امام بارگاہ آلِ محمدؐ (ٹرسٹ) کراچی بار اول : جنوری,ur/ar,yes,SRC003 p.1 line 3
VAR_82C48676DF,ENT_6E2766B896,امام بارگاہ کا بھی ذکر کرتے تھے جبکہ حضرت خواجہ معین الدین چشتی کی درگاہ,امام بارگاہ کا بھی ذکر کرتے تھے جبکہ حضرت خواجہ معین الدین چشتی کی درگاہ,ur/ar,yes,SRC003 p.1 line 1838
VAR_3F6D43D226,ENT_25AEE23E9F,امام بارگاہوں، خانقاہوں اور پاک و ہند کے دیگر تاریخی مقامات سے تلاش کی گيیں،,امام بارگاہوں، خانقاہوں اور پاک و ہند کے دیگر تاریخی مقامات سے تلاش کی گئیں،,ur/ar,yes,SRC003 p.1 line 1833
VAR_AEF1CF0122,ENT_408CEFD503,امام باقر نے علم کے ذریعے دین کو محفوظ کیا۔,امام باقر نے علم کے ذریعے دین کو محفوظ کیا۔,ur/ar,yes,SRC003 p.1 line 609
VAR_7B5655E969,ENT_B839E0EDE6,امام باڑوں، خصوصا امام باڑہ نیشاپوری کو اپ اور اپ کے علمی خانوادے سے منسوب,امام باڑوں، خصوصاً امام باڑہ نیشاپوری کو آپ اور آپ کے علمی خانوادے سے منسوب,ur/ar,yes,SRC003 p.1 line 1075
VAR_39466F26CB,ENT_8EF49EC707,امام باڑہ نیشاپوری، کے ساتھ یاد کیا جاتا ہے۔,امام باڑہ نیشاپوری، کے ساتھ یاد کیا جاتا ہے۔,ur/ar,yes,SRC003 p.1 line 1080
VAR_41DEE348E2,ENT_228167C3B0,امام بنے۔,امام بنے۔,ur/ar,yes,SRC003 p.1 line 625; SRC003 p.1 line 690
VAR_3BD5240BD1,ENT_04B83C00C6,امام بیہقی ، الشفاء جلد,امام بیہقی)، الشفاء (جلد,ur/ar,yes,SRC003 p.1 line 222
VAR_C8618CAE2B,ENT_079483EE51,امام تسلیم کیا ہے اج کی نسل بھی اسی عقیدے پر گامزن ہے۔,امام تسلیم کیا ہے آج کی نسل بھی اسی عقیدے پر گامزن ہے۔,ur/ar,yes,SRC003 p.1 line 1784
VAR_059A9B8F17,ENT_37D037FD83,امام تھے نماز کے بعد انہوں نے اپ کی طرف رجوع فرمایا۔,امام تھے نماز کے بعد انہوں نے آپ کی طرف رجوع فرمایا۔,ur/ar,yes,SRC003 p.1 line 1742
VAR_27F5FF2B00,ENT_28F3365F79,امام جعفر ثانی بن امام علی نقی بن امام محمد تقی بن امام علی رضا,امام جعفر ثانی بن امام علی نقی بن امام محمد تقی بن امام علی رضا,ur/ar,yes,SRC003 p.1 line 1347
VAR_0781A9D299,ENT_99803EB5F0,امام جعفر صادق بن امام محمد باقر بن امام زین العابدین بن امام حسین بن,امام جعفر صادق بن امام محمد باقر بن امام زین العابدین بن امام حسین بن,ur/ar,yes,SRC003 p.1 line 817; SRC003 p.1 line 890
VAR_158C4E8ABB,ENT_9726095329,امام جعفر صادق سے منسوب کیا جاتا ہے اور اثنا عشری شیعہ عرفان کی ایک,امام جعفر صادق سے منسوب کیا جاتا ہے اور اثنا عشری شیعہ عرفان کی ایک,ur/ar,yes,SRC003 p.1 line 977
VAR_2CBB2C3CD9,ENT_069AFA1AEE,امام جعفر صادق علیہ السلام سے ملتا ہے اس کی وجہ یہ تھی کہ انہوں,امام جعفر صادق علیہ السلام سے ملتا ہے اس کی وجہ یہ تھی کہ انہوں,ur/ar,yes,SRC003 p.1 line 1603
VAR_C7396E9F49,ENT_510828575F,امام جعفر صادق علیہ السلام والدہ حضرت حمیدہ خاتون سلام اللہ علیہا، جو اندلس کی,امام جعفر صادق علیہ السلام والدہ: حضرت حمیدہ خاتون سلام اللہ علیہا، جو اندلس کی,ur/ar,yes,SRC003 p.1 line 646
VAR_62E43E708B,ENT_FF6495897E,امام جعفر صادق علیہ السلام کی اولاد میں مشہور ترین فرزند حضرت امام موسی کاظم,امام جعفر صادق علیہ السلام کی اولاد میں مشہور ترین فرزند حضرت امام موسیٰ کاظم,ur/ar,yes,SRC003 p.1 line 625
VAR_64EAE83709,ENT_131A5810A8,امام جعفر صادق علیہ السلام کی بڑھتی ہويی علمی مقبولیت اور عوامی رجوع کو اپنے,امام جعفر صادق علیہ السلام کی بڑھتی ہوئی علمی مقبولیت اور عوامی رجوع کو اپنے,ur/ar,yes,SRC003 p.1 line 638
VAR_F39E8C2743,ENT_DA38585385,امام جعفر صادق علیہ السلام کی شہادت,امام جعفر صادق علیہ السلام کی شہادت,ur/ar,yes,SRC003 p.1 line 634
VAR_05BF6DB0CE,ENT_9CD25D4188,امام جعفر صادق علیہ السلام کی شہادت کے بعد منصب امامت سنبھالا۔,امام جعفر صادق علیہ السلام کی شہادت کے بعد منصبِ امامت سنبھالا۔,ur/ar,yes,SRC003 p.1 line 651
VAR_7A2818BDD4,ENT_900E5881DB,امام جعفر صادق علیہ السلام کی والدہ تھیں۔,امام جعفر صادق علیہ السلام کی والدہ تھیں۔,ur/ar,yes,SRC003 p.1 line 582
VAR_E43D647086,ENT_A52AF83570,امام جعفر صادق علیہ السلام کی وفات ہويی۔,امام جعفر صادق علیہ السلام کی وفات ہوئی۔,ur/ar,yes,SRC003 p.1 line 678
VAR_65F0219C63,ENT_F1DEAD6A9B,امام جعفر صادق علیہ السلام کے عہد سے جو عباسی حکمران سادات اہل بیت، ان,امام جعفر صادق علیہ السلام کے عہد سے جو عباسی حکمران ساداتِ اہلِ بیت، ان,ur/ar,yes,SRC003 p.1 line 1228
VAR_1F3B7A8AF0,ENT_FE52E81A94,امام جعفر صادق کے نام درج تھے تاہم، ان کے حافظے میں کچھ تفصیلات نہیں,امام جعفر صادق کے نام درج تھے تاہم، ان کے حافظے میں کچھ تفصیلات نہیں,ur/ar,yes,SRC003 p.1 line 1603
VAR_00B498BDC1,ENT_653D0D2805,امام جعفر صادق، زرارہ، جابر بن یزید، اور محمد بن مسلم جیسے عظیم فقہا شامل,امام جعفر صادق، زرارہ، جابر بن یزید، اور محمد بن مسلم جیسے عظیم فقہا شامل,ur/ar,yes,SRC003 p.1 line 602
VAR_8CF702618B,ENT_FE6B61C429,امام حاکم اور امام ذہبی دونوں نے اسے صحیح الاسناد قرار دیا ہے۔,امام حاکم اور امام ذہبی دونوں نے اسے صحیح الاسناد قرار دیا ہے۔,ur/ar,yes,SRC003 p.1 line 381
VAR_84DB83DEC3,ENT_B4F5F3EC4C,امام حسن امام حسن علیہ السلام کا دور امامت نہایت پراشوب تھا۔,امام حسن امام حسن علیہ السلام کا دورِ امامت نہایت پُرآشوب تھا۔,ur/ar,yes,SRC003 p.1 line 442
VAR_78EBA0F7E6,ENT_33B6B7CAE9,امام حسن جیسے علمی کارنامے ان کی فکری گہرايی کا واضح ثبوت ہیں۔,امام حسن جیسے علمی کارنامے ان کی فکری گہرائی کا واضح ثبوت ہیں۔,ur/ar,yes,SRC003 p.1 line 1117
VAR_75685F9B81,ENT_45CFC2DE7C,امام حسن عسکری علیہ السلام محمد بن علی النقی بعض مصادر میں کم ذکر، کم,امام حسن عسکری علیہ السلام محمد بن علی النقی بعض مصادر میں کم ذکر، کم,ur/ar,yes,SRC003 p.1 line 789
VAR_6F3BD2AB97,ENT_117AB93CF9,امام حسن عسکری علیہ السلام نے عباسیوں کے سخت ترین نگرانی، جبر اور قید و,امام حسن عسکری علیہ السلام نے عباسیوں کے سخت ترین نگرانی، جبر اور قید و,ur/ar,yes,SRC003 p.1 line 776
VAR_E457F8F896,ENT_CDA3E05023,امام حسن عسکری علیہ السلام کا روضہ مبارک واقع ہے، جو اج بھی لاکھوں زايرین,امام حسن عسکری علیہ السلام کا روضہ مبارک واقع ہے، جو آج بھی لاکھوں زائرین,ur/ar,yes,SRC003 p.1 line 755
VAR_4018E760EF,ENT_AC3A107C94,امام حسن عسکری علیہ السلام کی شہادت کے بعد امامت کا جھوٹا دعوی کیا اور,امام حسن عسکری علیہ السلام کی شہادت کے بعد امامت کا جھوٹا دعویٰ کیا اور,ur/ar,yes,SRC003 p.1 line 787
VAR_075F169FCD,ENT_774038F4E1,امام حسن عسکری علیہ السلام کی شہادت کے بعد جعفر نے امامت کا جھوٹا دعوی,امام حسن عسکری علیہ السلام کی شہادت کے بعد جعفر نے امامت کا جھوٹا دعویٰ,ur/ar,yes,SRC003 p.1 line 789
VAR_DC0351B28C,ENT_AD5EF1F1FF,امام حسن عسکری علیہ السلام کی ولادت ہويی۔,امام حسن عسکری علیہ السلام کی ولادت ہوئی۔,ur/ar,yes,SRC003 p.1 line 739
VAR_A13D87556A,ENT_C89EE23713,امام حسن عسکری علیہ السلام کے فرزند حضرت امام محمد بن الحسن المہدی علیہ السلام,امام حسن عسکری علیہ السلام کے فرزند حضرت امام محمد بن الحسن المہدی علیہ السلام,ur/ar,yes,SRC003 p.1 line 769
VAR_B1393B771F,ENT_067819B303,امام حسن عسکری نے قریبی خواص و اصحاب کو ان کی ولادت کی گواہی دی۔,امام حسن عسکری نے قریبی خواص و اصحاب کو ان کی ولادت کی گواہی دی۔,ur/ar,yes,SRC003 p.1 line 770
VAR_57BFFE247A,ENT_2D7D970AE5,امام حسن عسکری و امام مہدی کے ادوار کے لیے مضبوط بنیاد فراہم کی۔,امام حسن عسکری و امام مہدی کے ادوار کے لیے مضبوط بنیاد فراہم کی۔,ur/ar,yes,SRC003 p.1 line 759
VAR_A53DFE5A92,ENT_1BF7B123DC,امام حسن عسکری ہی امام منصوص تھے۔,امام حسن عسکری ہی امام منصوص تھے۔,ur/ar,yes,SRC003 p.1 line 740
VAR_3920510ACC,ENT_C54031B4F8,امام حسن علیہ السلام اور امام حسین علیہ السلام کو بطور ابناء، سیدہ فاطمہ الزہرا,امام حسن علیہ السلام اور امام حسین علیہ السلام کو بطور ابناء، سیدہ فاطمہ الزہرا,ur/ar,yes,SRC003 p.1 line 408
VAR_8509D239B6,ENT_9A3887F472,امام حسن علیہ السلام عبادت میں بے مثال تھے۔,امام حسن علیہ السلام عبادت میں بے مثال تھے۔,ur/ar,yes,SRC003 p.1 line 448
VAR_0B9FF04917,ENT_7CDEA24169,امام حسن علیہ السلام نے اپنی انکھیں رسول اکرم کی اغوش میں کھولیں۔,امام حسن علیہ السلام نے اپنی آنکھیں رسولِ اکرم کی آغوش میں کھولیں۔,ur/ar,yes,SRC003 p.1 line 437
VAR_BCCB3DFD3F,ENT_B30D973513,امام حسن علیہ السلام نے سن اکتالیس ہجری میں امت مسلمہ کے خون کو بچانے،,امام حسن علیہ السلام نے سنِ اکتالیس ہجری میں امتِ مسلمہ کے خون کو بچانے،,ur/ar,yes,SRC003 p.1 line 445
VAR_C21AA4047A,ENT_9C8D08E755,امام حسن علیہ السلام نے فرمایا میں نے صلح اس لیے کی تاکہ محمد,امام حسن علیہ السلام نے فرمایا: میں نے صلح اس لیے کی تاکہ محمد,ur/ar,yes,SRC003 p.1 line 447
VAR_689ADCCA5B,ENT_4EAE392145,امام حسن علیہ السلام پر بارہا قاتلانہ حملے ہويے، حتی کہ اپ کو نماز کے,امام حسن علیہ السلام پر بارہا قاتلانہ حملے ہوئے، حتیٰ کہ آپ کو نماز کے,ur/ar,yes,SRC003 p.1 line 444
VAR_E9465D4541,ENT_CD811C10EB,امام حسن علیہ السلام کو زہر دیا گیا۔,امام حسن علیہ السلام کو زہر دیا گیا۔,ur/ar,yes,SRC003 p.1 line 453
VAR_9E3DAD2367,ENT_5C1A83B631,امام حسن علیہ السلام کی متعدد ازواج کا ذکر ملتا ہے۔,امام حسن علیہ السلام کی متعدد ازواج کا ذکر ملتا ہے۔,ur/ar,yes,SRC003 p.1 line 452
VAR_48BBA973E5,ENT_674A3D7FC7,امام حسن مجتبی بن حضرت علی بن ابی طالب کرم اللہ وجہہ مادر حضرت سید,امام حسن مجتبیٰ بن حضرت علی بن ابی طالب کرم اللہ وجہہ مادر: حضرت سید,ur/ar,yes,SRC003 p.1 line 890
VAR_8798EA3993,ENT_916D162499,امام حسن مجتبی علیہ السلام کو زہر دیا، اولاد امام حسن علیہ السلام امام حسن,امام حسن مجتبیٰ علیہ السلام کو زہر دیا، اولادِ امام حسن علیہ السلام امام حسن,ur/ar,yes,SRC003 p.1 line 453
VAR_E5BE9DAB18,ENT_F1E6F16103,امام حسن و حسین علیہم السلام دونوں سے تھے۔,امام حسن و حسین علیہم السلام دونوں سے تھے۔,ur/ar,yes,SRC003 p.1 line 594
VAR_6A9D898880,ENT_83C400CDCB,امام حسن کی بیٹی زوجہ اپ کی زوجہ کا نام ام فروہ بنت قاسم بن,امام حسن کی بیٹی) زوجہ: آپ کی زوجہ کا نام ام فروہ بنت قاسم بن,ur/ar,yes,SRC003 p.1 line 582
VAR_40A1ABFAE7,ENT_17F26541CC,امام حسین اور ان کے اصحاب کی,امام حسین اور ان کے اصحاب کی,ur/ar,yes,SRC003 p.1 line 1787
VAR_B122743028,ENT_E42D9C34E0,امام حسین اور ان کے جانثاروں کی اخری رات کو یاد کرنے کے لیے ادا,امام حسین اور ان کے جانثاروں کی آخری رات کو یاد کرنے کے لیے ادا,ur/ar,yes,SRC003 p.1 line 1787
VAR_3BFA4E163F,ENT_68B3FE51FF,امام حسین اور ان کے ساتھیوں نے اپنے پاس موجود قلیل مقدار میں غذا کو,امام حسین اور ان کے ساتھیوں نے اپنے پاس موجود قلیل مقدار میں غذا کو,ur/ar,yes,SRC003 p.1 line 1787
VAR_DEB74792E9,ENT_72F6D761C6,امام حسین اور ان کے ساتھیوں کے صبر و قربانی کو یاد کرنا اور اپنی,امام حسین اور ان کے ساتھیوں کے صبر و قربانی کو یاد کرنا اور اپنی,ur/ar,yes,SRC003 p.1 line 1790
VAR_3FFCA52BCD,ENT_3DFEF147F6,امام حسین اور ان کے مرد ساتھیوں نے میدان جنگ میں جان دی۔,امام حسین اور ان کے مرد ساتھیوں نے میدانِ جنگ میں جان دی۔,ur/ar,yes,SRC003 p.1 line 1791
VAR_970DAFDFD8,ENT_B652D35774,امام حسین اور شہدايے کربلا سے دايمی گریہ و غم یہ بات متعدد روایات اور,امام حسین اور شہدائے کربلا سے دائمی گریہ و غم یہ بات متعدد روایات اور,ur/ar,yes,SRC003 p.1 line 1270
VAR_06F72E9CCB,ENT_C7F0B2C33A,امام حسین بن امام علی علیہ السلام اہل بیت اطہار سے روحانی نسبت حضرت سید,امام حسین بن امام علی علیہ السلام اہلِ بیتِ اطہار سے روحانی نسبت حضرت سید,ur/ar,yes,SRC003 p.1 line 1190
VAR_C8B0FD84AD,ENT_8A1A39DD64,امام حسین بن علی علیہما السلام سید شباب اہل جنت، امام قربانی، امام حریت، سید,امام حسین بن علی علیہما السلام سیدُ شبابِ اہلِ جنّت، امامِ قربانی، امامِ حریت، سیدُ,ur/ar,yes,SRC003 p.1 line 506
VAR_58861E32AA,ENT_7F5A04B912,امام حسین جواب عطا فرمایا کرتے تھے ایک دن حضرت ابراہیم مجاب، امام حسین کی,امام حسین جواب عطا فرمایا کرتے تھے ایک دن حضرت ابراہیم مُجاب، امام حسین کی,ur/ar,yes,SRC003 p.1 line 911
VAR_D1D13519CF,ENT_50B15C57B4,امام حسین سے وفاداری کی حمایت کی، حتی کہ کربلا کے سفر میں اپنی زوجہ,امام حسین سے وفاداری کی حمایت کی، حتیٰ کہ کربلا کے سفر میں اپنی زوجہ,ur/ar,yes,SRC003 p.1 line 469
VAR_526591EA53,ENT_CB45695488,امام حسین علیہ السلام سے اپنی بیعت کا مطالبہ کیا تو اس موقع پر امام,امام حسین علیہ السلام سے اپنی بیعت کا مطالبہ کیا تو اس موقع پر امام,ur/ar,yes,SRC003 p.1 line 508
VAR_DC47BA4599,ENT_C8476A0906,امام حسین علیہ السلام نے اسلام کو قربانی سے، امام زین العابدین علیہ السلام نے,امام حسین علیہ السلام نے اسلام کو قربانی سے، امام زین العابدین علیہ السلام نے,ur/ar,yes,SRC003 p.1 line 641
VAR_96C7BCBF87,ENT_2F28EE02E5,امام حسین علیہ السلام نے رجب سن ساٹھ ہجری میں مدینہ چھوڑا، شعبان میں مکہ,امام حسین علیہ السلام نے رجب سن ساٹھ ہجری میں مدینہ چھوڑا، شعبان میں مکہ,ur/ar,yes,SRC003 p.1 line 541
VAR_1D16EFAC63,ENT_8BDD795E3E,امام حسین علیہ السلام نے کربلا میں قیام کے دوران متعدد مواقع پر دشمن کے,امام حسین علیہ السلام نے کربلا میں قیام کے دوران متعدد مواقع پر دشمن کے,ur/ar,yes,SRC003 p.1 line 543
VAR_F554690D97,ENT_4D92347B26,امام حسین علیہ السلام والدہ حضرت شہر بانو سلام اللہ علیہا، جو ساسانی شہنشاہ یزدگرد,امام حسین علیہ السلام والدہ: حضرت شہر بانو سلام اللہ علیہا، جو ساسانی شہنشاہ یزدگرد,ur/ar,yes,SRC003 p.1 line 549
VAR_3FB1AFAE6B,ENT_174B795B90,امام حسین علیہ السلام پیدايش و ابتدايی زندگی اپ کی ولادت بخارا موجودہ ازبکستان میں,امام حسین علیہ السلام پیدائش و ابتدائی زندگی آپ کی ولادت بخارا (موجودہ ازبکستان) میں,ur/ar,yes,SRC003 p.1 line 1347
VAR_62A7569663,ENT_0636923619,امام حسین علیہ السلام کو ایک چادر کساء میں جمع فرمایا اور اللہ کی بارگاہ,امام حسین علیہ السلام کو ایک چادر (کساء) میں جمع فرمایا اور اللہ کی بارگاہ,ur/ar,yes,SRC003 p.1 line 393
VAR_5FFA89D8DD,ENT_9A4A6E9013,امام حسین علیہ السلام کی اولاد میں سے تھے بلکہ فکری، روحانی اور عملی طور,امام حسین علیہ السلام کی اولاد میں سے تھے بلکہ فکری، روحانی اور عملی طور,ur/ar,yes,SRC003 p.1 line 1190
VAR_7F55CEDEE7,ENT_A45923DFCA,امام حسین علیہ السلام کی شہادت نے اسلامی تاریخ کا رخ بدل دیا۔,امام حسین علیہ السلام کی شہادت نے اسلامی تاریخ کا رخ بدل دیا۔,ur/ar,yes,SRC003 p.1 line 545
VAR_5A951B6DB3,ENT_DB036EA947,امام حسین علیہ السلام کے تناظر میں واضح کرتے ہويے عدل علوی اور معیار حق,امام حسین علیہ السلام کے تناظر میں واضح کرتے ہوئے عدلِ علوی اور معیارِ حق,ur/ar,yes,SRC003 p.1 line 1224
VAR_0E17F57E42,ENT_B8EFB76176,امام حسین علیہ السلام۔,امام حسین علیہ السلام۔,ur/ar,yes,SRC003 p.1 line 1373
VAR_059D8A5D31,ENT_3EA78262BE,امام حسین نے اخری لمحے تک دلیل، نصیحت اور حق کی دعوت کو ترک نہ,امام حسین نے آخری لمحے تک دلیل، نصیحت اور حق کی دعوت کو ترک نہ,ur/ar,yes,SRC003 p.1 line 512
VAR_34E1D0B176,ENT_EEA2C2228D,امام حسین نے اس عرصے میں خاموش انقلابی حکمت عملی اختیار کی، دینی اقدار کی,امام حسین نے اس عرصے میں خاموش انقلابی حکمتِ عملی اختیار کی، دینی اقدار کی,ur/ar,yes,SRC003 p.1 line 536
VAR_B9E08CA132,ENT_59CD896E0D,امام حسین نے اپنے اصحاب کو اکٹھا کر کے ان کے لیے دعا کی اور,امام حسین نے اپنے اصحاب کو اکٹھا کر کے ان کے لیے دعا کی اور,ur/ar,yes,SRC003 p.1 line 1787
VAR_5E9CC71BDF,ENT_FDC815E234,امام حسین نے تلوار سے، امام سجاد نے دعا سے، امام باقر و صادق نے,امام حسین نے تلوار سے، امام سجاد نے دعا سے، امام باقر و صادق نے,ur/ar,yes,SRC003 p.1 line 672
VAR_A36F027AD5,ENT_883D65896D,امام حسین نے خون سے دین کو بچایا، اور امام سجاد نے دعا سے، تو,امام حسین نے خون سے دین کو بچایا، اور امام سجاد نے دعا سے، تو,ur/ar,yes,SRC003 p.1 line 609
VAR_ACCA48D156,ENT_DE4B05D97C,امام حسین نے زندہ کی، اور کربلا کو حضرت زینب نے باقی رکھا۔,امام حسین نے زندہ کی، اور کربلا کو حضرت زینب نے باقی رکھا۔,ur/ar,yes,SRC003 p.1 line 473
VAR_CAC44FF114,ENT_4D3765090F,امام حسین نے فرمایا میں موت کو سعادت سمجھتا ہوں، اور ظالموں کے ساتھ جینا,امام حسین نے فرمایا: میں موت کو سعادت سمجھتا ہوں، اور ظالموں کے ساتھ جینا,ur/ar,yes,SRC003 p.1 line 540
VAR_863216C938,ENT_9BBCCC79ED,امام حسین نے کربلا میں خون دیا، تو حضرت زینب نے کربلا کو زبان دی۔,امام حسین نے کربلا میں خون دیا، تو حضرت زینب نے کربلا کو زبان دی۔,ur/ar,yes,SRC003 p.1 line 483
VAR_C8B945C096,ENT_83D5971D37,امام حسین نے یزید کی بیعت اس لیے رد کی کہ وہ اسے دین اسلام,امام حسین نے یزید کی بیعت اس لیے رد کی کہ وہ اسے دینِ اسلام,ur/ar,yes,SRC003 p.1 line 510
VAR_4EDF7B9395,ENT_265289E887,امام حسین پر اللہ تعالی نے ستر ہزار فرشتے مقرر کیے ہیں، جو قیامت تک,امام حسین پر اللہ تعالیٰ نے ستر ہزار فرشتے مقرر کیے ہیں، جو قیامت تک,ur/ar,yes,SRC003 p.1 line 894
VAR_8E9594B8C4,ENT_860BC34CD7,امام حسین کا قتل اسی دبی ہويی اگ کا ظاہری اور انتہايی اظہار تھا، جہاں,امام حسین کا قتل اسی دبی ہوئی آگ کا ظاہری اور انتہائی اظہار تھا، جہاں,ur/ar,yes,SRC003 p.1 line 517
VAR_215025A7FF,ENT_F8631C1824,امام حسین کو کندھوں پر بٹھانا، سجدے کو طویل کرنا، اور صحابہ کے سامنے ان,امام حسین کو کندھوں پر بٹھانا، سجدے کو طویل کرنا، اور صحابہ کے سامنے ان,ur/ar,yes,SRC003 p.1 line 521
VAR_9C086DADC6,ENT_EFD5DADE88,امام حسین کی اواز ايی اے ابراہیم، واپس لوٹ جاو، میں تمہیں ایک بیٹا عطا,امام حسین کی آواز آئی :اے ابراہیم، واپس لوٹ جاؤ، میں تمہیں ایک بیٹا عطا,ur/ar,yes,SRC003 p.1 line 911
VAR_04DBEBCC2C,ENT_6F97BF6514,امام حسین کے ساتھ کربلا میں موجود تھیں ان سے حضرت سکینہ سلام اللہ علیہا,امام حسین کے ساتھ کربلا میں موجود تھیں ان سے حضرت سکینہ سلامُ اللہ علیہا,ur/ar,yes,SRC003 p.1 line 526
VAR_30C78F6431,ENT_A56BB2B8A4,امام حسین کے مشن کی امین کا تھا۔,امام حسین کے مشن کی امین کا تھا۔,ur/ar,yes,SRC003 p.1 line 472
VAR_EAD47EAFE9,ENT_BA9F1B8C5D,امام خمینی کی رحلت کے بعد خبرگان قیادت کی جانب سے ایت اللہ خامنہ,امام خمینی کی رحلت کے بعد خبرگانِ قیادت کی جانب سے آیت اللہ خامنہ,ur/ar,yes,SRC003 p.1 line 1124
VAR_A9E8560123,ENT_74DCA777E6,امام خمینی کے ہمراہ اسلامی انقلاب کی فکری و عملی جدوجہد میں فعال کردار ادا,امام خمینی کے ہمراہ اسلامی انقلاب کی فکری و عملی جدوجہد میں فعال کردار ادا,ur/ar,yes,SRC003 p.1 line 1118
VAR_2739E5C10F,ENT_8596845978,امام خمینی، ایت اللہ بروجردی، علامہ طباطبايی اور دیگر اکابر علما شامل ہیں یہی وہ,امام خمینی، آیت اللہ بروجردی، علامہ طباطبائی اور دیگر اکابر علما شامل ہیں یہی وہ,ur/ar,yes,SRC003 p.1 line 1116
VAR_1122C98F40,ENT_2502E41BFD,امام ذہبی ، تاریخ بغداد خطیب بغدادی ۔,امام ذہبی)، تاریخ بغداد (خطیب بغدادی)۔,ur/ar,yes,SRC003 p.1 line 673
VAR_8497115F52,ENT_065D96CFEF,امام ذہبی اہل سنت امام زادے سید جعفر ثانی بن علی النقی الزکی، جعفر کذاب،,امام ذہبی (اہلِ سنت) امام زادے سید جعفر ثانی بن علی النقی الزکی، جعفر کذّاب،,ur/ar,yes,SRC003 p.1 line 786
VAR_896EB816D3,ENT_78E8B70346,امام ذہبی اہل سنت حضرت امام جعفر صادق علیہ السلام صادق ال محمد، امام المتقین،,امام ذہبی (اہلِ سنت) حضرت امام جعفر صادق علیہ السلام صادقِ آلِ محمد، امامُ المتقین،,ur/ar,yes,SRC003 p.1 line 611
VAR_674072C174,ENT_B545FCE62C,امام ذہبی اہل سنت حضرت امام علی نقی علیہ السلام الہادی، النقی، فقیہ العسکر، امام,امام ذہبی (اہل سنت) حضرت امام علی نقی علیہ السلام الہادی، النقی، فقیہُ العسکر، امامُ,ur/ar,yes,SRC003 p.1 line 730
VAR_9CAAEAA16C,ENT_85763F4BBE,امام ذہبی اہل سنت ۔,امام ذہبی اہل سنت)۔,ur/ar,yes,SRC003 p.1 line 642; SRC003 p.1 line 760
VAR_5C97D7FC26,ENT_608C987886,امام ذہبی تلخیص المستدرک جیسے اکابر شامل ہیں۔,امام ذہبی (تلخیص المستدرک) جیسے اکابر شامل ہیں۔,ur/ar,yes,SRC003 p.1 line 383
VAR_F27CBF2296,ENT_D325C31B63,امام ذہبی ۔,امام ذہبی)۔,ur/ar,yes,SRC003 p.1 line 702
VAR_92180A675E,ENT_EFC519FC06,امام ذہبی، مسند احمد، سنن ترمذی حضرت امام زین العابدین علیہ السلام سجاد، زین العابدین،,امام ذہبی، مسند احمد، سنن ترمذی حضرت امام زین العابدین علیہ السلام سجاد، زینُ العابدین،,ur/ar,yes,SRC003 p.1 line 548
VAR_D6B22C64B1,ENT_FC0D52420E,امام رضا علیہ السلام نے یہ رشتہ دینی نہیں بلکہ سیاسی مجبوری کے تحت قبول,امام رضا علیہ السلام نے یہ رشتہ دینی نہیں بلکہ سیاسی مجبوری کے تحت قبول,ur/ar,yes,SRC003 p.1 line 689
VAR_9189F3A535,ENT_803349526D,امام رضا علیہ السلام کو مامون عباسی نے زہر دے کر شہید کیا، جب اپ,امام رضا علیہ السلام کو مامون عباسی نے زہر دے کر شہید کیا، جب آپ,ur/ar,yes,SRC003 p.1 line 698
VAR_352AEA3F33,ENT_AB30334F7F,امام رضا علیہ السلام کے بعد امام محمد تقی سے علمی اور روحانی اثر کو,امام رضا علیہ السلام کے بعد امام محمد تقی سے علمی اور روحانی اثر کو,ur/ar,yes,SRC003 p.1 line 713
VAR_FE0184CFD8,ENT_45504A443F,امام رضا، اور امام جعفر صادق تک پہنچتا ہے۔,امام رضا، اور امام جعفر صادق تک پہنچتا ہے۔,ur/ar,yes,SRC003 p.1 line 1345
VAR_34A3807476,ENT_FD8C5B1BEE,امام زید بن علی زید شہید,امام زید بن علی (زید شہید,ur/ar,yes,SRC003 p.1 line 573
VAR_CCA931E598,ENT_7F55BA5331,امام زین العابدین علیہ السلام بن امام حسین علیہ السلام بن حضرت علی کرم اللہ,امام زین العابدین علیہ السلام بن امام حسین علیہ السلام بن حضرت علی کرم اللہ,ur/ar,yes,SRC003 p.1 line 1646
VAR_1A42572260,ENT_3A86954C89,امام زین العابدین علیہ السلام نے کربلا کے عظیم سانحہ کو نہ صرف اپنی انکھوں,امام زین العابدین علیہ السلام نے کربلا کے عظیم سانحہ کو نہ صرف اپنی آنکھوں,ur/ar,yes,SRC003 p.1 line 566
VAR_148AB392FE,ENT_7EA9B274C2,امام زین العابدین علیہ السلام و حضرت فاطمہ بنت حسن علیہما السلام کے فرزند ارجمند,امام زین العابدین علیہ السلام و حضرت فاطمہ بنت حسن علیہما السلام کے فرزندِ ارجمند,ur/ar,yes,SRC003 p.1 line 586
VAR_5B230A166F,ENT_EC7C02CFA4,امام زین العابدین علیہ السلام پیدا ہويے۔,امام زین العابدین علیہ السلام پیدا ہوئے۔,ur/ar,yes,SRC003 p.1 line 524
VAR_1B1582A848,ENT_637A071E05,امام زین العابدین علیہ السلام کے ہمراہ اسیران اہل بیت میں شامل رہے، اور اسی,امام زین العابدین علیہ السلام کے ہمراہ اسیرانِ اہلِ بیت میں شامل رہے، اور اسی,ur/ar,yes,SRC003 p.1 line 593
VAR_DFB48CFC18,ENT_17F5E5D4E7,امام زین العابدین کی جان بچايی,امام زین العابدین کی جان بچائی,ur/ar,yes,SRC003 p.1 line 473
VAR_02103928A1,ENT_F18A96CAF3,امام سامرہ میں شیعی قیادت کا مرکز توقیعات و وکالت کا اغاز عظیم دعاوں کے,امام سامرہ میں شیعی قیادت کا مرکز توقیعات و وکالت کا آغاز عظیم دعاؤں کے,ur/ar,yes,SRC003 p.1 line 758
VAR_A2704036CA,ENT_8669C08F59,امام سب سے سخی امام الجواد عباسی دربار میں دلیرانہ علمی و دینی دفاع سلسلہ,امام سب سے سخی امام (الجواد) عباسی دربار میں دلیرانہ علمی و دینی دفاع سلسلہ,ur/ar,yes,SRC003 p.1 line 728
VAR_6FA02D9D19,ENT_07F5562703,امام سجاد علیہ السلام نے کسی تلوار، خطبہ یا شورش کے بغیر، عبادت، دعا، علم,امام سجاد علیہ السلام نے کسی تلوار، خطبہ یا شورش کے بغیر، عبادت، دعا، علم,ur/ar,yes,SRC003 p.1 line 579
VAR_D6F1CE4A67,ENT_A889CD7432,امام سجاد کے شاگرد اور معروف تابعی قاسم بن محمد کی صاحبزادی تھیں۔,امام سجاد کے شاگرد اور معروف تابعی قاسم بن محمد کی صاحبزادی تھیں۔,ur/ar,yes,SRC003 p.1 line 615
VAR_B307DF5AE2,ENT_E400204FB9,امام سجاد کے شاگرد و تابعی تھے۔,امام سجاد کے شاگرد و تابعی تھے۔,ur/ar,yes,SRC003 p.1 line 583
VAR_53700F1054,ENT_902E774AF0,امام سیوطی الدر المنثور، جلد,امام سیوطی (الدر المنثور، جلد,ur/ar,yes,SRC003 p.1 line 383
VAR_4B85689A5A,ENT_989BB2D117,امام سے براہ راست منسوب نہیں، بلکہ سادات کے خاندانی عزاداری کے طریقوں میں شامل,امام سے براہ راست منسوب نہیں، بلکہ سادات کے خاندانی عزاداری کے طریقوں میں شامل,ur/ar,yes,SRC003 p.1 line 1789
VAR_9A142C9FFF,ENT_E3F82CDF75,امام طبرانی المعجم الکبیر ، امام نسايی خصايص علی ، امام ابو یعلی، امام ابن حجر عسقلانی,امام طبرانی (المعجم الکبیر)، امام نسائی (خصائص علی)، امام ابو یعلی، امام ابن حجر عسقلانی,ur/ar,yes,SRC003 p.1 line 383
VAR_1CE10920F9,ENT_10BE037D6B,امام طبری، ابن کثیر، رازی کے مطابق نبی کو بعض احکام کے اعلان کے,امام طبری، ابن کثیر، رازی) کے مطابق نبی کو بعض احکام کے اعلان کے,ur/ar,yes,SRC003 p.1 line 349
VAR_064EF19D3C,ENT_345C8ADA33,امام طبری، البدایہ والنہایہ از ابن کثیر، قصص الانبیاء از ابن کثیر۔,امام طبری، البدایہ والنہایہ از ابنِ کثیر، قصص الانبیاء از ابنِ کثیر۔,ur/ar,yes,SRC003 p.1 line 14
VAR_9FDEC844C4,ENT_4DD6A21CFA,امام ظاہر کرنے کی کوشش کی۔,امام ظاہر کرنے کی کوشش کی۔,ur/ar,yes,SRC003 p.1 line 789
VAR_1FA8813DD2,ENT_CC8FFE4C2A,امام علی النقی علیہ السلام,امام علی النقی علیہ السلام,ur/ar,yes,SRC003 p.1 line 789
VAR_623F3C00C8,ENT_877D949B42,امام علی النقی علیہ السلام سے جڑا ہوا ہے حضرت امام علی کی نسل پاک,امام علی النقی علیہ السلام سے جڑا ہوا ہے حضرت امام علی کی نسلِ پاک,ur/ar,yes,SRC003 p.1 line 1934
VAR_235A9AD06C,ENT_2F3FD5ED5A,امام علی النقی علیہ السلام کی نسل سے حضرت سید جلال الدین سرخ پوش بخاری,امام علی النقی علیہ السلام کی نسل سے حضرت سید جلال الدین سرخ پوش بخاری,ur/ar,yes,SRC003 p.1 line 1905
VAR_1378A4D57E,ENT_CEF46A45F2,امام علی النقی علیہ السلام کی نسل سے ہیں، اور جن کا عقیدہ اثنا عشری,امام علی النقی علیہ السلام کی نسل سے ہیں، اور جن کا عقیدہ اثنا عشری,ur/ar,yes,SRC003 p.1 line 1901
VAR_6468D4B324,ENT_BA82B41307,امام علی النقی علیہ السلام کی نسل پاک سے، نسب نامہ امام حسین علیہ السلام,امام علی النقی علیہ السلام کی نسلِ پاک سے، نسب نامہ امام حسین علیہ السلام,ur/ar,yes,SRC003 p.1 line 1189
VAR_66BB37A7EB,ENT_C7A96996A3,امام علی النقی علیہ السلام کے ایک بیٹے کے ذریعے سید علی عرب کے برادر,امام علی النقی علیہ السلام کے ایک بیٹے کے ذریعے سید علی عرب کے برادر,ur/ar,yes,SRC003 p.1 line 1915
VAR_BF6B1C80CC,ENT_EF561BC32F,امام علی النقی علیہ السلام کے فرزند اور امام حسن عسکری علیہ السلام کے بھايی,امام علی النقی علیہ السلام کے فرزند اور امام حسن عسکری علیہ السلام کے بھائی,ur/ar,yes,SRC003 p.1 line 786
VAR_92DB69C4A7,ENT_D4E4D70147,امام علی بن ابی طالب علیہ السلام کے فرزند، اہل بیت اطہار کے تیسرے امام،,امام علی بن ابی طالب علیہ السلام کے فرزند، اہل بیت اطہار کے تیسرے امام،,ur/ar,yes,SRC003 p.1 line 506
VAR_EF3FE2FA61,ENT_793C796F4B,امام علی رضا بن امام موسی کاظم علیہم السلام، علماء انساب نے حضرت سید عبداللہ,امام علی رضا بن امام موسیٰ کاظم علیہم السلام، علماءِ انساب نے حضرت سید عبداللہ,ur/ar,yes,SRC003 p.1 line 834
VAR_612631B798,ENT_DEB5BFF03B,امام علی رضا علیہ السلام تھے اور والدہ سبیکہ خاتون سلام اللہ علیہا جنہیں خیزران,امام علی رضا علیہ السلام تھے اور والدہ سبیکہ خاتون سلام اللہ علیہا (جنہیں خیزران,ur/ar,yes,SRC003 p.1 line 707
VAR_FF4FB523B4,ENT_26B948DC50,امام علی رضا علیہ السلام نے اپنے زمانے میں علم، مناظرات، تدریس، اور اہل بیت,امام علی رضا علیہ السلام نے اپنے زمانے میں علم، مناظرات، تدریس، اور اہل بیت,ur/ar,yes,SRC003 p.1 line 692
VAR_52E839A7DD,ENT_7E7657D5BE,امام علی رضا علیہ السلام نے عباسی خلیفہ مامون الرشید کی بیٹی سے بھی نکاح,امام علی رضا علیہ السلام نے عباسی خلیفہ مامون الرشید کی بیٹی سے بھی نکاح,ur/ar,yes,SRC003 p.1 line 688
VAR_ABB852ACD8,ENT_179FF38712,امام علی رضا علیہ السلام کو مرو سے بغداد لے جانے کا ارادہ کیا، مگر,امام علی رضا علیہ السلام کو مرو سے بغداد لے جانے کا ارادہ کیا، مگر,ur/ar,yes,SRC003 p.1 line 696
VAR_C21C5FB2F1,ENT_4105E5C99A,امام علی رضا علیہ السلام کی ایک ہی فرزند مسلم الثبوت ہے حضرت امام محمد,امام علی رضا علیہ السلام کی ایک ہی فرزند مسلم الثبوت ہے: حضرت امام محمد,ur/ar,yes,SRC003 p.1 line 690
VAR_0DBF6137C3,ENT_423C3A037C,امام علی رضا علیہ السلام کی شہادت کے بعد منصب امامت سنبھالا۔,امام علی رضا علیہ السلام کی شہادت کے بعد منصبِ امامت سنبھالا۔,ur/ar,yes,SRC003 p.1 line 710
VAR_6C140845C3,ENT_430FC431CF,امام علی علیہ السلام نے منتخب کیا اور امام حسین سے نکاح کرایا ان ہی,امام علی علیہ السلام نے منتخب کیا اور امام حسین سے نکاح کرایا ان ہی,ur/ar,yes,SRC003 p.1 line 524
VAR_0886DFE078,ENT_FA4760C3F8,امام علی مرکز شیعہ عرفانی و تصوفی گروہ تھا، جسے تاریخی و تحقیقی مصادر میں,امام علی مرکز شیعہ عرفانی و تصوفی گروہ تھا، جسے تاریخی و تحقیقی مصادر میں,ur/ar,yes,SRC003 p.1 line 990
VAR_B0ADE0B0E1,ENT_7AC7BBE2CF,امام علی نقی الہادی علیہ السلام دسویں امام، جن سے سلسلہ امامت جاری رہا۔,امام علی نقی الہادی علیہ السلام دسویں امام، جن سے سلسلہ امامت جاری رہا۔,ur/ar,yes,SRC003 p.1 line 715
VAR_BA564DF385,ENT_8D5921BB2D,امام علی نقی الہادی علیہ السلام۔,امام علی نقی الہادی علیہ السلام۔,ur/ar,yes,SRC003 p.1 line 923
VAR_F2FCB59DA3,ENT_806A54808C,امام علی نقی بن امام محمد تقی بن امام علی رضا بن امام موسی کاظم,امام علی نقی بن امام محمد تقی بن امام علی رضا بن امام موسیٰ کاظم,ur/ar,yes,SRC003 p.1 line 817
VAR_5CB79003CE,ENT_389457465E,امام علی نقی سب سے مشہور اور منصوص امام ہیں۔,امام علی نقی سب سے مشہور اور منصوص امام ہیں۔,ur/ar,yes,SRC003 p.1 line 716
VAR_F8584D53D0,ENT_3A31E9371E,امام علی نقی سے حضرت سید جلال الدین سرخ پوش بخاری، درگاہ اوچ شریف، مخدوم,امام علی نقی سے حضرت سید جلال الدین سرخ پوش بخاری، درگاہِ اُوچ شریف، مخدوم,ur/ar,yes,SRC003 p.1 line 5
VAR_9B66EF56C0,ENT_6F843F322F,امام علی نقی علیہ السلام بن امام محمد تقی علیہ السلام بن امام علی رضا,امام علی نقی علیہ السلام بن امام محمد تقی علیہ السلام بن امام علی رضا,ur/ar,yes,SRC003 p.1 line 1646
VAR_42D951D484,ENT_DA9E66FF5F,امام علی نقی علیہ السلام تھے۔,امام علی نقی علیہ السلام تھے۔,ur/ar,yes,SRC003 p.1 line 1150
VAR_0089536C6C,ENT_5939CFC7B7,امام علی نقی علیہ السلام سے ہیں بلکہ سادات بخاری کی مرکزی نسبی زنجیر میں,امام علی نقی علیہ السلام سے ہیں بلکہ سادات بخاری کی مرکزی نسبی زنجیر میں,ur/ar,yes,SRC003 p.1 line 1149
VAR_5368A0E1A2,ENT_49E27EA527,امام علی نقی علیہ السلام والدہ سیدہ سلیل خاتون سلام اللہ علیہا، جو نہایت عبادت,امام علی نقی علیہ السلام والدہ: سیدہ سلیل خاتون سلام اللہ علیہا، جو نہایت عبادت,ur/ar,yes,SRC003 p.1 line 765
VAR_35404937F0,ENT_15B42A138F,امام علی نقی علیہ السلام کا زمانہ عباسی ظلم و جبر کا شدید دور تھا۔,امام علی نقی علیہ السلام کا زمانہ عباسی ظلم و جبر کا شدید دور تھا۔,ur/ar,yes,SRC003 p.1 line 741
VAR_0ADF8FA9DB,ENT_12450FE65C,امام علی نقی علیہ السلام کو علی ابن امام جعفر صادق علیہ السلام سمجھ لیا,امام علی نقی علیہ السلام کو علی ابن امام جعفر صادق علیہ السلام سمجھ لیا,ur/ar,yes,SRC003 p.1 line 1834
VAR_DAD42CFD26,ENT_C66FD28709,امام علی نقی علیہ السلام کی بڑھتی ہويی روحانی مرکزیت اور سامرہ میں عوامی رجوع,امام علی نقی علیہ السلام کی بڑھتی ہوئی روحانی مرکزیت اور سامرہ میں عوامی رجوع,ur/ar,yes,SRC003 p.1 line 756
VAR_91D60E453C,ENT_894042CC55,امام علی نقی علیہ السلام کی شہادت کے بعد منصب امامت سنبھالا۔,امام علی نقی علیہ السلام کی شہادت کے بعد منصبِ امامت سنبھالا۔,ur/ar,yes,SRC003 p.1 line 766
VAR_9DBA3F1400,ENT_22C30C57CE,امام علی نقی علیہ السلام کے سلسلہ نسب سے تھے اور امام حسین علیہ السلام,امام علی نقی علیہ السلام کے سلسلۂ نسب سے تھے اور امام حسین علیہ السلام,ur/ar,yes,SRC003 p.1 line 1174
VAR_B9E57DC5BE,ENT_47EA5D135E,امام علی نقی علیہ السلام کے فرزند تھے۔,امام علی نقی علیہ السلام کے فرزند تھے۔,ur/ar,yes,SRC003 p.1 line 815
VAR_487D2CD9FB,ENT_E492A54B06,امام علی نقی علیہ السلام کے واسطے سے حضرت امام حسین علیہ السلام تک پہنچتا,امام علی نقی علیہ السلام کے واسطے سے حضرت امام حسین علیہ السلام تک پہنچتا,ur/ar,yes,SRC003 p.1 line 1490
VAR_F9CBCA4A5D,ENT_69878B37FA,امام علی نقی علیہ السلام ہے۔,امام علی نقی علیہ السلام ہے۔,ur/ar,yes,SRC003 p.1 line 1159
VAR_331648E782,ENT_1B02C782BD,امام علی نقی و امام حسین عہد اور خاندانی ذمہ داریاں حضرت سید نظام الدین,امام علی نقی و امام حسین عہد اور خاندانی ذمہ داریاں حضرت سید نظام الدین,ur/ar,yes,SRC003 p.1 line 1502
VAR_B35D57155E,ENT_7BED14F86D,امام علی نقی کے پہلو میں شہادت کا پس منظر امام حسن عسکری علیہ السلام,امام علی نقی کے پہلو میں شہادت کا پس منظر امام حسن عسکری علیہ السلام,ur/ar,yes,SRC003 p.1 line 781
VAR_A3B5ECC580,ENT_CF00EE7A34,امام علیہ السلام نے فقہ اہل بیت کو منظم کیا، جس پر اہل تشیع کے,امام علیہ السلام نے فقہِ اہلِ بیت کو منظم کیا، جس پر اہل تشیع کے,ur/ar,yes,SRC003 p.1 line 632
VAR_B164B4C460,ENT_6BA784C448,امام فخر رازی، سیوطی، اور ابن جریر طبری کی بعض روایات میں کے نزدیک یہ,امام فخر رازی، سیوطی، اور ابن جریر طبری کی بعض روایات میں کے نزدیک یہ,ur/ar,yes,SRC003 p.1 line 341
VAR_86136C159E,ENT_FCCF752C54,امام قرار پايے۔,امام قرار پائے۔,ur/ar,yes,SRC003 p.1 line 441
VAR_B2A47B18FE,ENT_5F067F63CA,امام مانا اور یہ عقیدہ نسل در نسل منتقل ہوتا رہا ہے۔,امام مانا اور یہ عقیدہ نسل در نسل منتقل ہوتا رہا ہے۔,ur/ar,yes,SRC003 p.1 line 1803
VAR_CD36386AD7,ENT_0B7552C129,امام مانتے تھے۔,امام مانتے تھے۔,ur/ar,yes,SRC003 p.1 line 654
VAR_F70293F210,ENT_A8FB8008B6,امام محمد باقر ابو جعفر الاول تھے ۔,امام محمد باقر ابو جعفر الاوّل تھے)۔,ur/ar,yes,SRC003 p.1 line 708
VAR_7370D01912,ENT_CE8D1661C5,امام محمد باقر بن امام زین العابدین بن امام حسین بن حضرت علی بن ابی,امام محمد باقر بن امام زین العابدین بن امام حسین بن حضرت علی بن ابی,ur/ar,yes,SRC003 p.1 line 1142
VAR_18137B7597,ENT_6C11ED1008,امام محمد باقر علیہ السلام نے علم کی بنیاد سے بچایا، تو حضرت امام جعفر,امام محمد باقر علیہ السلام نے علم کی بنیاد سے بچایا، تو حضرت امام جعفر,ur/ar,yes,SRC003 p.1 line 641
VAR_908A97D6F6,ENT_5D459457D1,امام محمد باقر علیہ السلام نے علم، حدیث، فقہ، تفسیر، اور کلام جیسے علوم کی,امام محمد باقر علیہ السلام نے علم، حدیث، فقہ، تفسیر، اور کلام جیسے علوم کی,ur/ar,yes,SRC003 p.1 line 600
VAR_F8EFA798D2,ENT_50B3B5F61E,امام محمد باقر علیہ السلام و حضرت ام فروہ بنت قاسم بن محمد کی فرزند,امام محمد باقر علیہ السلام و حضرت ام فروہ بنت قاسم بن محمد کی فرزند,ur/ar,yes,SRC003 p.1 line 611
VAR_0BF2378D03,ENT_A62C9C6591,امام محمد باقر علیہ السلام وہ امام ہیں جنہوں نے خون کربلا کے بعد علمی,امام محمد باقر علیہ السلام وہ امام ہیں جنہوں نے خونِ کربلا کے بعد علمی,ur/ar,yes,SRC003 p.1 line 610
VAR_FF6983DCF4,ENT_6520515584,امام محمد باقر علیہ السلام کی شہادت کے بعد منصب امامت سنبھالا۔,امام محمد باقر علیہ السلام کی شہادت کے بعد منصبِ امامت سنبھالا۔,ur/ar,yes,SRC003 p.1 line 619
VAR_DDF6AE23EE,ENT_FF20C7E158,امام محمد باقر علیہ السلام کے علمی انقلاب کی بنیاد رکھی۔,امام محمد باقر علیہ السلام کے علمی انقلاب کی بنیاد رکھی۔,ur/ar,yes,SRC003 p.1 line 565
VAR_09E494FD02,ENT_31BD0FB3BB,امام محمد باقر کی والدہ,امام محمد باقر کی والدہ,ur/ar,yes,SRC003 p.1 line 571
VAR_92B2C03706,ENT_8A49BA1C61,امام محمد تقی الجواد علیہ السلام کی شہادت کے بعد منصب امامت سنبھالا۔,امام محمد تقی الجواد علیہ السلام کی شہادت کے بعد منصبِ امامت سنبھالا۔,ur/ar,yes,SRC003 p.1 line 737
VAR_3AAA69AB14,ENT_3BCE978BAD,امام محمد تقی بن امام علی رضا بن امام موسی کاظم بن امام جعفر صادق,امام محمد تقی بن امام علی رضا بن امام موسیٰ کاظم بن امام جعفر صادق,ur/ar,yes,SRC003 p.1 line 1142
VAR_C3F797202B,ENT_8BE8B4C65F,امام محمد تقی علیہ السلام والدہ سیدہ سمانہ مغربیہ سلام اللہ علیہا، جو نیک، عارفہ،,امام محمد تقی علیہ السلام والدہ: سیدہ سمانہ مغربیہ سلام اللہ علیہا، جو نیک، عارفہ،,ur/ar,yes,SRC003 p.1 line 734
VAR_459BA822B9,ENT_D72B3EE710,امام محمد تقی علیہ السلام پیدا ہويے۔,امام محمد تقی علیہ السلام پیدا ہوئے۔,ur/ar,yes,SRC003 p.1 line 687
VAR_22DA93BFD8,ENT_2566BDFF3A,امام محمد تقی علیہ السلام کم سنی تقریبا,امام محمد تقی علیہ السلام کم سنی (تقریباً,ur/ar,yes,SRC003 p.1 line 717
VAR_D7EC4CA196,ENT_8F7F5CFE41,امام محمد تقی علیہ السلام کی اصلی نسل اور امامت کی وراثت اپ کی دوسری,امام محمد تقی علیہ السلام کی اصلی نسل اور امامت کی وراثت آپ کی دوسری,ur/ar,yes,SRC003 p.1 line 714
VAR_10ED3E88EF,ENT_7DB49808EF,امام محمد تقی علیہ السلام کی کم عمری پر اعتراض کیا تو اپ نے قرانی,امام محمد تقی علیہ السلام کی کم عمری پر اعتراض کیا تو آپ نے قرآنی,ur/ar,yes,SRC003 p.1 line 719
VAR_96D8FD397D,ENT_7B273ABECF,امام محمد تقی علیہ السلام کے بڑھتے ہويے علمی و روحانی اثر سے خوفزدہ تھا۔,امام محمد تقی علیہ السلام کے بڑھتے ہوئے علمی و روحانی اثر سے خوفزدہ تھا۔,ur/ar,yes,SRC003 p.1 line 725
VAR_ECF531E2AE,ENT_26326AFB1E,امام محمد تقی علیہ السلام کے روضہ کے ساتھ ہے۔,امام محمد تقی علیہ السلام کے روضہ کے ساتھ ہے۔,ur/ar,yes,SRC003 p.1 line 670
VAR_9368F24A3C,ENT_C31C736251,امام محمد تقی ہی کو امام رضا کا واحد جانشین اور وارث علم و امامت,امام محمد تقی ہی کو امام رضا کا واحد جانشین اور وارثِ علم و امامت,ur/ar,yes,SRC003 p.1 line 691
VAR_05C4A66FD7,ENT_F6B228C556,امام موسی کاظم ابو الحسن الاول تھے اپ کے دیگر معروف القابات میں عالم ال,امام موسیٰ کاظم ابو الحسن الاوّل تھے) آپ کے دیگر معروف القابات میں عالم آل,ur/ar,yes,SRC003 p.1 line 681
VAR_37F10AA5A3,ENT_4CA2491002,امام موسی کاظم ابو الحسن الاول، امام علی رضا ابو الحسن الثانی ۔,امام موسیٰ کاظم: ابو الحسن الاوّل، امام علی رضا: ابو الحسن الثانی)۔,ur/ar,yes,SRC003 p.1 line 735
VAR_1B0C06B9BC,ENT_CB6F7A7A59,امام موسی کاظم اور بعد کے ايمہ کی نسل سے تعلق رکھتے ہیں۔,امام موسیٰ کاظم اور بعد کے ائمہ کی نسل سے تعلق رکھتے ہیں۔,ur/ar,yes,SRC003 p.1 line 1789
VAR_776B1DA154,ENT_B97BCA6C67,امام موسی کاظم بن امام جعفر صادق بن امام محمد باقر بن امام زین العابدین,امام موسیٰ کاظم بن امام جعفر صادق بن امام محمد باقر بن امام زین العابدین,ur/ar,yes,SRC003 p.1 line 1190; SRC003 p.1 line 1347
VAR_0F30D4CD49,ENT_826B907388,امام موسی کاظم سے بتاتے ہیں، ان میں,امام موسیٰ کاظم سے بتاتے ہیں، ان میں,ur/ar,yes,SRC003 p.1 line 1789
VAR_39FA0B9E3A,ENT_33019CE6A9,امام موسی کاظم علیہ السلام بن امام جعفر صادق علیہ السلام بن امام محمد باقر,امام موسیٰ کاظم علیہ السلام بن امام جعفر صادق علیہ السلام بن امام محمد باقر,ur/ar,yes,SRC003 p.1 line 1646
VAR_31594540D8,ENT_96BC6E326C,امام موسی کاظم علیہ السلام والدہ حضرت نجمہ خاتون سلام اللہ علیہا، جو نہایت عابدہ،,امام موسیٰ کاظم علیہ السلام والدہ: حضرت نجمہ خاتون سلام اللہ علیہا، جو نہایت عابدہ،,ur/ar,yes,SRC003 p.1 line 679
VAR_705A354CB5,ENT_5A2AC4B274,امام موسی کاظم علیہ السلام کا دور بنی عباس کے جابر حکمرانوں خصوصا ہارون الرشید,امام موسیٰ کاظم علیہ السلام کا دور بنی عباس کے جابر حکمرانوں (خصوصاً ہارون الرشید,ur/ar,yes,SRC003 p.1 line 665
VAR_8C73A2ACC2,ENT_780EEBCC53,امام موسی کاظم علیہ السلام کی شہادت کے بعد منصب امامت سنبھالا۔,امام موسیٰ کاظم علیہ السلام کی شہادت کے بعد منصبِ امامت سنبھالا۔,ur/ar,yes,SRC003 p.1 line 682
VAR_1E5808EDBA,ENT_AE03D1A98F,امام موسی کاظم علیہ السلام کی کل اولاد,امام موسیٰ کاظم علیہ السلام کی کل اولاد,ur/ar,yes,SRC003 p.1 line 663
VAR_24BA21323E,ENT_A88831987B,امام موسی کاظم علیہ السلام کے بعد اپ کو نص جلی کے ذریعے امامت کے,امام موسیٰ کاظم علیہ السلام کے بعد آپ کو نصِّ جلی کے ذریعے امامت کے,ur/ar,yes,SRC003 p.1 line 675
VAR_124E15DEE5,ENT_6719CE406E,امام موسی کاظم علیہ السلام کے پہلو میں واقع ہے۔,امام موسیٰ کاظم علیہ السلام کے پہلو میں واقع ہے۔,ur/ar,yes,SRC003 p.1 line 727
VAR_AD3518520C,ENT_698DB7E832,امام موسی کاظم نے قید و خاموش استقامت سے امامت کو محفوظ رکھا۔,امام موسیٰ کاظم نے قید و خاموش استقامت سے امامت کو محفوظ رکھا۔,ur/ar,yes,SRC003 p.1 line 672
VAR_DDF70751AD,ENT_8F82200F42,امام موسی کاظم کی اولاد کے خاندانوں میں عزاداری کے مختلف روایتی طریقے موجود ہیں،,امام موسیٰ کاظم کی اولاد کے خاندانوں میں عزاداری کے مختلف روایتی طریقے موجود ہیں،,ur/ar,yes,SRC003 p.1 line 1788
VAR_3BC8F4F403,ENT_ED199A1E52,امام موسی کاظم کے خاندانوں میں مشہور ہے، جنہوں نے نسل در نسل اپنے عقايد،,امام موسیٰ کاظم کے خاندانوں میں مشہور ہے، جنہوں نے نسل در نسل اپنے عقائد،,ur/ar,yes,SRC003 p.1 line 1786
VAR_1B3BB7EC61,ENT_FB1149DBA6,امام مہدی علیہ السلام بارہویں امام، امام منتظر، امام قايم، اور صاحب العصر والزمان ہیں،,امام مہدی علیہ السلام بارہویں امام، امام منتظر، امام قائم، اور صاحب العصر والزمان ہیں،,ur/ar,yes,SRC003 p.1 line 771
VAR_2B52EFFEFA,ENT_46C9DFFA9A,امام مہدی علیہ السلام سے رابطے کی بنیاد بنا۔,امام مہدی علیہ السلام سے رابطے کی بنیاد بنا۔,ur/ar,yes,SRC003 p.1 line 753
VAR_859400C240,ENT_ECE05CA151,امام مہدی علیہ السلام کی امامت و غیبت کا انکار کیا۔,امام مہدی علیہ السلام کی امامت و غیبت کا انکار کیا۔,ur/ar,yes,SRC003 p.1 line 787
VAR_53635E63F7,ENT_0C1A9BF72D,امام مہدی علیہ السلام کی امامت کا انکار کیا، لیکن بعد میں توبہ کر کے,امام مہدی علیہ السلام کی امامت کا انکار کیا، لیکن بعد میں توبہ کر کے,ur/ar,yes,SRC003 p.1 line 811
VAR_F6276B2BA9,ENT_5AB21B1284,امام مہدی علیہ السلام کی جانب سے ایک توقیع میں فرمایا گیا اے ال محمد,امام مہدی علیہ السلام کی جانب سے ایک توقیع میں فرمایا گیا اے آلِ محمدؐ,ur/ar,yes,SRC003 p.1 line 794
VAR_D2F694FA78,ENT_9896AA0802,امام مہدی علیہ السلام کی غیبت صغری کے دوران ان کے نايبین کو اذیت دی,امام مہدی علیہ السلام کی غیبت صغری کے دوران ان کے نائبین کو اذیت دی,ur/ar,yes,SRC003 p.1 line 790
VAR_89D3F5B64F,ENT_2F066B774B,امام مہدی علیہ السلام کے غیبت کے دور میں بنیادی ذریعہ بنے۔,امام مہدی علیہ السلام کے غیبت کے دور میں بنیادی ذریعہ بنے۔,ur/ar,yes,SRC003 p.1 line 745
VAR_DCD8387E31,ENT_625E16A4AD,امام مہدی کی ولادت کا خدشہ عباسی حکومت کے لیے ناقابل برداشت بن چکا تھا۔,امام مہدی کی ولادت کا خدشہ عباسی حکومت کے لیے ناقابلِ برداشت بن چکا تھا۔,ur/ar,yes,SRC003 p.1 line 781
VAR_A2A4A19EE7,ENT_8792BF3C06,امام نسفی مدارک التنزیل ، امام فخر الدین رازی تفسیر کبیر ، اور امام ابن جریر طبری,امام نسفی (مدارک التنزیل)، امام فخر الدین رازی (تفسیر کبیر)، اور امام ابن جریر طبری,ur/ar,yes,SRC003 p.1 line 384
VAR_96F88D8A72,ENT_6683093CBD,امام نقی علیہ السلام کو عباسی خلیفہ معتمد عباسی نے زہر دے کر شہید کرایا۔,امام نقی علیہ السلام کو عباسی خلیفہ معتمد عباسی نے زہر دے کر شہید کرایا۔,ur/ar,yes,SRC003 p.1 line 754
VAR_6C7EB88946,ENT_5D964DA192,امام نے ان کی امامت کی نفی فرمايی، بعض روایات میں اتا ہے کہ اپ,امام نے ان کی امامت کی نفی فرمائی، بعض روایات میں آتا ہے کہ آپ,ur/ar,yes,SRC003 p.1 line 626
VAR_D3A8E5BA66,ENT_A1EEA4E897,امام نے عباسی دربار میں مناظرہ کر کے علم و امامت کا کمال ظاہر کیا۔,امام نے عباسی دربار میں مناظرہ کر کے علم و امامت کا کمال ظاہر کیا۔,ur/ar,yes,SRC003 p.1 line 717
VAR_40916AB913,ENT_6ADCDB3363,امام کو خلافت کے قریب لا کر اپنے اقتدار کو مذہبی جواز فراہم کر سکے،,امام کو خلافت کے قریب لا کر اپنے اقتدار کو مذہبی جواز فراہم کر سکے،,ur/ar,yes,SRC003 p.1 line 689
VAR_F5E8C894C4,ENT_30EA9D45B2,امام کو شہید کر دیا گیا۔,امام کو شہید کر دیا گیا۔,ur/ar,yes,SRC003 p.1 line 726
VAR_BBF69C56C7,ENT_E78579A0DA,امام کہلاتے ہیں، جنہوں نے کربلا کو دیکھا بھی اور بعد میں علمی صورت میں,امام کہلاتے ہیں، جنہوں نے کربلا کو دیکھا بھی اور بعد میں علمی صورت میں,ur/ar,yes,SRC003 p.1 line 593
VAR_DCAA4A95E3,ENT_C1629A0BFD,امام کی اولاد کا نہیں تھا بلکہ ایک جامع ورژن تھا، جس میں تمام خاندانوں,امام کی اولاد کا نہیں تھا بلکہ ایک جامع ورژن تھا، جس میں تمام خاندانوں,ur/ar,yes,SRC003 p.1 line 1890
VAR_6091E2727F,ENT_9498E48369,امام کی شہادت کے بعد شیعہ جماعت منظم رہے۔,امام کی شہادت کے بعد شیعہ جماعت منظم رہے۔,ur/ar,yes,SRC003 p.1 line 775
VAR_1227E08F92,ENT_214F2A6FC7,امام کی عمر کم ہی کیوں نہ ہو۔,امام کی عمر کم ہی کیوں نہ ہو۔,ur/ar,yes,SRC003 p.1 line 729
VAR_426FAE8943,ENT_ACF674CCC0,امام ہونے کی بنیاد پر روحانی اور نظریاتی قربت رکھتے تھے۔,امام ہونے کی بنیاد پر روحانی اور نظریاتی قربت رکھتے تھے۔,ur/ar,yes,SRC003 p.1 line 1809
VAR_D94CA751D0,ENT_3C816DD6CB,امام ہیں جن کا نسب حضرت امام حسن اور حضرت امام حسین دونوں سے جا,امام ہیں جن کا نسب حضرت امام حسن اور حضرت امام حسین دونوں سے جا,ur/ar,yes,SRC003 p.1 line 617
VAR_4B4E18B286,ENT_7A743A61C6,امام ہیں، اور اخرالزمان میں ظہور فرمايیں گے۔,امام ہیں، اور آخرالزمان میں ظہور فرمائیں گے۔,ur/ar,yes,SRC003 p.1 line 763
VAR_B7D61EFFCA,ENT_ACC24C87F8,امام ہیں، جو اپ کے مقام علمی و روحانی کی ایک منفرد جہت ہے۔,امام ہیں، جو آپ کے مقامِ علمی و روحانی کی ایک منفرد جہت ہے۔,ur/ar,yes,SRC003 p.1 line 618
VAR_4ADB5022B1,ENT_4A57CF36AC,امام، اور اسلام کے حقیقی معارف کے شارح ہیں۔,امام، اور اسلام کے حقیقی معارف کے شارح ہیں۔,ur/ar,yes,SRC003 p.1 line 589
VAR_4943636F76,ENT_374FAA5763,امام، اور امام محمد تقی الجواد علیہ السلام کے فرزند برحق ہیں۔,امام، اور امام محمد تقی الجواد علیہ السلام کے فرزندِ برحق ہیں۔,ur/ar,yes,SRC003 p.1 line 732
VAR_1DB2D10E44,ENT_64A636700B,امام، اور حضرت امام محمد مہدی عجل اللہ تعالی فرجہ الشریف کے والد ماجد ہیں،,امام، اور حضرت امام محمد مہدی عجل اللہ تعالیٰ فرجہ الشریف کے والد ماجد ہیں،,ur/ar,yes,SRC003 p.1 line 763
VAR_FA0F68E4B8,ENT_0C2BE43A6A,امام، عالم ربانی، اور اہل بیت کے عظیم وارث ہیں، جنہوں نے کربلا کے بعد,امام، عالمِ ربانی، اور اہل بیت کے عظیم وارث ہیں، جنہوں نے کربلا کے بعد,ur/ar,yes,SRC003 p.1 line 552
VAR_23C33BE927,ENT_3C1DDBCE53,امام، علم، تقوی، زہد، اور مظلومیت کے عظیم نشان تھے۔,امام، علم، تقویٰ، زہد، اور مظلومیت کے عظیم نشان تھے۔,ur/ar,yes,SRC003 p.1 line 761
VAR_7A10399106,ENT_0DDB7B7DAC,امام، علم، حلم، زہد، عبادت اور صبر کے پیکر ہیں۔,امام، علم، حلم، زہد، عبادت اور صبر کے پیکر ہیں۔,ur/ar,yes,SRC003 p.1 line 643
VAR_9380BBCD87,ENT_572D4405DB,امام، علم، سخاوت، زہد اور پاکیزگی کے روشن چراغ تھے۔,امام، علم، سخاوت، زہد اور پاکیزگی کے روشن چراغ تھے۔,ur/ar,yes,SRC003 p.1 line 703
VAR_DDE51490C2,ENT_F93137BF64,امام، منصوص من اللہ، اور امام علی رضا علیہ السلام کے واحد فرزند تھے۔,امام، منصوص من اللہ، اور امام علی رضا علیہ السلام کے واحد فرزند تھے۔,ur/ar,yes,SRC003 p.1 line 705
VAR_2BDABFEA76,ENT_E13C69CA65,انوش,انوش,ur/ar,yes,SRC003 Urdu text: Adam-to-Abdul-Muttalib arrow chain; SRC003 p.1 line 1
VAR_7D12D82274,ENT_3A63190598,بشرلی لقب بیم ۔ طبع,بشرلی (لقب بیم ۔ طبع),ur/ar,yes,SRC003 Urdu text: Adam-to-Abdul-Muttalib arrow chain; SRC003 p.1 line 1
VAR_8996430BF4,ENT_088096F211,بشیرلی لقب بیم ۔ طبع,بشیرلی (لقب بیم ۔ طبع),ur/ar,yes,SRC003 Urdu text: Adam-to-Abdul-Muttalib arrow chain; SRC003 p.1 line 1
VAR_89F49B0CFC,ENT_1CD9C2F9C2,بلداس محتل,بلداس (محتل),ur/ar,yes,SRC003 Urdu text: Adam-to-Abdul-Muttalib arrow chain; SRC003 p.1 line 1
VAR_60681E7C38,ENT_21E2181E03,بی بی امۃ اللہ سادات خاندان کی خاتون، جن سے کيی صاحبزادے پیدا ہويے۔,بی بی امۃ اللہ سادات خاندان کی خاتون، جن سے کئی صاحبزادے پیدا ہوئے۔,ur/ar,yes,SRC003 p.1 line 1380
VAR_5CBF5F6B34,ENT_15AD7C4B15,بی بی طاہرہ زہرا بنت سید بدرالدین بھاکری بھکر بیٹے سید صدرالدین محمد غوث، سید بہاوالدین,بی بی طاہرہ (زہرا) بنت سید بدرالدین بھاکری (بھکر): بیٹے: سید صدرالدین محمد غوث، سید بہاؤالدین,ur/ar,yes,SRC003 p.1 line 1205
VAR_40F50E1D66,ENT_DA346E869E,بی بی فاطمہ معصومہ سلام اللہ علیہا، جن کا مزار قم ایران میں واقع ہے اور,بی بی فاطمہ معصومہ سلام اللہ علیہا، جن کا مزار قم (ایران) میں واقع ہے اور,ur/ar,yes,SRC003 p.1 line 664
VAR_51D112A027,ENT_09532BE63F,بی بی نجم النساء جن کا تعلق روحانی خانوادے سے تھا۔,بی بی نجم النساء جن کا تعلق روحانی خانوادے سے تھا۔,ur/ar,yes,SRC003 p.1 line 1382
VAR_1845750637,ENT_DC6EA49013,بی بی کاندھاری بیگم ان کی ہم عقیدہ تھیں، جس کے باعث یہ انتظام عمل میں,بی بی کاندھاری بیگم ان کی ہم عقیدہ تھیں، جس کے باعث یہ انتظام عمل میں,ur/ar,yes,SRC003 p.1 line 1609
VAR_69DA364F2C,ENT_9C5FA7EBBA,بی بی کاندھاری بیگم کی تدفین کے لیے وہ زمین منتخب کی جہاں ان کی قبر,بی بی کاندھاری بیگم کی تدفین کے لیے وہ زمین منتخب کی جہاں ان کی قبر,ur/ar,yes,SRC003 p.1 line 1607
VAR_25FB78F670,ENT_0596227B13,بی بی ہاج اور بی بی تاج کی قبر بھی موجود ہیں عوام الناس میں اپ,بی بی ہاج اور بی بی تاج کی قبر بھی موجود ہیں عوام الناس میں آپ,ur/ar,yes,SRC003 p.1 line 1531
VAR_51C13FCAC1,ENT_1B3A2EE7F8,تارخ ازر,تارخ (آزر),ur/ar,yes,SRC003 Urdu text: Adam-to-Abdul-Muttalib arrow chain; SRC003 p.1 line 1
VAR_56BF3E2729,ENT_C0BBF05905,جام لقب علقم,جام (لقب علقم),ur/ar,yes,SRC003 Urdu text: Adam-to-Abdul-Muttalib arrow chain; SRC003 p.1 line 1
VAR_DDC7B89E69,ENT_1CB88F85E3,حافظ بنے۔,حافظ بنے۔,ur/ar,yes,SRC003 p.1 line 54
VAR_29EE7F2D53,ENT_0DA57B42C8,حافظ رہے ہیں۔,حافظ رہے ہیں۔,ur/ar,yes,SRC003 p.1 line 1923
VAR_603B702667,ENT_659ACC6C45,حافظ سید شاہ زین علی اور ان کے دونوں بھايیوں سید شاہ زیب علی اور,حافظ سید شاہ زین علی اور ان کے دونوں بھائیوں سید شاہ زیب علی اور,ur/ar,yes,SRC003 p.1 line 1873
VAR_A835F01B2E,ENT_492FCE13FF,حافظ سید شاہ زین علی نقوی، سید شارق علی نقوی، اور سید یوشع علی نقوی,حافظ سیّد شاہ زین علی نقوی، سیّد شارق علی نقوی، اور سیّد یوشع علی نقوی,ur/ar,yes,SRC003 p.1 line 1756
VAR_1E3407A1DC,ENT_C71213A378,حافظ، سرپرست اور خیرخواہ رہے۔,حافظ، سرپرست اور خیرخواہ رہے۔,ur/ar,yes,SRC003 p.1 line 201
VAR_A0853AF0DC,ENT_45866297C6,حرا العوام,حرا (العوام),ur/ar,yes,SRC003 Urdu text: Adam-to-Abdul-Muttalib arrow chain; SRC003 p.1 line 1
VAR_F4C3A098D6,ENT_F8B55F6B56,حضرت ابراہیم بن ادہم,حضرت ابراہیم بن ادہم,ur/ar,yes,SRC003 p.1 line 889
VAR_85E085CDC5,ENT_F9D72669B9,حضرت ابراہیم علیہ السلام,حضرت ابراہیم علیہ السلام,ur/ar,yes,SRC003 Urdu text: Adam-to-Abdul-Muttalib arrow chain; SRC003 p.1 line 1; SRC003 p.1 line 9
VAR_0D4991A6D0,ENT_C80AF477AE,حضرت ابراہیم علیہ السلام پر اگ کو گلزار بنا دیا تھا۔,حضرت ابراہیم علیہ السلام پر آگ کو گلزار بنا دیا تھا۔,ur/ar,yes,SRC003 p.1 line 1248
VAR_7FDBB63403,ENT_E31896F76E,حضرت ابراہیم مجاب جب امام حسین کی بارگاہ میں حاضر ہو کر سلام عرض کرتے,حضرت ابراہیم مُجاب جب امام حسین کی بارگاہ میں حاضر ہو کر سلام عرض کرتے,ur/ar,yes,SRC003 p.1 line 911
VAR_8EADB03F6C,ENT_6525DBEAA4,حضرت ابراہیم مجاب وہ ہستی ہیں جو اج بھی امام حسین کے پہلو میں ارام,حضرت ابراہیم مُجاب وہ ہستی ہیں جو آج بھی امام حسین کے پہلو میں آرام,ur/ar,yes,SRC003 p.1 line 911
VAR_96DB75EFD7,ENT_F58B9C8EBF,حضرت ابراہیم و حضرت اسماعیل علیہم السلام کے طریقے سے ہم اہنگ تھے۔,حضرت ابراہیم و حضرت اسماعیل علیہم السلام کے طریقے سے ہم آہنگ تھے۔,ur/ar,yes,SRC003 p.1 line 39
VAR_ECE0FD22AA,ENT_E60C2D3C6E,حضرت ابراہیم کبیر کے فرزند تھے، اور ابراہیم کبیر، حضرت ابراہیم مجاب کے صاحبزادے تھے,حضرت ابراہیم کبیر کے فرزند تھے، اور ابراہیم کبیر، حضرت ابراہیم مُجاب کے صاحبزادے تھے,ur/ar,yes,SRC003 p.1 line 911
VAR_E29715C254,ENT_0F0D6A67C1,حضرت ابراہیم ہی نہیں سنتے تھے بلکہ جو بھی حرم میں نماز پڑھ رہا ہوتا،,حضرت ابراہیم ہی نہیں سنتے تھے بلکہ جو بھی حرم میں نماز پڑھ رہا ہوتا،,ur/ar,yes,SRC003 p.1 line 911
VAR_27CEDD6130,ENT_E4C3DB1275,حضرت ابو احمد ابدال,حضرت ابو احمد ابدال,ur/ar,yes,SRC003 p.1 line 889
VAR_D1732C4919,ENT_676E964F0E,حضرت ابو اسحاق شامی,حضرت ابو اسحاق شامی,ur/ar,yes,SRC003 p.1 line 889
VAR_0906C1FBA8,ENT_0DB613992E,حضرت ابو بکر رضی اللہ عنہ شہید کربلا,حضرت ابو بکر رضی اللہ عنہ شہیدِ کربلا,ur/ar,yes,SRC003 p.1 line 453
VAR_581DE066F3,ENT_B6ADE93888,حضرت ابو حفص حداد نیشاپوری,حضرت ابو حفص حدّاد نیشاپوری,ur/ar,yes,SRC003 p.1 line 889
VAR_EA133C81E4,ENT_6D0EEF8EC5,حضرت ابو سعید المبارک مخرمی,حضرت ابو سعید المبارک مخرمی,ur/ar,yes,SRC003 p.1 line 895
VAR_C5C04BD556,ENT_16F10D2D49,حضرت ابو طالب علیہ السلام عمر میں ان سے بڑے تھے، اسی لیے حضرت عبدالمطلب,حضرت ابو طالب علیہ السلام عمر میں ان سے بڑے تھے، اسی لیے حضرت عبدالمطلب,ur/ar,yes,SRC003 p.1 line 25
VAR_86729CB1F9,ENT_7D23609934,حضرت ابو طالب علیہ السلام والد مولا علی علیہ السلام ، حضرت عبداللہ علیہ السلام والد,حضرت ابو طالب علیہ السلام (والدِ مولا علی علیہ السلام)، حضرت عبداللہ علیہ السلام (والدِ,ur/ar,yes,SRC003 p.1 line 23
VAR_1059EA7CE3,ENT_8C0AB92DF5,حضرت ابو طالب علیہ السلام کے سپرد کی گيی۔,حضرت ابو طالب علیہ السلام کے سپرد کی گئی۔,ur/ar,yes,SRC003 p.1 line 25
VAR_B59FA7685B,ENT_BAC068CBD1,حضرت ابو طالب علیہ السلام کے سپرد کیا، جو بعد میں نبی کریم صلی اللہ,حضرت ابو طالب علیہ السلام کے سپرد کیا، جو بعد میں نبی کریم صلی اللہ,ur/ar,yes,SRC003 p.1 line 54
VAR_2B21C6877D,ENT_881ECDF1AA,حضرت ابو طالب علیہ السلام، حضرت عبداللہ علیہ السلام سے بڑے تھے۔,حضرت ابو طالب علیہ السلام، حضرت عبداللہ علیہ السلام سے بڑے تھے۔,ur/ar,yes,SRC003 p.1 line 24
VAR_1E4D1E69BB,ENT_8C9A1FBD66,حضرت ابو محمد عبدل چشتی,حضرت ابو محمد عبدل چشتی,ur/ar,yes,SRC003 p.1 line 889
VAR_852FDE81E8,ENT_2C13B38561,حضرت ابو ہبیرہ بصری,حضرت ابو ہبیرہ بصری,ur/ar,yes,SRC003 p.1 line 889
VAR_E27C336E31,ENT_E70B27B466,حضرت ابوبکر کے بجايے امام باقر کی نسبت غالب تھی، اور خود قاسم بن محمد,حضرت ابوبکر کے بجائے امام باقر کی نسبت غالب تھی، اور خود قاسم بن محمد,ur/ar,yes,SRC003 p.1 line 583
VAR_585CB8C481,ENT_4FEA6D60AA,حضرت ابوطالب علیہ السلام اور حضرت فاطمہ بنت اسد سلام اللہ علیہا کے فرزند تھے،,حضرت ابوطالب علیہ السلام اور حضرت فاطمہ بنت اسد سلامُ اللہ علیہا کے فرزند تھے،,ur/ar,yes,SRC003 p.1 line 224
VAR_DCF2BF0807,ENT_84F5F0BA9A,حضرت ابوطالب علیہ السلام بن حضرت عبدالمطلب علیہ السلام اولاد و نسل سید امیر علی,حضرت ابوطالب علیہ السلام بن حضرت عبدالمطلب علیہ السلام اولاد و نسل سید امیر علی,ur/ar,yes,SRC003 p.1 line 1646
VAR_954B6DD466,ENT_E3725A7D2D,حضرت ابوطالب علیہ السلام توحید پر یقین رکھنے والے، دین کے پیرو، اور بت پرستی,حضرت ابوطالب علیہ السلام توحید پر یقین رکھنے والے، دینِ کے پیرو، اور بت پرستی,ur/ar,yes,SRC003 p.1 line 205
VAR_1D3D58A2E4,ENT_E557D0327A,حضرت ابوطالب علیہ السلام نے اپ کو اپنے گھر میں رکھا، اپنی اولاد سے,حضرت ابوطالب علیہ السلام نے آپ کو اپنے گھر میں رکھا، اپنی اولاد سے,ur/ar,yes,SRC003 p.1 line 203
VAR_2E63BEB832,ENT_82BCADED6A,حضرت ابوطالب علیہ السلام نے سنبھالی۔,حضرت ابوطالب علیہ السلام نے سنبھالی۔,ur/ar,yes,SRC003 p.1 line 146
VAR_2782AA4096,ENT_2594A31B0E,حضرت ابوطالب علیہ السلام کا وصال اعلان نبوت کے دسویں سال مکہ مکرمہ میں ہوا،,حضرت ابوطالب علیہ السلام کا وصال اعلانِ نبوت کے دسویں سال مکہ مکرمہ میں ہوا،,ur/ar,yes,SRC003 p.1 line 209
VAR_05150B937D,ENT_7A83E608E2,حضرت ابوطالب علیہ السلام کی اولاد میں مندرجہ ذیل ہستیاں شامل ہیں,حضرت ابوطالب علیہ السلام کی اولاد میں مندرجہ ذیل ہستیاں شامل ہیں,ur/ar,yes,SRC003 p.1 line 215
VAR_B27AE00DD9,ENT_0B352AA120,حضرت ابوطالب علیہ السلام کی سب سے معروف زوجہ محترمہ تھیں,حضرت ابوطالب علیہ السلام کی سب سے معروف زوجہ محترمہ تھیں,ur/ar,yes,SRC003 p.1 line 211
VAR_F6C9548B3E,ENT_90A12B5C10,حضرت ابوطالب علیہ السلام کے زیر سایہ و گھر میں قیام حضرت عبدالمطلب علیہ السلام,حضرت ابوطالب علیہ السلام کے زیر سایہ و گھر میں قیام): حضرت عبدالمطلب علیہ السلام,ur/ar,yes,SRC003 p.1 line 146
VAR_FFFE45A0A6,ENT_01F4EBEE75,حضرت ابوطالب علیہ السلام، جن کا اصل نام عبد مناف بن عبدالمطلب تھا، نبی کریم,حضرت ابوطالب علیہ السلام، جن کا اصل نام عبد مناف بن عبدالمطلب تھا، نبی کریم,ur/ar,yes,SRC003 p.1 line 201
VAR_C1757BBB78,ENT_4A9D13533D,حضرت احمد کبیر رحمۃ اللہ علیہ نے اپنی زندگی کا بڑا حصہ دیویاں شریف موجودہ,حضرت احمد کبیر رحمۃ اللہ علیہ نے اپنی زندگی کا بڑا حصہ دیویاں شریف (موجودہ,ur/ar,yes,SRC003 p.1 line 1353
VAR_CA2F1DB163,ENT_CD7C368F9A,حضرت ادریس علیہ السلام,حضرت ادریس علیہ السلام,ur/ar,yes,SRC003 p.1 line 9
VAR_247C59CF1D,ENT_BC2DA60DB6,حضرت ادم علیہ السلام,حضرت آدم علیہ السلام,ur/ar,yes,SRC003 Urdu text: Adam-to-Abdul-Muttalib arrow chain; SRC003 p.1 line 1
VAR_D9DED2CB4A,ENT_601AAD917E,حضرت ادم علیہ السلام سے حضرت عبدالمطلب علیہ السلام تک حضرت ادم علیہ السلام,حضرت آدم علیہ السلام سے حضرت عبدالمطلب علیہ السلام تک حضرت آدم علیہ السلام,ur/ar,yes,SRC003 p.1 line 9
VAR_33E69D7E46,ENT_18B6D0A5D3,حضرت اسماعیل بن ابراہیم علیہم السلام تک پہنچتا ہے۔,حضرت اسماعیل بن ابراہیم علیہم السلام تک پہنچتا ہے۔,ur/ar,yes,SRC003 p.1 line 35
VAR_6C72EF0E14,ENT_67C7A1CB10,حضرت اسماعیل بن حضرت ابراہیم علیہما السلام تک پہنچتا ہے۔,حضرت اسماعیل بن حضرت ابراہیم علیہما السلام تک پہنچتا ہے۔,ur/ar,yes,SRC003 p.1 line 59
VAR_47E15CAFC1,ENT_572E64E802,حضرت اسماعیل علیہ السلام تا عدنان روایتی نسب تاریخ الرسل والملوک از امام طبری، جمہرة,حضرت اسماعیل علیہ السلام تا عدنان روایتی نسب :تاریخ الرسل والملوک از امام طبری، جمہرة,ur/ar,yes,SRC003 p.1 line 15
VAR_AEC7C76770,ENT_9595A3360D,حضرت اسمعیل علیہ السلام,حضرت اسمعیل علیہ السلام,ur/ar,yes,SRC003 Urdu text: Adam-to-Abdul-Muttalib arrow chain; SRC003 p.1 line 1; SRC003 p.1 line 9
VAR_8B5813AAEE,ENT_504B95130A,حضرت ام اسحاق بنت طلحہ رضی اللہ عنہا,حضرت اُمِّ اسحاق بنت طلحہ رضی اللہ عنہا,ur/ar,yes,SRC003 p.1 line 453
VAR_BA5A29B92B,ENT_AC964AF1C6,حضرت ام بشیر بنت ابو مسعود انصاری رضی اللہ عنہا,حضرت اُمِّ بشیر بنت ابو مسعود انصاری رضی اللہ عنہا,ur/ar,yes,SRC003 p.1 line 453
VAR_9933D752BE,ENT_55DA677BF6,حضرت ام کلثوم بنت علی سلام اللہ علیہا کی زندگی ہمیں یہ سبق دیتی ہے,حضرت اُمِّ کلثوم بنتِ علی سلامُ اللہ علیہا کی زندگی ہمیں یہ سبق دیتی ہے,ur/ar,yes,SRC003 p.1 line 506
VAR_7E97D68BA1,ENT_D176EEBCAC,حضرت ام کلثوم بنت علی سلام اللہ علیہا، خاندان رسالت اور اہل بیت اطہار علیہم,حضرت اُمِّ کلثوم بنتِ علی سلامُ اللہ علیہا، خاندانِ رسالت اور اہلِ بیتِ اطہار علیہم,ur/ar,yes,SRC003 p.1 line 484
VAR_7AAFB0FFDC,ENT_BD5207EE66,حضرت ام کلثوم سلام اللہ علیہا,حضرت اُمِّ کلثوم سلامُ اللہ علیہا,ur/ar,yes,SRC003 p.1 line 504
VAR_9B0E5DA2D5,ENT_F42D943871,حضرت ام کلثوم سلام اللہ علیہا نے اپنی پرورش نبی اکرم کے فیضان سیدہ,حضرت اُمِّ کلثوم سلامُ اللہ علیہا نے اپنی پرورش: نبی اکرم کے فیضان سیدہ,ur/ar,yes,SRC003 p.1 line 491
VAR_1B8A8EA59D,ENT_8A5DB6190E,حضرت ام کلثوم سلام اللہ علیہا نے بھی,حضرت اُمِّ کلثوم سلامُ اللہ علیہا نے بھی,ur/ar,yes,SRC003 p.1 line 500
VAR_E4988D4137,ENT_F22F2B63AE,حضرت ام کلثوم سلام اللہ علیہا واقعہ کربلا میں اپنی بہن حضرت زینب کبری سلام,حضرت اُمِّ کلثوم سلامُ اللہ علیہا واقعۂ کربلا میں اپنی بہن حضرت زینب کبریٰ سلامُ,ur/ar,yes,SRC003 p.1 line 498
VAR_F3C53B796C,ENT_8BAB7B7E23,حضرت ام کلثوم سلام اللہ علیہا کی وفات کے بارے میں بھی تاریخ میں اختلاف,حضرت اُمِّ کلثوم سلامُ اللہ علیہا کی وفات کے بارے میں بھی تاریخ میں اختلاف,ur/ar,yes,SRC003 p.1 line 501
VAR_8DFF27D7C6,ENT_B2C4B52A39,حضرت ام کلثوم سلام اللہ علیہا کی ولادت مدینہ منورہ میں ہويی۔,حضرت اُمِّ کلثوم سلامُ اللہ علیہا کی ولادت مدینہ منورہ میں ہوئی۔,ur/ar,yes,SRC003 p.1 line 487
VAR_331DD4D917,ENT_0C67F7F737,حضرت ام کلثوم سلام اللہ علیہا کے حوالے سے اولاد کا کويی قطعی اور متفقہ,حضرت اُمِّ کلثوم سلامُ اللہ علیہا کے حوالے سے اولاد کا کوئی قطعی اور متفقہ,ur/ar,yes,SRC003 p.1 line 496
VAR_A43C8875EE,ENT_B0893BD8A7,حضرت ام کلثوم سلام اللہ علیہا کے نکاح کے بارے میں تاریخی روایات میں اختلاف,حضرت اُمِّ کلثوم سلامُ اللہ علیہا کے نکاح کے بارے میں تاریخی روایات میں اختلاف,ur/ar,yes,SRC003 p.1 line 493
VAR_14AABE9A03,ENT_348E139F8E,حضرت ام کلثوم سلام اللہ علیہا، حضرت رقیہ سلام اللہ علیہا، اور حضرت محسن علیہ,حضرت ام کلثوم سلامُ اللہ علیہا، حضرت رقیہ سلامُ اللہ علیہا، اور حضرت محسن علیہ,ur/ar,yes,SRC003 p.1 line 196
VAR_5B855388FB,ENT_9B8C1F4A9D,حضرت امام جعفر بن محمد الصادق علیہ السلام، اہل بیت علیہم السلام کے چھٹے امام،,حضرت امام جعفر بن محمد الصادق علیہ السلام، اہل بیت علیہم السلام کے چھٹے امام،,ur/ar,yes,SRC003 p.1 line 611
VAR_91B6B595BE,ENT_CC980DA1E8,حضرت امام جعفر صادق,حضرت امام جعفر صادق,ur/ar,yes,SRC003 p.1 line 964
VAR_092DBDC039,ENT_F266334800,حضرت امام جعفر صادق اپ نے شریعت، عقل اور باطن کو یکجا کیا۔,حضرت امام جعفر صادق :آپ نے شریعت، عقل اور باطن کو یکجا کیا۔,ur/ar,yes,SRC003 p.1 line 962
VAR_4007AD7A5C,ENT_742C79B67C,حضرت امام جعفر صادق علیہ السلام سے چار ہزار سے زايد شاگردوں نے براہ راست,حضرت امام جعفر صادق علیہ السلام سے چار ہزار سے زائد شاگردوں نے براہِ راست,ur/ar,yes,SRC003 p.1 line 636
VAR_C974F2B9F7,ENT_A3600CD638,حضرت امام جعفر صادق علیہ السلام نے دہریہ، زنادقہ، قدریہ، جبریہ اور ملحدین کے ساتھ,حضرت امام جعفر صادق علیہ السلام نے دہریہ، زنادقہ، قدریہ، جبریہ اور ملحدین کے ساتھ,ur/ar,yes,SRC003 p.1 line 629
VAR_30B2021605,ENT_17375B4E06,حضرت امام جعفر صادق علیہ السلام نے سن ایک سو چودہ ہجری میں اپنے والد,حضرت امام جعفر صادق علیہ السلام نے سن ایک سو چودہ ہجری میں اپنے والد,ur/ar,yes,SRC003 p.1 line 619
VAR_878E7D75E2,ENT_A12A01FF2A,حضرت امام جعفر صادق علیہ السلام نے فقہ اہل بیت کو باقاعدہ اصولی مکتب کی,حضرت امام جعفر صادق علیہ السلام نے فقہِ اہلِ بیت کو باقاعدہ اصولی مکتب کی,ur/ar,yes,SRC003 p.1 line 627
VAR_1D1C2459B0,ENT_68B7655EF6,حضرت امام جعفر صادق علیہ السلام نے نہ بنو امیہ کی بیعت قبول کی اور,حضرت امام جعفر صادق علیہ السلام نے نہ بنو امیہ کی بیعت قبول کی اور,ur/ar,yes,SRC003 p.1 line 622
VAR_68D2D40367,ENT_DABEF2CB9E,حضرت امام جعفر صادق علیہ السلام کو حاصل ہے، جو اہل بیت کے چھٹے امام,حضرت امام جعفر صادق علیہ السلام کو حاصل ہے، جو اہل بیت کے چھٹے امام,ur/ar,yes,SRC003 p.1 line 584
VAR_979E46AA67,ENT_F0999E8030,حضرت امام جعفر صادق علیہ السلام کی کنیت ابو عبداللہ ہے۔,حضرت امام جعفر صادق علیہ السلام کی کنیت ابو عبداللہ ہے۔,ur/ar,yes,SRC003 p.1 line 616
VAR_58BD7E849D,ENT_E233F4F53C,حضرت امام حسن بن علی بن محمد علیہ السلام، اہل بیت علیہم السلام کے گیارہویں,حضرت امام حسن بن علی بن محمد علیہ السلام، اہل بیت علیہم السلام کے گیارہویں,ur/ar,yes,SRC003 p.1 line 761
VAR_43FC1C8AA7,ENT_13A1FFD541,حضرت امام حسن بن علی علیہما السلام امام صبر، امام صلح، سید شباب اہل جنت,حضرت امام حسن بن علی علیہما السلام امامِ صبر، امامِ صلح، سیدُ شبابِ اہلِ جنّت,ur/ar,yes,SRC003 p.1 line 431
VAR_7850AFEEE2,ENT_F14F805500,حضرت امام حسن عسکری,حضرت امام حسن عسکری,ur/ar,yes,SRC003 p.1 line 964
VAR_9C6EBBDC55,ENT_B9D644397D,حضرت امام حسن عسکری علیہ السلام امام مظلوم، ابو محمد، عسکری، زکی، صامت، نور سامرہ،,حضرت امام حسن عسکری علیہ السلام امامِ مظلوم، ابو محمد، عسکری، زکی، صامت، نورِ سامرہ،,ur/ar,yes,SRC003 p.1 line 761
VAR_3421E448D3,ENT_FB729B30B1,حضرت امام حسن عسکری علیہ السلام اہل بیت کے گیارہویں امام جعفر ثانی، کذاب، تواب,حضرت امام حسن عسکری علیہ السلام اہل بیت کے گیارہویں امام جعفر ثانی، کذّاب، تواب,ur/ar,yes,SRC003 p.1 line 740
VAR_9A806C378C,ENT_B816332A9C,حضرت امام حسن عسکری علیہ السلام نے,حضرت امام حسن عسکری علیہ السلام نے,ur/ar,yes,SRC003 p.1 line 766
VAR_6B2453237E,ENT_C430C0D304,حضرت امام حسن عسکری علیہ السلام نے اپنے فرزند حضرت امام محمد مہدی عجل اللہ,حضرت امام حسن عسکری علیہ السلام نے اپنے فرزند حضرت امام محمد مہدی عجل اللہ,ur/ar,yes,SRC003 p.1 line 771
VAR_7CB6B280FD,ENT_12A9F23E7F,حضرت امام حسن عسکری علیہ السلام وہ امام ہیں جنہوں نے امامت کو غیبت کے,حضرت امام حسن عسکری علیہ السلام وہ امام ہیں جنہوں نے امامت کو غیبت کے,ur/ar,yes,SRC003 p.1 line 783
VAR_B8AF8AD3F4,ENT_FBAA2D6757,حضرت امام حسن عسکری علیہ السلام کا زمانہ خصوصا معتز، مہتدی اور معتمد عباسی کے,حضرت امام حسن عسکری علیہ السلام کا زمانہ خصوصاً معتز، مہتدی اور معتمد عباسی کے,ur/ar,yes,SRC003 p.1 line 778
VAR_01B9D18E90,ENT_A1F528BAAD,حضرت امام حسن عسکری علیہ السلام کے دور میں وکالت اور توقیعات کا نظام اپنے,حضرت امام حسن عسکری علیہ السلام کے دور میں وکالت اور توقیعات کا نظام اپنے,ur/ar,yes,SRC003 p.1 line 774
VAR_EC6A89D32C,ENT_7DAAD6F6DB,حضرت امام حسن علیہ السلام کی بیعت کی۔,حضرت امام حسن علیہ السلام کی بیعت کی۔,ur/ar,yes,SRC003 p.1 line 440
VAR_BE8E492C9A,ENT_7AA02FEB96,حضرت امام حسن علیہ السلام کی ولادت پندرہ رمضان المبارک، سن تین ہجری کو مدینہ,حضرت امام حسن علیہ السلام کی ولادت پندرہ رمضان المبارک، سنِ تین ہجری کو مدینہ,ur/ar,yes,SRC003 p.1 line 433
VAR_BC1987366F,ENT_4408BC09D5,حضرت امام حسن علیہ السلام، حضرت امام حسین علیہ السلام، حضرت زینب سلام اللہ علیہا،,حضرت امام حسن علیہ السلام، حضرت امام حسین علیہ السلام، حضرت زینب سلامُ اللہ علیہا،,ur/ar,yes,SRC003 p.1 line 196
VAR_9A039A2D7B,ENT_CEBB6D20EE,حضرت امام حسن مجتبی,حضرت امام حسن مجتبیٰ,ur/ar,yes,SRC003 p.1 line 964
VAR_63C9E27DFC,ENT_A0A09FF24A,حضرت امام حسن مجتبی علیہ السلام اٹھايیس صفر، سن پچاس ہجری کو مدینہ منورہ میں,حضرت امام حسن مجتبیٰ علیہ السلام اٹھائیس صفر، سنِ پچاس ہجری کو مدینہ منورہ میں,ur/ar,yes,SRC003 p.1 line 454
VAR_7D59B94CA6,ENT_6C45C4480E,حضرت امام حسن مجتبی علیہ السلام اہل بیت اطہار علیہم السلام کے دوسرے امام، نبی,حضرت امام حسن مجتبیٰ علیہ السلام اہلِ بیتِ اطہار علیہم السلام کے دوسرے امام، نبیِ,ur/ar,yes,SRC003 p.1 line 431
VAR_0A5EF761E8,ENT_6BD2AA5E68,حضرت امام حسن مجتبی علیہ السلام صبر، حلم، قربانی اور حکمت الہی کا مجسم نمونہ,حضرت امام حسن مجتبیٰ علیہ السلام صبر، حلم، قربانی اور حکمتِ الٰہی کا مجسم نمونہ,ur/ar,yes,SRC003 p.1 line 457
VAR_E4E58046C7,ENT_1736362AFE,حضرت امام حسن و حضرت امام حسین علیہما السلام کی حقیقی بہن تھیں۔,حضرت امام حسن و حضرت امام حسین علیہما السلام کی حقیقی بہن تھیں۔,ur/ar,yes,SRC003 p.1 line 485
VAR_0CBBA65227,ENT_A4EA85C78A,حضرت امام حسین,حضرت امام حسین,ur/ar,yes,SRC003 p.1 line 964
VAR_CBF3C5CDDF,ENT_FF4E045348,حضرت امام حسین علیہ السلام سے جا ملتا ہے۔,حضرت امام حسین علیہ السلام سے جا ملتا ہے۔,ur/ar,yes,SRC003 p.1 line 1371
VAR_AFE6979300,ENT_34521C4C90,حضرت امام حسین علیہ السلام سے ہوتا ہوا حضرت امام علی نقی علیہ السلام، امام,حضرت امام حسین علیہ السلام سے ہوتا ہوا حضرت امام علی نقی علیہ السلام، امام,ur/ar,yes,SRC003 p.1 line 1345
VAR_97132962DD,ENT_C98155ADE8,حضرت امام حسین علیہ السلام نے اپنی ابتدايی عمر رسول اکرم کی اغوش رحمت,حضرت امام حسین علیہ السلام نے اپنی ابتدائی عمر رسولِ اکرم کی آغوشِ رحمت,ur/ar,yes,SRC003 p.1 line 520
VAR_031B5D6E02,ENT_A8C67171A1,حضرت امام حسین علیہ السلام نے سن پچاس ہجری میں امام حسن مجتبی علیہ السلام,حضرت امام حسین علیہ السلام نے سن پچاس ہجری میں امام حسن مجتبیٰ علیہ السلام,ur/ar,yes,SRC003 p.1 line 534
VAR_830FFFAF45,ENT_5EA7A60B7D,حضرت امام حسین علیہ السلام کے مشہور و معتبر القابات میں سید الشہداء، سبط رسول،,حضرت امام حسین علیہ السلام کے مشہور و معتبر القابات میں سید الشہداء، سبطِ رسول،,ur/ar,yes,SRC003 p.1 line 519
VAR_2B2146ED81,ENT_EC9F8B0FB6,حضرت امام حسین علیہ السلام، سبط اصغر رسول اکرم ، جگرگوشہ سیدہ فاطمہ زہرا سلام,حضرت امام حسین علیہ السلام، سبطِ اصغرِ رسول اکرم ، جگرگوشۂ سیدہ فاطمہ زہرا سلامُ,ur/ar,yes,SRC003 p.1 line 506
VAR_CFA6D9DC58,ENT_E37DCA995A,حضرت امام حسین علیہما السلام کی والدہ ہیں، اور اسی نسبت سے اپ کو مادر,حضرت امام حسین علیہما السلام کی والدہ ہیں، اور اسی نسبت سے آپ کو مادرِ,ur/ar,yes,SRC003 p.1 line 172
VAR_0CB3724383,ENT_ADC0B9479C,حضرت امام زین العابدین,حضرت امام زین العابدین,ur/ar,yes,SRC003 p.1 line 964
VAR_9EA11792BC,ENT_789673C4BA,حضرت امام زین العابدین صحیفہ سجادیہ عرفان عملی کی کتاب ہے، جہاں دعا کو معرفت،,حضرت امام زین العابدین :صحیفۂ سجادیہ عرفانِ عملی کی کتاب ہے، جہاں دعا کو معرفت،,ur/ar,yes,SRC003 p.1 line 961
VAR_5AAC99D8A6,ENT_2F78839637,حضرت امام زین العابدین علیہ السلام نے,حضرت امام زین العابدین علیہ السلام نے,ur/ar,yes,SRC003 p.1 line 557
VAR_5A0B262B3A,ENT_43B6BA68AB,حضرت امام زین العابدین علیہ السلام نے ثابت کیا کہ امامت صرف میدان جنگ میں,حضرت امام زین العابدین علیہ السلام نے ثابت کیا کہ امامت صرف میدانِ جنگ میں,ur/ar,yes,SRC003 p.1 line 577
VAR_975BE08CE2,ENT_906C2B22E4,حضرت امام زین العابدین علیہ السلام نے دعا کو محض عبادت نہیں بلکہ عقیدہ، سیاست،,حضرت امام زین العابدین علیہ السلام نے دعا کو محض عبادت نہیں بلکہ عقیدہ، سیاست،,ur/ar,yes,SRC003 p.1 line 562
VAR_FB7429A35B,ENT_7D28995878,حضرت امام زین العابدین علیہ السلام نے کوفہ اور شام میں اسیری کے دوران اہل,حضرت امام زین العابدین علیہ السلام نے کوفہ اور شام میں اسیری کے دوران اہلِ,ur/ar,yes,SRC003 p.1 line 560
VAR_7E74BEA10F,ENT_E621F2FD20,حضرت امام زین العابدین علیہ السلام کو اموی خلیفہ ولید بن عبدالملک کے دور میں,حضرت امام زین العابدین علیہ السلام کو اموی خلیفہ ولید بن عبدالملک کے دور میں,ur/ar,yes,SRC003 p.1 line 574
VAR_2BBE5AFBEA,ENT_673C063AD0,حضرت امام زین العابدین علیہ السلام کی ازواج کے بارے میں روایات مختلف ہیں، تاہم,حضرت امام زین العابدین علیہ السلام کی ازواج کے بارے میں روایات مختلف ہیں، تاہم,ur/ar,yes,SRC003 p.1 line 570
VAR_80A1BD9444,ENT_A2DFC818A2,حضرت امام زین العابدین علیہ السلام کی اولاد میں درج ذیل نام معتبر شیعہ مصادر,حضرت امام زین العابدین علیہ السلام کی اولاد میں درج ذیل نام معتبر شیعہ مصادر,ur/ar,yes,SRC003 p.1 line 573
VAR_8C9E679FBB,ENT_A79860AB79,حضرت امام زین العابدین علیہ السلام کی عمر واقعہ کربلا,حضرت امام زین العابدین علیہ السلام کی عمر واقعۂ کربلا,ur/ar,yes,SRC003 p.1 line 555
VAR_29DDE5EA34,ENT_7B1BDE65C6,حضرت امام زین العابدین علیہ السلام کے مشہور و معتبر القابات میں زین العابدین، السجاد،,حضرت امام زین العابدین علیہ السلام کے مشہور و معتبر القابات میں زین العابدین، السجاد،,ur/ar,yes,SRC003 p.1 line 553
VAR_1C1A50532F,ENT_DF9DF23DEF,حضرت امام زین العابدین علیہ السلام، جن کا نام مبارک علی بن الحسین بن علی,حضرت امام زین العابدین علیہ السلام، جن کا نام مبارک علی بن الحسین بن علی,ur/ar,yes,SRC003 p.1 line 550
VAR_D9DF2BE9F7,ENT_0139D9A057,حضرت امام علی النقی علیہ السلام کی اولاد سے ہے نقوی ایک ایسا لقب ہے,حضرت امام علی النقی علیہ السلام کی اولاد سے ہے نقوی ایک ایسا لقب ہے,ur/ar,yes,SRC003 p.1 line 1900
VAR_B952A7FBE9,ENT_C982858732,حضرت امام علی النقی علیہ السلام کی نسل طیبہ جب اسلامی دنیا کے مختلف خطوں,حضرت امام علی النقی علیہ السلام کی نسلِ طیبہ جب اسلامی دُنیا کے مختلف خطّوں,ur/ar,yes,SRC003 p.1 line 1958
VAR_1094B662C7,ENT_198601D7ED,حضرت امام علی بن الحسین زین العابدین علیہ السلام والدہ حضرت فاطمہ بنت امام حسن,حضرت امام علی بن الحسین زین العابدین علیہ السلام والدہ: حضرت فاطمہ بنت امام حسن,ur/ar,yes,SRC003 p.1 line 582
VAR_3D9AB55198,ENT_BBDA76D330,حضرت امام علی بن محمد النقی علیہ السلام، اہل بیت علیہم السلام کے دسویں امام،,حضرت امام علی بن محمد النقی علیہ السلام، اہل بیت علیہم السلام کے دسویں امام،,ur/ar,yes,SRC003 p.1 line 730
VAR_EF5E3B2EE5,ENT_1C94891F77,حضرت امام علی بن موسی الرضا علیہ السلام اہل بیت علیہم السلام کے اٹھویں امام،,حضرت امام علی بن موسیٰ الرضا علیہ السلام اہل بیت علیہم السلام کے آٹھویں امام،,ur/ar,yes,SRC003 p.1 line 674
VAR_9FF1404333,ENT_36465A3A11,حضرت امام علی حضرت امام علی شیعہ عرفان میں قطب ولایت اور امام العارفین ہیں۔,حضرت امام علی :حضرت امام علی شیعہ عرفان میں قطبِ ولایت اور امام العارفین ہیں۔,ur/ar,yes,SRC003 p.1 line 959
VAR_FFB590ED9B,ENT_7EB23FA334,حضرت امام علی رضا,حضرت امام علی رضا,ur/ar,yes,SRC003 p.1 line 964
VAR_B57655EAC2,ENT_3C55B43045,حضرت امام علی رضا علیہ السلام امام ضامن،عالم ال محمد، ولی عہد مامون، امام برحق,حضرت امام علی رضا علیہ السلام امامِ ضامن،عالمِ آل محمدؐ، ولیِ عہدِ مامون، امامِ برحق,ur/ar,yes,SRC003 p.1 line 674
VAR_0359E3B68A,ENT_5C48C0D43E,حضرت امام علی رضا علیہ السلام اٹھویں امام ابراہیم بن موسی اسحاق بن موسی زید،,حضرت امام علی رضا علیہ السلام (آٹھویں امام) ابراہیم بن موسیٰ اسحاق بن موسیٰ زید،,ur/ar,yes,SRC003 p.1 line 664
VAR_DC660A97C5,ENT_9BDB856054,حضرت امام علی رضا علیہ السلام میں جاری ہے۔,حضرت امام علی رضا علیہ السلام میں جاری ہے۔,ur/ar,yes,SRC003 p.1 line 662
VAR_D9DF6D8CE7,ENT_24DA74F313,حضرت امام علی رضا علیہ السلام نے سن,حضرت امام علی رضا علیہ السلام نے سن,ur/ar,yes,SRC003 p.1 line 682
VAR_36914D826E,ENT_A87905A17A,حضرت امام علی رضا علیہ السلام نے مشہور حدیث سلسلۃ الذہب بیان فرمايی، جس میں,حضرت امام علی رضا علیہ السلام نے مشہور حدیثِ سلسلۃ الذہب بیان فرمائی، جس میں,ur/ar,yes,SRC003 p.1 line 686
VAR_910065D7DE,ENT_AE799FD1F5,حضرت امام علی رضا علیہ السلام نے ولی عہدی کو جبر اور شرط کے ساتھ,حضرت امام علی رضا علیہ السلام نے ولی عہدی کو جبر اور شرط کے ساتھ,ur/ar,yes,SRC003 p.1 line 684
VAR_3C45A0A965,ENT_01B6CE852C,حضرت امام علی رضا علیہ السلام وہ امام ہیں جنہوں نے پہلی مرتبہ امامت کو,حضرت امام علی رضا علیہ السلام وہ امام ہیں جنہوں نے پہلی مرتبہ امامت کو,ur/ar,yes,SRC003 p.1 line 700
VAR_BB37145B8D,ENT_0D34B71BD0,حضرت امام علی رضا علیہ السلام کی امامت کا انکار کیا، یہ گروہ واقفیہ کہلایا۔,حضرت امام علی رضا علیہ السلام کی امامت کا انکار کیا، یہ گروہ واقفیہ کہلایا۔,ur/ar,yes,SRC003 p.1 line 661
VAR_80CA8962A8,ENT_9741EDA041,حضرت امام علی رضا علیہ السلام کی کنیت ابو الحسن ہے، اسی بنا پر اپ,حضرت امام علی رضا علیہ السلام کی کنیت ابو الحسن ہے، اسی بنا پر آپ,ur/ar,yes,SRC003 p.1 line 681
VAR_CDD293819E,ENT_B84D4221BC,حضرت امام علی نقی,حضرت امام علی نقی,ur/ar,yes,SRC003 p.1 line 964
VAR_8415EF8CF3,ENT_ECDB6E902D,حضرت امام علی نقی علیہ السلام تک پہنچتا ہے۔,حضرت امام علی نقی علیہ السلام تک پہنچتا ہے۔,ur/ar,yes,SRC003 p.1 line 1168
VAR_FA8C214742,ENT_72E53DC131,حضرت امام علی نقی علیہ السلام سے منقول زیارت جامعہ کبیرہ اہل بیت کے عقیدہ,حضرت امام علی نقی علیہ السلام سے منقول زیارتِ جامعہ کبیرہ اہلِ بیت کے عقیدۂ,ur/ar,yes,SRC003 p.1 line 750
VAR_4AC7EB4C16,ENT_1D1DA27E21,حضرت امام علی نقی علیہ السلام سے یوں ہے حضرت خواجہ ابو یوسف ناصرالدین چشتی,حضرت امام علی نقی علیہ السلام سے یوں ہے: حضرت خواجہ ابو یوسف ناصرالدین چشتی,ur/ar,yes,SRC003 p.1 line 858
VAR_78DEA2964E,ENT_1DDEDABAA8,حضرت امام علی نقی علیہ السلام نے,حضرت امام علی نقی علیہ السلام نے,ur/ar,yes,SRC003 p.1 line 737
VAR_AFF56E1B3C,ENT_58A4C71D4F,حضرت امام علی نقی علیہ السلام نے ایسے دور میں امامت کو زندہ رکھا جب,حضرت امام علی نقی علیہ السلام نے ایسے دور میں امامت کو زندہ رکھا جب,ur/ar,yes,SRC003 p.1 line 758
VAR_7705A3EA94,ENT_F65FDD0A29,حضرت امام علی نقی علیہ السلام نے شیعہ دنیا میں وکالت کے نظام کو باقاعدہ,حضرت امام علی نقی علیہ السلام نے شیعہ دنیا میں وکالت کے نظام کو باقاعدہ,ur/ar,yes,SRC003 p.1 line 752
VAR_C3C6194B5B,ENT_16AD498C22,حضرت امام علی نقی علیہ السلام کا زمانہ متعدد عباسی خلفاء پر مشتمل تھا، جن,حضرت امام علی نقی علیہ السلام کا زمانہ متعدد عباسی خلفاء پر مشتمل تھا، جن,ur/ar,yes,SRC003 p.1 line 748
VAR_1F6F493E6D,ENT_08D0F96E5A,حضرت امام علی نقی علیہ السلام کی کنیت ابو الحسن ہے، اسی بنا پر اپ,حضرت امام علی نقی علیہ السلام کی کنیت ابو الحسن ہے، اسی بنا پر آپ,ur/ar,yes,SRC003 p.1 line 735
VAR_AC8A1D5245,ENT_5E581EDEF3,حضرت امام علی نقی علیہ السلام کے ذریعے حضرت امام حسین علیہ السلام تک پہنچتا,حضرت امام علی نقی علیہ السلام کے ذریعے حضرت امام حسین علیہ السلام تک پہنچتا,ur/ar,yes,SRC003 p.1 line 1502
VAR_23DA2893AA,ENT_4AF2AFDDAB,حضرت امام محمد باقر,حضرت امام محمد باقر,ur/ar,yes,SRC003 p.1 line 964
VAR_B3D2DEF925,ENT_9C6192B3C1,حضرت امام محمد باقر علیہ السلام سے اگے بڑھا۔,حضرت امام محمد باقر علیہ السلام سے آگے بڑھا۔,ur/ar,yes,SRC003 p.1 line 573
VAR_5AE7483238,ENT_C483842E42,حضرت امام محمد باقر علیہ السلام نے اہل بیت کی فقہ کو باقاعدہ اصولی شکل,حضرت امام محمد باقر علیہ السلام نے اہلِ بیت کی فقہ کو باقاعدہ اصولی شکل,ur/ar,yes,SRC003 p.1 line 603
VAR_9EDAC51B9B,ENT_AD1DCA7927,حضرت امام محمد باقر علیہ السلام نے سن پچانوے ہجری میں اپنے والد امام زین,حضرت امام محمد باقر علیہ السلام نے سن پچانوے ہجری میں اپنے والد امام زین,ur/ar,yes,SRC003 p.1 line 595
VAR_4FC6D97E02,ENT_CF25C6B386,حضرت امام محمد باقر علیہ السلام نے مسلح قیام کے بجايے علمی مزاحمت کو اختیار,حضرت امام محمد باقر علیہ السلام نے مسلح قیام کے بجائے علمی مزاحمت کو اختیار,ur/ar,yes,SRC003 p.1 line 598
VAR_D42BB812BE,ENT_1DE610D11D,حضرت امام محمد باقر علیہ السلام نے وہ بنیاد رکھی جس پر امام جعفر صادق,حضرت امام محمد باقر علیہ السلام نے وہ بنیاد رکھی جس پر امام جعفر صادق,ur/ar,yes,SRC003 p.1 line 608
VAR_6DA27BC2C2,ENT_ADE327C183,حضرت امام محمد باقر علیہ السلام واقعہ کربلا,حضرت امام محمد باقر علیہ السلام واقعۂ کربلا,ur/ar,yes,SRC003 p.1 line 592
VAR_EBA8DFA290,ENT_73C05DCDD5,حضرت امام محمد باقر علیہ السلام والدہ حضرت ام فروہ بنت قاسم بن محمد بن,حضرت امام محمد باقر علیہ السلام والدہ: حضرت ام فروہ بنت قاسم بن محمد بن,ur/ar,yes,SRC003 p.1 line 615
VAR_9E7CD92DDD,ENT_1AB0DBE7BA,حضرت امام محمد باقر علیہ السلام پانچویں امام,حضرت امام محمد باقر علیہ السلام پانچویں امام,ur/ar,yes,SRC003 p.1 line 573
VAR_D68129DA67,ENT_4F72270EC0,حضرت امام محمد باقر علیہ السلام کی بڑھتی ہويی علمی مقبولیت اور اہل بیت کے,حضرت امام محمد باقر علیہ السلام کی بڑھتی ہوئی علمی مقبولیت اور اہلِ بیت کے,ur/ar,yes,SRC003 p.1 line 606
VAR_9B8BCB231C,ENT_C014DEC7E5,حضرت امام محمد باقر علیہ السلام کے مشہور و معتبر القابات میں باقر العلوم، شاکر،,حضرت امام محمد باقر علیہ السلام کے مشہور و معتبر القابات میں باقر العلوم، شاکر،,ur/ar,yes,SRC003 p.1 line 590
VAR_109A6D3D45,ENT_0E991636A7,حضرت امام محمد باقر علیہ السلام، اہل بیت علیہم السلام کے پانچویں امام، علم و,حضرت امام محمد باقر علیہ السلام، اہل بیت علیہم السلام کے پانچویں امام، علم و,ur/ar,yes,SRC003 p.1 line 586
VAR_4BA7E4FB38,ENT_365F558A76,حضرت امام محمد تقی,حضرت امام محمد تقی,ur/ar,yes,SRC003 p.1 line 964
VAR_A87F6984FC,ENT_0131A0F93E,حضرت امام محمد تقی الجواد علیہ السلام نے بیس,حضرت امام محمد تقی الجواد علیہ السلام نے بیس,ur/ar,yes,SRC003 p.1 line 710
VAR_281BA20B75,ENT_982F4CC9D7,حضرت امام محمد تقی علیہ السلام الجواد، باب التقی، کم سن امام حضرت امام محمد,حضرت امام محمد تقی علیہ السلام الجواد، بابُ التقی، کم سن امام حضرت امام محمد,ur/ar,yes,SRC003 p.1 line 703
VAR_588F9CB186,ENT_B6E2852500,حضرت امام محمد تقی علیہ السلام نے ثابت کیا کہ امامت عمر، طاقت یا حکومت,حضرت امام محمد تقی علیہ السلام نے ثابت کیا کہ امامت عمر، طاقت یا حکومت,ur/ar,yes,SRC003 p.1 line 728
VAR_41B01651A2,ENT_A6DEED9657,حضرت امام محمد تقی علیہ السلام کو عباسی خلافت، خصوصا مامون اور پھر معتصم کے,حضرت امام محمد تقی علیہ السلام کو عباسی خلافت، خصوصاً مامون اور پھر معتصم کے,ur/ar,yes,SRC003 p.1 line 721
VAR_3880AAD64C,ENT_4B2515AB84,حضرت امام محمد تقی علیہ السلام کی کنیت ابو جعفر ہے، اسی وجہ سے اپ,حضرت امام محمد تقی علیہ السلام کی کنیت ابو جعفر ہے، اسی وجہ سے آپ,ur/ar,yes,SRC003 p.1 line 708
VAR_7CA08EA9DA,ENT_5DBAE2C932,حضرت امام محمد تقی علیہ السلام کے مشہور شاگردوں میں,حضرت امام محمد تقی علیہ السلام کے مشہور شاگردوں میں,ur/ar,yes,SRC003 p.1 line 723
VAR_B2C6C7A1C9,ENT_5F5CDB2AE0,حضرت امام محمد مہدی یہی شجرہ عرفان ہے، یہی شجرہ ہدایت، اور یہی شجرہ سلوک۔,حضرت امام محمد مہدی یہی شجرۂ عرفان ہے، یہی شجرۂ ہدایت، اور یہی شجرۂ سلوک۔,ur/ar,yes,SRC003 p.1 line 964
VAR_CEA753B0BE,ENT_97147FE32D,حضرت امام موسی کاظم,حضرت امام موسیٰ کاظم,ur/ar,yes,SRC003 p.1 line 964
VAR_B2BFADB93F,ENT_C9C1DD4896,حضرت امام موسی کاظم علیہ السلام باب الحوايج، صابر زندان، امام مظلوم حضرت امام موسی,حضرت امام موسیٰ کاظم علیہ السلام باب الحوائج، صابرِ زندان، امامِ مظلوم حضرت امام موسیٰ,ur/ar,yes,SRC003 p.1 line 643
VAR_D21E1FD343,ENT_C8D1054292,حضرت امام موسی کاظم علیہ السلام نے اپنی زندگی کے کيی سال بصرہ اور بغداد,حضرت امام موسیٰ کاظم علیہ السلام نے اپنی زندگی کے کئی سال بصرہ اور بغداد,ur/ar,yes,SRC003 p.1 line 656
VAR_5945B9E710,ENT_72F64D6D38,حضرت امام موسی کاظم علیہ السلام نے ثابت کیا کہ صبر بھی جہاد کی ایک,حضرت امام موسیٰ کاظم علیہ السلام نے ثابت کیا کہ صبر بھی جہاد کی ایک,ur/ar,yes,SRC003 p.1 line 671
VAR_CE3F7BADFB,ENT_B279E75F57,حضرت امام موسی کاظم علیہ السلام نے سن ایک سو اڑتالیس ہجری میں اپنے والد,حضرت امام موسیٰ کاظم علیہ السلام نے سن ایک سو اڑتالیس ہجری میں اپنے والد,ur/ar,yes,SRC003 p.1 line 651
VAR_311ABA2818,ENT_398C04E8E2,حضرت امام موسی کاظم علیہ السلام نے عباسی خلافت کی شرعی حیثیت کو کبھی تسلیم,حضرت امام موسیٰ کاظم علیہ السلام نے عباسی خلافت کی شرعی حیثیت کو کبھی تسلیم,ur/ar,yes,SRC003 p.1 line 653
VAR_6AE7CA9861,ENT_86F044633B,حضرت امام موسی کاظم علیہ السلام نے علم حدیث، فقہ اہل بیت، اور اخلاقی تربیت,حضرت امام موسیٰ کاظم علیہ السلام نے علمِ حدیث، فقہِ اہلِ بیت، اور اخلاقی تربیت,ur/ar,yes,SRC003 p.1 line 659
VAR_3A6DCB1364,ENT_C4424260A5,حضرت امام موسی کاظم علیہ السلام کو قید میں زہر دے کر شہید کیا، اور,حضرت امام موسیٰ کاظم علیہ السلام کو قید میں زہر دے کر شہید کیا، اور,ur/ar,yes,SRC003 p.1 line 668
VAR_399CCB1161,ENT_0CDF81A4DF,حضرت امام موسی کاظم علیہ السلام کی شہادت کے بعد بعض افراد نے اپ کی,حضرت امام موسیٰ کاظم علیہ السلام کی شہادت کے بعد بعض افراد نے آپ کی,ur/ar,yes,SRC003 p.1 line 661
VAR_E2B1185291,ENT_C67D35379A,حضرت امام موسی کاظم علیہ السلام کی کنیت ابو الحسن ہے، اسی بنا پر اپ,حضرت امام موسیٰ کاظم علیہ السلام کی کنیت ابو الحسن ہے، اسی بنا پر آپ,ur/ar,yes,SRC003 p.1 line 649
VAR_F311C6480A,ENT_16D10DB1D9,حضرت امنہ بنت وہب سلام اللہ علیہا تھیں، جو نسب، حسب، عقل اور طہارت میں,حضرت آمنہ بنت وہب سلامُ اللہ علیہا تھیں، جو نسب، حسب، عقل اور طہارت میں,ur/ar,yes,SRC003 p.1 line 67
VAR_9374468D46,ENT_513CB8C15F,حضرت امنہ بنت وہب سلام اللہ علیہا نہایت باعزت، نیک سیرت اور شریف قبیلے سے,حضرت آمنہ بنت وہب سلامُ اللہ علیہا نہایت باعزت، نیک سیرت اور شریف قبیلے سے,ur/ar,yes,SRC003 p.1 line 33
VAR_E46563B46E,ENT_E13C1ED32C,حضرت امنہ بنت وہب سلام اللہ علیہا وہ مقدس ہستی ہیں جن کی گود میں,حضرت آمنہ بنتِ وہب سلامُ اللہ علیہا وہ مقدس ہستی ہیں جن کی گود میں,ur/ar,yes,SRC003 p.1 line 118
VAR_BFF2A6EA93,ENT_AA217728B7,حضرت امنہ بنت وہب سلام اللہ علیہا کی بارگاہ اقدس میں سلام، عقیدت، محبت، ادب,حضرت آمنہ بنتِ وہب سلامُ اللہ علیہا کی بارگاہِ اقدس میں سلام، عقیدت، محبت، ادب,ur/ar,yes,SRC003 p.1 line 121
VAR_01407CD8EC,ENT_6FB4D99FB9,حضرت امنہ بنت وہب سلام اللہ علیہا، سیدالمرسلین حضرت محمد مصطفی صلی اللہ علیہ والہ,حضرت آمنہ بنتِ وہب سلامُ اللہ علیہا، سیدالمرسلین حضرت محمد مصطفیٰ صلی اللہ علیہ وآلہ,ur/ar,yes,SRC003 p.1 line 86
VAR_ADB0D8BA79,ENT_AE82CDDFC8,حضرت امنہ سلام اللہ علیہا اپنے فرزند حضرت محمد مصطفی صلی اللہ علیہ والہ وسلم,حضرت آمنہ سلامُ اللہ علیہا اپنے فرزند حضرت محمد مصطفیٰ صلی اللہ علیہ وآلہ وسلم,ur/ar,yes,SRC003 p.1 line 113
VAR_6BF9FDC939,ENT_6EAC02FAA5,حضرت امنہ سلام اللہ علیہا مبارک سے عام فیل میں سیدالمرسلین حضرت محمد مصطفی صلی,حضرت آمنہ سلامُ اللہ علیہا مبارک سے عامِ فیل میں سیدالمرسلین حضرت محمد مصطفیٰ صلی,ur/ar,yes,SRC003 p.1 line 105
VAR_D2F8D86127,ENT_E4FAAF4AEF,حضرت امنہ سلام اللہ علیہا مکہ مکرمہ کی ممتاز ترین خواتین میں سے تھیں۔,حضرت آمنہ سلامُ اللہ علیہا مکہ مکرمہ کی ممتاز ترین خواتین میں سے تھیں۔,ur/ar,yes,SRC003 p.1 line 90
VAR_79E3425386,ENT_73B8491EC6,حضرت امنہ سلام اللہ علیہا نے خود اپنے لخت جگر کی پرورش فرمايی۔,حضرت آمنہ سلامُ اللہ علیہا نے خود اپنے لختِ جگر کی پرورش فرمائی۔,ur/ar,yes,SRC003 p.1 line 107
VAR_D7460BF889,ENT_95C7941162,حضرت امنہ سلام اللہ علیہا کا ابواء کے مقام پر وصال ہو گیا۔,حضرت آمنہ سلامُ اللہ علیہا کا ابواء کے مقام پر وصال ہو گیا۔,ur/ar,yes,SRC003 p.1 line 142
VAR_826DCA80A0,ENT_C23DD65A79,حضرت امنہ سلام اللہ علیہا کا نکاح حضرت سید عبداللہ بن عبدالمطلب علیہ السلام سے,حضرت آمنہ سلامُ اللہ علیہا کا نکاح حضرت سید عبداللہ بن عبدالمطلب علیہ السلام سے,ur/ar,yes,SRC003 p.1 line 97
VAR_59CB225686,ENT_9C864F2BF5,حضرت امنہ سلام اللہ علیہا کا وصال ہوا۔,حضرت آمنہ سلامُ اللہ علیہا کا وصال ہوا۔,ur/ar,yes,SRC003 p.1 line 115
VAR_6A25609027,ENT_28BEA44DCA,حضرت امنہ سلام اللہ علیہا کو حمل کے دوران غیر معمولی سکون، اطمینان اور روحانی,حضرت آمنہ سلامُ اللہ علیہا کو حمل کے دوران غیر معمولی سکون، اطمینان اور روحانی,ur/ar,yes,SRC003 p.1 line 102
VAR_FC456BBA56,ENT_1B09EAF4C2,حضرت امنہ سلام اللہ علیہا کو شرافت، دانايی اور طہارت ایک پاکیزہ خانوادے سے وراثت,حضرت آمنہ سلامُ اللہ علیہا کو شرافت، دانائی اور طہارت ایک پاکیزہ خانوادے سے وراثت,ur/ar,yes,SRC003 p.1 line 93
VAR_D0C188EE6A,ENT_825B460CB4,حضرت امنہ سلام اللہ علیہا کی ولادت مکہ مکرمہ میں ہويی۔,حضرت آمنہ سلامُ اللہ علیہا کی ولادت مکہ مکرمہ میں ہوئی۔,ur/ar,yes,SRC003 p.1 line 94
VAR_545D63E984,ENT_15BF847C1B,حضرت امنہ سلام اللہ علیہا کی گود کو نبی کی اخلاقی و روحانی پرورش,حضرت آمنہ سلامُ اللہ علیہا کی گود کو نبی کی اخلاقی و روحانی پرورش,ur/ar,yes,SRC003 p.1 line 110
VAR_92222943EE,ENT_EF9EC591CD,حضرت امنہ سلام اللہ علیہا کے زیر سایہ حضور اکرم کی ولادت ربیع الاول,حضرت آمنہ سلامُ اللہ علیہا کے زیر سایہ): حضور اکرم کی ولادت ربیع الاول,ur/ar,yes,SRC003 p.1 line 138
VAR_AFAA1EE529,ENT_29B6146842,حضرت امنہ سلام اللہ علیہا کے پاس واپس ايے اور چھ برس کی عمر تک,حضرت آمنہ سلامُ اللہ علیہا کے پاس واپس آئے اور چھ برس کی عمر تک,ur/ar,yes,SRC003 p.1 line 141
VAR_E94100A9E9,ENT_B9DBD96CF9,حضرت امیر علی ابوالعلايی کی درگاہ اگرہ میں موجود سادات اور درگاہی سلسلے سے ان,حضرت امیر علی ابوالعلائی کی درگاہ آگرہ میں موجود سادات اور درگاہی سلسلے سے ان,ur/ar,yes,SRC003 p.1 line 1694
VAR_F549B94BCC,ENT_1C3CE060A9,حضرت بابا فرید الدین گنج شکر ، حضرت بہاء الدین زکریا ملتانی ، حضرت لال,حضرت بابا فرید الدین گنج شکر ، حضرت بہاء الدین زکریا ملتانی ، حضرت لال,ur/ar,yes,SRC003 p.1 line 1207
VAR_1D0F86E51B,ENT_F1BE731975,حضرت بدرالدین بھاکری کی صاحبزادی تھیں، جن کا نام بی بی فاطمہ حبیبہ سعیدہ تھا۔,حضرت بدرالدین بھاکری کی صاحبزادی تھیں، جن کا نام بی بی فاطمہ حبیبہ سعیدہ تھا۔,ur/ar,yes,SRC003 p.1 line 1350
VAR_DC3C42B025,ENT_4617567ACE,حضرت برہ بنت عبدالعزی نہایت عاقل، بااخلاق اور نیک سیرت خاتون تھیں۔,حضرت برّہ بنتِ عبدالعزیٰ نہایت عاقل، بااخلاق اور نیک سیرت خاتون تھیں۔,ur/ar,yes,SRC003 p.1 line 92
VAR_09A029A37C,ENT_6151B71CA4,حضرت بہاو الدین زکریا ملتانی رحمۃ اللہ علیہ کے علمی و روحانی حلقہ ارادت میں,حضرت بہاؤ الدین زکریا ملتانی رحمۃ اللہ علیہ کے علمی و روحانی حلقۂ ارادت میں,ur/ar,yes,SRC003 p.1 line 927
VAR_A38676E35D,ENT_263E3ADF2F,حضرت بہاو الدین زکریا ملتانی، حضرت سید عثمان مروندی المعروف لعل شہباز قلندر حضرت بابا,حضرت بہاؤ الدین زکریا ملتانی، حضرت سید عثمان مروندی المعروف لعل شہباز قلندر حضرت بابا,ur/ar,yes,SRC003 p.1 line 926
VAR_6192DE0797,ENT_89BFB57F23,حضرت بی بی رابعہ بصری رحمۃ اللہ علیہا۔,حضرت بی بی رابعہ بصری رحمۃ اللہ علیہا۔,ur/ar,yes,SRC003 p.1 line 907
VAR_DAB3B1010C,ENT_0ADCD49AB5,حضرت بی بی رابعہ بصری کو ادھی قلندر قرار دیا جاتا ہے۔,حضرت بی بی رابعہ بصری کو آدھی قلندر قرار دیا جاتا ہے۔,ur/ar,yes,SRC003 p.1 line 908
VAR_EDE9EF9DE8,ENT_7D896C47D4,حضرت بی بی زینب سلام اللہ علیہا کی سنت پر عمل کرتے ہويے نسل سادات,حضرت بی بی زینب سلام اللہ علیہا کی سنت پر عمل کرتے ہوئے نسلِ سادات,ur/ar,yes,SRC003 p.1 line 1687
VAR_0945B06557,ENT_3118C4141E,حضرت بی بی فاطمہ الزہرا سلام اللہ علیہا نہ صرف ایک عظیم بیٹی، زوجہ اور,حضرت بی بی فاطمہ الزہرا سلامُ اللہ علیہا نہ صرف ایک عظیم بیٹی، زوجہ اور,ur/ar,yes,SRC003 p.1 line 183
VAR_D2690ABB31,ENT_E7B1FAC806,حضرت بی بی فاطمہ الزہرا سلام اللہ علیہا کا نکاح محض ایک زمینی عقد نہیں,حضرت بی بی فاطمہ الزہرا سلامُ اللہ علیہا کا نکاح محض ایک زمینی عقد نہیں,ur/ar,yes,SRC003 p.1 line 184
VAR_C3010AF67D,ENT_A6829AB5B5,حضرت بی بی فاطمہ الزہرا سلام اللہ علیہا کی زندگی ولادت سے شہادت تک صدق،,حضرت بی بی فاطمہ الزہرا سلامُ اللہ علیہا کی زندگی ولادت سے شہادت تک صدق،,ur/ar,yes,SRC003 p.1 line 198
VAR_115B03C419,ENT_4E2DF168B7,حضرت بی بی فاطمہ الزہرا سلام اللہ علیہا، رسول اکرم کی وہ واحد صاحبزادی,حضرت بی بی فاطمہ الزہرا سلامُ اللہ علیہا، رسولِ اکرم کی وہ واحد صاحبزادی,ur/ar,yes,SRC003 p.1 line 164
VAR_6AEBB722B5,ENT_1E7B35F9E1,حضرت بی بی فاطمہ الزہراء سیدہ نساء العالمین سلام اللہ علیہا بنت رسول خدا ،,حضرت بی بی فاطمہ الزہراء سیدہُ نساءِ العالمین سلامُ اللہ علیہا بنتِ رسولِ خدا ،,ur/ar,yes,SRC003 p.1 line 164
VAR_03FD44992E,ENT_1BC78A6992,حضرت بی بی فاطمہ سلام اللہ علیہا سردار شباب اہل جنت حضرت امام حسن اور,حضرت بی بی فاطمہ سلامُ اللہ علیہا سردارِ شبابِ اہلِ جنت حضرت امام حسن اور,ur/ar,yes,SRC003 p.1 line 172
VAR_637939DD63,ENT_91934F3CE4,حضرت بی بی فاطمہ سلام اللہ علیہا کا خواتین کے لیے پیغام یہ تھا کہ,حضرت بی بی فاطمہ سلامُ اللہ علیہا کا خواتین کے لیے پیغام یہ تھا کہ,ur/ar,yes,SRC003 p.1 line 192
VAR_2C1E80E828,ENT_9F5DB108DA,حضرت بی بی فاطمہ سلام اللہ علیہا کی ذات وہ میزان ہے جس پر حق,حضرت بی بی فاطمہ سلامُ اللہ علیہا کی ذات وہ میزان ہے جس پر حق,ur/ar,yes,SRC003 p.1 line 182
VAR_9E91079B3C,ENT_10C07CE717,حضرت بی بی فاطمہ سلام اللہ علیہا کی ولادت مبارکہ بیس جمادی الثانی، مکہ مکرمہ,حضرت بی بی فاطمہ سلامُ اللہ علیہا کی ولادت مبارکہ بیس جمادی الثانی، مکہ مکرمہ,ur/ar,yes,SRC003 p.1 line 188
VAR_B098AFAFEA,ENT_60BFCB7ADE,حضرت بی بی پاک امنہ بنت وہب سلام اللہ علیہا والدہ رسول خدا ، سیدہ,حضرت بی بی پاک آمنہ بنتِ وہب سلامُ اللہ علیہا والدۂ رسولِ خدا ، سیدۂ,ur/ar,yes,SRC003 p.1 line 86
VAR_98524A82ED,ENT_990EF37BB9,حضرت بی بی پاک امنہ بنت وہب سلام اللہ علیہا کی بارگاہ اقدس میں سلام,حضرت بی بی پاک آمنہ بنتِ وہب سلامُ اللہ علیہا کی بارگاہِ اقدس میں سلام,ur/ar,yes,SRC003 p.1 line 85
VAR_18C09C8A4B,ENT_9A3E3F1C8F,حضرت بی بی پاک دامن کے قرب، محمد نگر کے علاقے میں واقع ہے یہ,حضرت بی بی پاک دامن کے قرب، محمد نگر کے علاقے میں واقع ہے یہ,ur/ar,yes,SRC003 p.1 line 1526
VAR_976F0A1D38,ENT_55DE07BCE6,حضرت بی بی پاک دامن، محمد نگر لاہور میں عمل میں ايی، جہاں اپ کا,حضرت بی بی پاک دامن، محمد نگر لاہور میں عمل میں آئی، جہاں آپ کا,ur/ar,yes,SRC003 p.1 line 1531
VAR_1CAA22C662,ENT_8E749D0161,حضرت جبريیل علیہ السلام کی رہنمايی میں حکمت، موضوع اور معنوی ربط کے تحت مرتب,حضرت جبرئیل علیہ السلام کی رہنمائی میں حکمت، موضوع اور معنوی ربط کے تحت مرتب,ur/ar,yes,SRC003 p.1 line 367
VAR_094CE794DE,ENT_FFE2FC3514,حضرت جعفر بن ابی طالب علیہ السلام جعفر طیار حبشہ کے پہلے سفیر اسلام، اور,حضرت جعفر بن ابی طالب علیہ السلام (جعفرِ طیار) حبشہ کے پہلے سفیرِ اسلام، اور,ur/ar,yes,SRC003 p.1 line 216
VAR_A77935DF6B,ENT_A004205043,حضرت جعفر بن ابی طالب علیہ السلام جعفر طیار کے فرزند,حضرت جعفر بن ابی طالب علیہ السلام (جعفرِ طیار) کے فرزند,ur/ar,yes,SRC003 p.1 line 468
VAR_CA592D7577,ENT_779612E857,حضرت جعفر طیار اور حضرت ابوبکر کے بعد حضرت علی سے نکاح فرمایا۔,حضرت جعفر طیار اور حضرت ابوبکر کے بعد حضرت علی سے نکاح فرمایا۔,ur/ar,yes,SRC003 p.1 line 244
VAR_C9B475BE6A,ENT_BA299B96B6,حضرت جلال الدین حیدر سرخ پوش ، جو سادات نقوی بخاری کے جد امجد تھے۔,حضرت جلال الدین حیدر سرخ پوش ، جو ساداتِ نقوی بخاری کے جدِّ امجد تھے۔,ur/ar,yes,SRC003 p.1 line 915
VAR_886113AB13,ENT_B7C7221317,حضرت جلال الدین حیدر سرپوش اگے بڑھے، مگر شہباز قلندر نے ان کا ہاتھ پکڑ,حضرت جلال الدین حیدر سرپوش آگے بڑھے، مگر شہباز قلندر نے ان کا ہاتھ پکڑ,ur/ar,yes,SRC003 p.1 line 920
VAR_4E3CF0EB8E,ENT_6585B1212A,حضرت جلال الدین سرخ پوش بخاری ، یہاں چار یار سے مراد برصغیر میں سہروردیہ,حضرت جلال الدین سرخ پوش بخاری ، یہاں چار یار سے مراد برصغیر میں سہروردیہ,ur/ar,yes,SRC003 p.1 line 1207
VAR_3A6AC59596,ENT_91ECD64427,حضرت جلال الدین سرخ پوش بخاری کا اصل مرکز۔,حضرت جلال الدین سرخ پوش بخاری کا اصل مرکز۔,ur/ar,yes,SRC003 p.1 line 1303
VAR_D632D00BF7,ENT_F47EF84BC5,حضرت جلال الدین سرخ پوش بخاری کی سوانح حیات، خاندانی شجرہ اور تصوف کی تاریخ,حضرت جلال الدین سرخ پوش بخاری کی سوانح حیات، خاندانی شجرہ اور تصوف کی تاریخ,ur/ar,yes,SRC003 p.1 line 1187
VAR_F39037413E,ENT_1D4172DB3B,حضرت جلال الدین سرخ پوش بخاری کی چند نسل نے بعد ازاں اوچ شریف سے,حضرت جلال الدین سرخ پوش بخاری کی چند نسل نے بعد ازاں اُوچ شریف سے,ur/ar,yes,SRC003 p.1 line 1863
VAR_9FC925AA4F,ENT_BC46E35B7C,حضرت جلال شاہ بخاری، حضرت شاہ احمد بخاری سے منسلک رہے۔,حضرت جلال شاہ بخاری، حضرت شاہ احمد بخاری سے منسلک رہے۔,ur/ar,yes,SRC003 p.1 line 1797
VAR_D0E09D67D4,ENT_8596765CB2,حضرت جنید بغدادی,حضرت جنید بغدادی,ur/ar,yes,SRC003 p.1 line 895
VAR_8AC8456672,ENT_96E034FDCD,حضرت جہانیاں جہاں گشت رحمۃ اللہ علیہ کے خاندان کا دینی و روحانی کردار ان,حضرت جہانیاں جہاں گشت رحمۃ اللہ علیہ کے خاندان کا دینی و روحانی کردار ان,ur/ar,yes,SRC003 p.1 line 1399
VAR_1CD603F572,ENT_7FE232245C,حضرت حاجی علی کی درگاہ، ممبيی وقتا فوقتا سادات کا یہ خانوادہ حاجی علی درگاہ,حضرت حاجی علی کی درگاہ، ممبئی وقتاً فوقتاً سادات کا یہ خانوادہ حاجی علی درگاہ,ur/ar,yes,SRC003 p.1 line 1696
VAR_FACDE2CE84,ENT_6C12DE704B,حضرت حبیب عجمی,حضرت حبیب عجمی,ur/ar,yes,SRC003 p.1 line 895
VAR_90FC6AA8AB,ENT_88C4557FE8,حضرت حذیفہ مرعشی,حضرت حذیفہ مرعشی,ur/ar,yes,SRC003 p.1 line 889
VAR_6AE38BF604,ENT_C30EF7E5FB,حضرت حسن بصری,حضرت حسن بصری,ur/ar,yes,SRC003 p.1 line 889; SRC003 p.1 line 895
VAR_646975D973,ENT_2B2DF9B08E,حضرت حسن مثنی رضی اللہ عنہ واقعہ کربلا میں زخمی ہويے، بعد میں زندہ رہے,حضرت حسن مثنیٰ رضی اللہ عنہ واقعۂ کربلا میں زخمی ہوئے، بعد میں زندہ رہے,ur/ar,yes,SRC003 p.1 line 453
VAR_63951D77DF,ENT_4FAC305DE5,حضرت حلیمہ سعدیہ رضی اللہ عنہا کے سپرد فرمایا، مگر قلبی تعلق، شفقت اور ماں,حضرت حلیمہ سعدیہ رضی اللہ عنہا کے سپرد فرمایا، مگر قلبی تعلق، شفقت اور ماں,ur/ar,yes,SRC003 p.1 line 108
VAR_FBD5762DC5,ENT_268522917B,حضرت حمزہ رضی اللہ عنہ سید الشہداء ، حضرت عباس رضی اللہ عنہ، ابو لہب رسول,حضرت حمزہ رضی اللہ عنہ (سیدُ الشہداء)، حضرت عباس رضی اللہ عنہ، ابو لہب (رسول,ur/ar,yes,SRC003 p.1 line 23
VAR_3D16941086,ENT_591250488C,حضرت حمیدہ خاتون سلام اللہ علیہا ہیں، جن کا تعلق شمالی افریقہ یا اندلس سے,حضرت حمیدہ خاتون سلام اللہ علیہا ہیں، جن کا تعلق شمالی افریقہ یا اندلس سے,ur/ar,yes,SRC003 p.1 line 624
VAR_E047038FCD,ENT_698F635E3F,حضرت حیدر علاو الدین چشتی اپنے مرشد کے نقش قدم پر قايم رہے، اور ان,حضرت حیدر علاؤ الدین چشتی اپنے مرشد کے نقشِ قدم پر قائم رہے، اور ان,ur/ar,yes,SRC003 p.1 line 1661
VAR_F1B0FC19ED,ENT_CC6A047603,حضرت حیدر علاو الدین چشتی کا ہے۔,حضرت حیدر علاؤ الدین چشتی کا ہے۔,ur/ar,yes,SRC003 p.1 line 1656
VAR_1A62DEF8D7,ENT_5B5F41879C,حضرت حیدر علاوالدین چشتی نے ہی سید شاکر علی کی قبر کو ایک صوفی چشتی,حضرت حیدر علاؤالدین چشتی نے ہی سید شاکر علی کی قبر کو ایک صوفی چشتی,ur/ar,yes,SRC003 p.1 line 1664
VAR_916B4CF0A1,ENT_100F2F34DD,حضرت خاتم الانبیاء، سیدالمرسلین، شفیع المذنبین، رحمۃ للعالمین، محمد مصطفی احمد مجتبی صلی اللہ علیہ,حضرت خاتم الانبیاء، سیدالمرسلین، شفیع المذنبین، رحمۃٌ للعالمین، محمد مصطفیٰ احمد مجتبیٰ صلی اللہ علیہ,ur/ar,yes,SRC003 p.1 line 122
VAR_B737607235,ENT_8C23155D40,حضرت خادم الفقراء و المساکین، مخدوم حامد محمد نوبہار خامس المعروف مخدوم سید سلطان جہانیاں,حضرت خادم الفقراء و المساکین، مخدوم حامد محمد نوبہار خامس المعروف مخدوم سید سلطان جہانیاں,ur/ar,yes,SRC003 p.1 line 1604
VAR_10AF7E0D19,ENT_EF302BF168,حضرت خدیجہ بنت خویلد سلام اللہ علیہا سے ہوا۔,حضرت خدیجہ بنت خویلد سلامُ اللہ علیہا سے ہوا۔,ur/ar,yes,SRC003 p.1 line 149
VAR_3F1AD80B26,ENT_30F0F2749D,حضرت خدیجہ سلام اللہ علیہا اور حضرت ابوطالب علیہ السلام کے وصال کے بعد اپ,حضرت خدیجہ سلامُ اللہ علیہا اور حضرت ابوطالب علیہ السلام کے وصال کے بعد آپ,ur/ar,yes,SRC003 p.1 line 153
VAR_13E92A6406,ENT_27D9F38A6E,حضرت خدیجہ سلام اللہ علیہا بھی دنیا سے رخصت ہويیں۔,حضرت خدیجہ سلامُ اللہ علیہا بھی دنیا سے رخصت ہوئیں۔,ur/ar,yes,SRC003 p.1 line 209
VAR_81EA0D4BA9,ENT_4530542DED,حضرت خدیجہ سلام اللہ علیہا نے اپ پر ایمان لانے والوں میں سب سے,حضرت خدیجہ سلامُ اللہ علیہا نے آپ پر ایمان لانے والوں میں سب سے,ur/ar,yes,SRC003 p.1 line 152
VAR_C9F345F389,ENT_43E57DEAFF,حضرت خدیجہ سلام اللہ علیہا کے ساتھ,حضرت خدیجہ سلامُ اللہ علیہا کے ساتھ,ur/ar,yes,SRC003 p.1 line 149
VAR_EC66DDF67D,ENT_57241A5174,حضرت خضر، سید احمد رفاعی، قطب عدن حضرت فقیمہ بصال، وغیرہ۔,حضرت خضر، سید احمد رفاعی، قطب عدن حضرت فقیمہ بصال، وغیرہ۔,ur/ar,yes,SRC003 p.1 line 1410
VAR_25F63FAB9F,ENT_3B8C03A4DC,حضرت خواجہ ابو یوسف ناصرالدین چشتی حضرت خواجہ ابو محمد چشتی کے مرید تھے اور,حضرت خواجہ ابو یوسف ناصرالدین چشتی حضرت خواجہ ابو محمد چشتی کے مرید تھے اور,ur/ar,yes,SRC003 p.1 line 853
VAR_5343DD85F6,ENT_9F3EA1F9C0,حضرت خواجہ ابو یوسف ناصرالدین چشتی رحمۃ اللہ علیہ اور ان کے فرزند حضرت خواجہ,حضرت خواجہ ابو یوسف ناصرالدین چشتی رحمۃ اللہ علیہ اور ان کے فرزند حضرت خواجہ,ur/ar,yes,SRC003 p.1 line 852
VAR_A9E3226C70,ENT_61D92B1FFF,حضرت خواجہ سید ابو یوسف ناصرالدین چشتی،حضرت خواجہ سید قطب الدین مودود چشتی سادات حسینیہ,حضرت خواجہ سید ابو یوسف ناصرالدین چشتی،حضرت خواجہ سید قطب الدین مودود چشتی ساداتِ حسینیہ,ur/ar,yes,SRC003 p.1 line 851
VAR_E4E928A729,ENT_B360B9B4CE,حضرت خواجہ سید قطب الدین مودود چشتی ايمہ تصوف کے چار عظیم سلاسل اور ان,حضرت خواجہ سید قطب الدین مودود چشتی ائمۂ تصوف کے چار عظیم سلاسل اور ان,ur/ar,yes,SRC003 p.1 line 868
VAR_47316DFF08,ENT_56C34ADE04,حضرت خواجہ سید قطب الدین مودود چشتی رحمۃ اللہ علیہ نہایت ممتاز روحانی شخصیت تھے،,حضرت خواجہ سید قطب الدین مودود چشتی رحمۃ اللہ علیہ نہایت ممتاز روحانی شخصیت تھے،,ur/ar,yes,SRC003 p.1 line 860
VAR_D83E88FC8B,ENT_8514982C8C,حضرت خواجہ سید معین الدین حسن چشتی اجمیری رحمۃ اللہ علیہ برصغیر کے سب سے,حضرت خواجہ سید معین الدین حسن چشتی اجمیری رحمۃ اللہ علیہ برصغیر کے سب سے,ur/ar,yes,SRC003 p.1 line 871
VAR_10CFBDEC20,ENT_D57BA2B94A,حضرت خواجہ سید معین الدین حسن چشتی اجمیری رحمۃ اللہ علیہ بن سید غیاث الدین,حضرت خواجہ سید معین الدین حسن چشتی اجمیری رحمۃ اللہ علیہ بن سید غیاث الدین,ur/ar,yes,SRC003 p.1 line 875
VAR_7AC20A851E,ENT_D934C8B752,حضرت خواجہ عثمان ہارونی چشتی سے بیعت کی۔,حضرت خواجہ عثمان ہارونی چشتی سے بیعت کی۔,ur/ar,yes,SRC003 p.1 line 879
VAR_31380EDDB3,ENT_A3F7A75E8A,حضرت خواجہ غریب نواز خواجہ معین الدین چشتی رحمۃ اللہ علیہ کو دیکھا وہ ایک,حضرت خواجہ غریب نواز خواجہ معین الدین چشتی رحمۃ اللہ علیہ کو دیکھا وہ ایک,ur/ar,yes,SRC003 p.1 line 1685
VAR_94DC26031A,ENT_2238C7C94E,حضرت خواجہ غریب نواز، خواجہ معین الدین چشتی رحمۃ اللہ علیہ کے پردادا پیر و,حضرت خواجہ غریب نواز، خواجہ معین الدین چشتی رحمۃ اللہ علیہ کے پردادا پیر و,ur/ar,yes,SRC003 p.1 line 1934
VAR_DA7AFC63C1,ENT_1377752550,حضرت خواجہ معین الدین حسن چشتی اجمیری رحمۃ اللہ علیہ سلطان الہند، امام سلسلہ چشتیہ,حضرت خواجہ معین الدین حسن چشتی اجمیری رحمۃ اللہ علیہ سلطان الہند، امامِ سلسلۂ چشتیہ,ur/ar,yes,SRC003 p.1 line 871
VAR_72B9BBBC66,ENT_8B12C06C41,حضرت خواجہ معین الدین حسن چشتی اجمیری رحمۃ اللہ علیہ کے پردادا پیر و مرشد,حضرت خواجہ معین الدین حسن چشتی اجمیری رحمۃ اللہ علیہ کے پردادا پیر و مرشد,ur/ar,yes,SRC003 p.1 line 861
VAR_A8A78F857F,ENT_12DCD31AC7,حضرت خواجہ معین الدین حسن چشتی حضرت شیخ عبد القادر جیلانی رحمۃ اللہ علیہ غوث,حضرت خواجہ معین الدین حسن چشتی حضرت شیخ عبد القادر جیلانی رحمۃ اللہ علیہ غوثِ,ur/ar,yes,SRC003 p.1 line 889
VAR_4C7970A13F,ENT_1E914A470B,حضرت خولہ بنت منظور رضی اللہ عنہا,حضرت خَولہ بنتِ منظور رضی اللہ عنہا,ur/ar,yes,SRC003 p.1 line 453
VAR_E0CE26698D,ENT_42D6F3E742,حضرت داود طايی,حضرت داود طائی,ur/ar,yes,SRC003 p.1 line 895
VAR_3C3A067D7F,ENT_2EBC19B0E4,حضرت رابعہ بصری کی وہ منفرد روحانی شان مراد ہے جس میں انہوں نے ظاہری,حضرت رابعہ بصری کی وہ منفرد روحانی شان مراد ہے جس میں انہوں نے ظاہری,ur/ar,yes,SRC003 p.1 line 909
VAR_21D13FF20A,ENT_5E9505C56D,حضرت زید رضی اللہ عنہ,حضرت زید رضی اللہ عنہ,ur/ar,yes,SRC003 p.1 line 453
VAR_4E1FC70E06,ENT_621825CB23,حضرت زینب بنت علی سلام اللہ علیہا سیدہ کربلا، شریکۃ الحسین، عقیلہ بنی ہاشم حضرت,حضرت زینب بنت علی سلامُ اللہ علیہا سیدۂ کربلا، شریکۃُ الحسین، عقیلۂ بنی ہاشم حضرت,ur/ar,yes,SRC003 p.1 line 459
VAR_B8523517F9,ENT_9F28B64F3D,حضرت زینب سلام اللہ علیہا صرف ایک تاریخی شخصیت نہیں بلکہ صبر کی عملی تفسیر،,حضرت زینب سلامُ اللہ علیہا صرف ایک تاریخی شخصیت نہیں بلکہ: صبر کی عملی تفسیر،,ur/ar,yes,SRC003 p.1 line 482
VAR_804EF69EA4,ENT_045F13F167,حضرت زینب سلام اللہ علیہا کا نکاح حضرت عبداللہ بن جعفر طیار علیہ الرحمہ سے,حضرت زینب سلامُ اللہ علیہا کا نکاح حضرت عبداللہ بن جعفر طیار علیہ الرحمہ سے,ur/ar,yes,SRC003 p.1 line 468
VAR_F13162F6E5,ENT_B3017EA882,حضرت زینب سلام اللہ علیہا کا کردار کربلا محض ایک غم زدہ بہن کا نہیں,حضرت زینب سلامُ اللہ علیہا کا کردارِ کربلا محض ایک غم زدہ بہن کا نہیں,ur/ar,yes,SRC003 p.1 line 472
VAR_4802081AFA,ENT_0B3D57D448,حضرت زینب سلام اللہ علیہا کربلا کی خطیبہ اعظم ہیں، تو حضرت ام کلثوم سلام,حضرت زینب سلامُ اللہ علیہا کربلا کی خطیبۂ اعظم ہیں، تو حضرت اُمِّ کلثوم سلامُ,ur/ar,yes,SRC003 p.1 line 505
VAR_702DB34932,ENT_3C75ADFDDC,حضرت زینب سلام اللہ علیہا کی تربیت براہ راست نبی اکرم ، سیدہ فاطمہ زہرا,حضرت زینب سلامُ اللہ علیہا کی تربیت براہِ راست نبی اکرم ، سیدہ فاطمہ زہرا,ur/ar,yes,SRC003 p.1 line 464
VAR_CAF4CB699E,ENT_AC9FB81F07,حضرت زینب سلام اللہ علیہا کی وفات کے بارے میں مورخین میں اختلاف ہے، تاہم,حضرت زینب سلامُ اللہ علیہا کی وفات کے بارے میں مورخین میں اختلاف ہے، تاہم,ur/ar,yes,SRC003 p.1 line 480
VAR_62696368EF,ENT_4A463FDC37,حضرت زینب سلام اللہ علیہا کی ولادت پانچ شعبان المعظم، سن پانچ ہجری کو مدینہ,حضرت زینب سلامُ اللہ علیہا کی ولادت پانچ شعبان المعظم، سنِ پانچ ہجری کو مدینہ,ur/ar,yes,SRC003 p.1 line 461
VAR_482E35EBE8,ENT_6DF40D1F9B,حضرت زینب سلام اللہ علیہا کے بطن سے مشہور اولاد یہ ہے,حضرت زینب سلامُ اللہ علیہا کے بطن سے مشہور اولاد یہ ہے,ur/ar,yes,SRC003 p.1 line 470
VAR_C4F612CEFB,ENT_FD423982A8,حضرت زینب سلام اللہ علیہا کے مزار کے بارے میں تین مقامات منقول ہیں دمشق,حضرت زینب سلامُ اللہ علیہا کے مزار کے بارے میں تین مقامات منقول ہیں: دمشق,ur/ar,yes,SRC003 p.1 line 481
VAR_50C00E2762,ENT_F9CFE541F9,حضرت زینب سلام اللہ علیہا کے مشہور القابات درج ذیل ہیں زینب کبری، سیدہ کربلا،,حضرت زینب سلامُ اللہ علیہا کے مشہور القابات درج ذیل ہیں: زینبِ کبریٰ، سیدۂ کربلا،,ur/ar,yes,SRC003 p.1 line 467
VAR_6DE98976B7,ENT_51646945B0,حضرت زینب عالمۃ غیر معلمۃ تھیں، یعنی وہ ایسی عالمہ تھیں جنہیں ظاہری طور پر,حضرت زینب عالِمۃٌ غیرُ معلَّمۃ تھیں، یعنی وہ ایسی عالمہ تھیں جنہیں ظاہری طور پر,ur/ar,yes,SRC003 p.1 line 466
VAR_44EBE8118D,ENT_2E7C3EF58B,حضرت زینب نے اپنے بیٹوں کی شہادت پر صبر و رضا کی ایسی مثال قايم,حضرت زینب نے اپنے بیٹوں کی شہادت پر صبر و رضا کی ایسی مثال قائم,ur/ar,yes,SRC003 p.1 line 471
VAR_BE8FF937BA,ENT_973891A1B0,حضرت زینب نے ایسا خطبہ دیا جس میں,حضرت زینب نے ایسا خطبہ دیا جس میں,ur/ar,yes,SRC003 p.1 line 474
VAR_73BD9A1AD5,ENT_FF6B8DE7C8,حضرت زینب نے حضرت علی کے علمی، اخلاقی اور روحانی ورثے کی کامل نمايندگی کی۔,حضرت زینب نے حضرت علی کے علمی، اخلاقی اور روحانی ورثے کی کامل نمائندگی کی۔,ur/ar,yes,SRC003 p.1 line 463
VAR_C4DDD9CD31,ENT_CC2A43FF5F,حضرت زینب نے حق گويی، شجاعت اور توحید پر مبنی ایسا خطبہ دیا جو تاریخ,حضرت زینب نے حق گوئی، شجاعت اور توحید پر مبنی ایسا خطبہ دیا جو تاریخِ,ur/ar,yes,SRC003 p.1 line 475
VAR_36AD8D5828,ENT_B3BAE77FA7,حضرت زینب کبری، سیدہ کربلا، شریکۃ الحسین، عقیلہ بنی ہاشم اور عالمۃ غیر معلمۃ جیسے,حضرت زینبِ کبریٰ، سیدۂ کربلا، شریکۃُ الحسین، عقیلۂ بنی ہاشم اور عالِمۃٌ غیرُ معلَّمۃ جیسے,ur/ar,yes,SRC003 p.1 line 459
VAR_C5C3D9A3C6,ENT_3C44E9436C,حضرت سخی سید جلال الدین سرخ پوش بخاری رحمۃ اللہ علیہ نام سید جلال الدین,حضرت سخی سید جلال الدین سرخ پوش بخاری رحمۃ اللہ علیہ نام: سید جلال الدین,ur/ar,yes,SRC003 p.1 line 1189
VAR_D2E94D5906,ENT_EDE16B0612,حضرت سخی سید جلال الدین سرخ پوش بخاری ۔,حضرت سخی سید جلال الدین سرخ پوش بخاری ۔,ur/ar,yes,SRC003 p.1 line 1650
VAR_5336B4B0DD,ENT_0EABC4D38F,حضرت سرخ پوش بخاری اور حضرت لعل شہباز قلندر کی رفاقت سے دی جاتی ہے۔,حضرت سرخ پوش بخاری اور حضرت لعل شہباز قلندر کی رفاقت سے دی جاتی ہے۔,ur/ar,yes,SRC003 p.1 line 932
VAR_66BD72BC5B,ENT_647A6CD517,حضرت سری سقطی,حضرت سری سقطی,ur/ar,yes,SRC003 p.1 line 895
VAR_8769BF4BDA,ENT_090FC8B66A,حضرت سید ابو الموید علی بخاری تھے، جو حضرت سید جلال الدین حیدر سرخ پوش,حضرت سید ابو المؤید علی بخاری تھے، جو حضرت سید جلال الدین حیدر سرخ پوش,ur/ar,yes,SRC003 p.1 line 841
VAR_D28C96E374,ENT_9148E77B87,حضرت سید ابوطالب علیہ السلام والد امیرالمومنین علی، چچا و کفیل رسول خدا ، ناصر,حضرت سید ابوطالب علیہ السلام والدِ امیرالمؤمنین علی، چچا و کفیلِ رسولِ خدا ، ناصرِ,ur/ar,yes,SRC003 p.1 line 201
VAR_9FCC3D14C6,ENT_5629ED6500,حضرت سید ابوطالب علیہ السلام کی ازواج اور اولاد,حضرت سید ابوطالب علیہ السلام کی ازواج اور اولاد,ur/ar,yes,SRC003 p.1 line 210
VAR_5F1B85C4FE,ENT_B10102A8BF,حضرت سید ابوطالب علیہ السلام کی زیارت کی، جو نہایت واضح، روشن اور ہر شک,حضرت سید ابوطالب علیہ السلام کی زیارت کی، جو نہایت واضح، روشن اور ہر شک,ur/ar,yes,SRC003 p.1 line 1742
VAR_92E82C4343,ENT_416EF25649,حضرت سید ابوطالب نے اپ کو مولا علی قدمگاہ کے قریب ایک عیدگاہ گراونڈ میں,حضرت سید ابوطالب نے آپ کو مولا علی قدمگاہ کے قریب ایک عیدگاہ گراؤنڈ میں,ur/ar,yes,SRC003 p.1 line 1742
VAR_027A0AFB0C,ENT_3B3D4F583B,حضرت سید احمد بن عبداللہ نے انفرادی ہجرت کے ذریعے ماوراءالنہر کا رخ کیا اور,حضرت سید احمد بن عبداللہ نے انفرادی ہجرت کے ذریعے ماوراءالنہر کا رخ کیا اور,ur/ar,yes,SRC003 p.1 line 1138
VAR_3770C90AF2,ENT_F3DA51BFA9,حضرت سید احمد شاہ بن سید عبداللہ علیہ الرحمہ حضرت سید احمد شاہ علیہ الرحمہ،,حضرت سید احمد شاہ بن سید عبداللہ علیہ الرحمہ حضرت سید احمد شاہ علیہ الرحمہ،,ur/ar,yes,SRC003 p.1 line 1136
VAR_5C73D1B7AD,ENT_7BA006C077,حضرت سید احمد شاہ علیہ الرحمہ ایک صاحب حال، علم دوست اور متقی شخصیت کے,حضرت سید احمد شاہ علیہ الرحمہ ایک صاحبِ حال، علم دوست اور متقی شخصیت کے,ur/ar,yes,SRC003 p.1 line 1142
VAR_FE53E501D6,ENT_F88BAEA27B,حضرت سید احمد شاہ کی اولاد نے مختلف علاقوں میں اقامت اختیار کی، خصوصا ترکستان،,حضرت سید احمد شاہ کی اولاد نے مختلف علاقوں میں اقامت اختیار کی، خصوصاً: ترکستان،,ur/ar,yes,SRC003 p.1 line 1146
VAR_F11EACD39F,ENT_307BFAF0EF,حضرت سید احمد کبیر اور حضرت سید محمد غوث جیسی شخصیات شامل ہیں، جبکہ اپ,حضرت سید احمد کبیر اور حضرت سید محمد غوث جیسی شخصیات شامل ہیں، جبکہ آپ,ur/ar,yes,SRC003 p.1 line 951
VAR_267A973052,ENT_8EABCC97B4,حضرت سید احمد کبیر رحمۃ اللہ علیہ حضرت مخدوم جہانیاں جہاں گشت رحمۃ اللہ علیہ,حضرت سید احمد کبیر رحمۃ اللہ علیہ) حضرت مخدوم جہانیاں جہاں گشت رحمۃ اللہ علیہ,ur/ar,yes,SRC003 p.1 line 1368
VAR_A4271F6C8B,ENT_7B5F2D8479,حضرت سید احمد کبیر رحمۃ اللہ علیہ سادات حسینیہ کے ان اکابر میں سے تھے,حضرت سید احمد کبیر رحمۃ اللہ علیہ ساداتِ حسینیہ کے اُن اکابر میں سے تھے,ur/ar,yes,SRC003 p.1 line 1356
VAR_38C58E55AD,ENT_28744B8253,حضرت سید احمد کبیر رحمۃ اللہ علیہ نے اپنے والد محترم کے دست مبارک پر,حضرت سید احمد کبیر رحمۃ اللہ علیہ نے اپنے والد محترم کے دستِ مبارک پر,ur/ar,yes,SRC003 p.1 line 1351
VAR_FB30C5BE1C,ENT_500BAE13F3,حضرت سید احمد کبیر رحمۃ اللہ علیہ کا سلسلہ نسب براہ راست نواسہ رسول ،,حضرت سید احمد کبیر رحمۃ اللہ علیہ کا سلسلہ نسب براہ راست نواسۂ رسول ،,ur/ar,yes,SRC003 p.1 line 1345
VAR_28C9C57EC9,ENT_F74B7D0746,حضرت سید احمد کبیر رحمۃ اللہ علیہ کے دست حق پرست پر کی۔,حضرت سید احمد کبیر رحمۃ اللہ علیہ کے دستِ حق پرست پر کی۔,ur/ar,yes,SRC003 p.1 line 1406
VAR_49E08F9E55,ENT_14285A5F5E,حضرت سید احمد کبیر نے اہل بیت کی اصل سنت، علمی وراثت اور شریعت پر,حضرت سید احمد کبیر نے اہلِ بیت کی اصل سنت، علمی وراثت اور شریعت پر,ur/ar,yes,SRC003 p.1 line 1357
VAR_64AD83306C,ENT_A50B5B7DB8,حضرت سید امام مولا علی علیہ السلام امیرالمومنین، وصی رسول خدا ، نفس رسول ،,حضرت سید امام مولا علی علیہ السلام امیرُالمؤمنین، وصیِّ رسولِ خدا ، نفسِ رسول ،,ur/ar,yes,SRC003 p.1 line 223
VAR_BBDC80F135,ENT_ED668CEAD4,حضرت سید امام مولا علی علیہ السلام کی ازواج و اولاد اپ کی ازواج اور,حضرت سید امام مولا علی علیہ السلام کی ازواج و اولاد آپ کی ازواج اور,ur/ar,yes,SRC003 p.1 line 236
VAR_B9A1A9535A,ENT_BF21FFF4FE,حضرت سید جعفر حسینی بخاری علیہ الرحمہ حضرت سید جعفر حسینی بخاری علیہ الرحمہ، حضرت,حضرت سید جعفر حسینی بخاری علیہ الرحمہ حضرت سید جعفر حسینی بخاری علیہ الرحمہ، حضرت,ur/ar,yes,SRC003 p.1 line 1167
VAR_1EEF15179B,ENT_8F810D1274,حضرت سید جعفر حسینی بخاری، سادات بخاریہ کے نسبی تسلسل میں ایک مرکزی، قطعی اور,حضرت سید جعفر حسینی بخاری، ساداتِ بخاریہ کے نسبی تسلسل میں ایک مرکزی، قطعی اور,ur/ar,yes,SRC003 p.1 line 1172
VAR_A579A04979,ENT_63340D17B6,حضرت سید جلال الدین البخاری النقوی رحمۃ اللہ علیہ شیعہ امامیہ اثنا عشری تھے اسی,حضرت سید جلال الدین البخاری النقوی رحمۃ اللہ علیہ شیعہ امامیہ اثنا عشری تھے اسی,ur/ar,yes,SRC003 p.1 line 935
VAR_8F19569EC1,ENT_CBBFC62736,حضرت سید جلال الدین بخاری جن کا ذکر بعض شجروں میں دینی و سماجی خدمات,حضرت سید جلالُ الدین بخاری جن کا ذکر بعض شجروں میں دینی و سماجی خدمات,ur/ar,yes,SRC003 p.1 line 1497
VAR_D70940D1B8,ENT_9490AFDC63,حضرت سید جلال الدین بن سید علم الدین بخاری رحمۃ اللہ علیہ سلسلہ بخاریہ نقوی،,حضرت سید جلال الدین بن سید علم الدین بخاری رحمۃ اللہ علیہ (سلسلہ بخاریہ نقوی،,ur/ar,yes,SRC003 p.1 line 1481
VAR_47A1B8118D,ENT_F316767545,حضرت سید جلال الدین جہانیاں جہاں گشت رحمۃ اللہ علیہ جیسے جلیل القدر بزرگ پیدا,حضرت سید جلال الدین جہانیاں جہاں گشت رحمۃ اللہ علیہ جیسے جلیل القدر بزرگ پیدا,ur/ar,yes,SRC003 p.1 line 951
VAR_C5DAF2313D,ENT_AC8E3E3F44,حضرت سید جلال الدین حسین المعروف مخدوم جہانیاں جہاں گشت رحمۃ اللہ علیہ شیخ الاسلام،,حضرت سید جلال الدین حسین المعروف مخدوم جہانیاں جہاں گشت رحمۃ اللہ علیہ (شیخ الاسلام،,ur/ar,yes,SRC003 p.1 line 1368
VAR_1356607831,ENT_2E9EFFAD4D,حضرت سید جلال الدین حسین سرخ پوش بخاری رحمۃ اللہ علیہ امام سہروردیہ فی السند,حضرت سید جلال الدین حسین سرخ پوش بخاری رحمۃ اللہ علیہ امامِ سہروردیہ فی السند,ur/ar,yes,SRC003 p.1 line 922
VAR_03F1CC6064,ENT_C121040681,حضرت سید جلال الدین حسین سرخ پوش بخاری رحمۃ اللہ علیہ بنیادی طور پر ایک,حضرت سید جلال الدین حسین سرخ پوش بخاری رحمۃ اللہ علیہ بنیادی طور پر ایک,ur/ar,yes,SRC003 p.1 line 933
VAR_4FD4DC30FE,ENT_25022BEB9A,حضرت سید جلال الدین حسین سرخ پوش بخاری رحمۃ اللہ علیہ تاریخ میں میر سرخ،,حضرت سید جلال الدین حسین سرخ پوش بخاری رحمۃ اللہ علیہ تاریخ میں میرِ سرخ،,ur/ar,yes,SRC003 p.1 line 922
VAR_C302EB5E85,ENT_64277F3341,حضرت سید جلال الدین حسین سرخ پوش بخاری رحمۃ اللہ علیہ سلسلہ سہروردیہ سے وابستہ,حضرت سید جلال الدین حسین سرخ پوش بخاری رحمۃ اللہ علیہ سلسلۂ سہروردیہ سے وابستہ,ur/ar,yes,SRC003 p.1 line 927
VAR_6AC1595F27,ENT_0471528A50,حضرت سید جلال الدین حسین سرخ پوش بخاری رحمۃ اللہ علیہ کی اولاد و نسل,حضرت سید جلال الدین حسین سرخ پوش بخاری رحمۃ اللہ علیہ کی اولاد و نسل,ur/ar,yes,SRC003 p.1 line 928
VAR_DC331DF654,ENT_919A9A7E3F,حضرت سید جلال الدین حسین سرخ پوش بخاری رحمۃ اللہ علیہ کی حیات میں متعدد,حضرت سید جلال الدین حسین سرخ پوش بخاری رحمۃ اللہ علیہ کی حیات میں متعدد,ur/ar,yes,SRC003 p.1 line 943
VAR_A18EAF2E85,ENT_A6E107DF31,حضرت سید جلال الدین حیدر بن سید صفی الدین المعروف سید سلطان جلال الدین حیدر,حضرت سید جلال الدین حیدر بن سید صفی الدین المعروف سید سلطان جلال الدین حیدر,ur/ar,yes,SRC003 p.1 line 1524
VAR_0B6327AD93,ENT_5F4E273355,حضرت سید جلال الدین حیدر بن سید صفی الدین کی اولاد اور نسل بھی کثیر,حضرت سید جلال الدین حیدر بن سید صفی الدین کی اولاد اور نسل بھی کثیر,ur/ar,yes,SRC003 p.1 line 1534
VAR_3E3396F7D6,ENT_A2D0232804,حضرت سید جلال الدین حیدر بن سید صفی الدین، جنہیں معتبر تاریخی مصادر اور تذکروں,حضرت سید جلال الدین حیدر بن سید صفی الدین، جنہیں معتبر تاریخی مصادر اور تذکروں,ur/ar,yes,SRC003 p.1 line 1524
VAR_686DBDEA64,ENT_36299F1C30,حضرت سید جلال الدین حیدر بھی لاہور تشریف لايے تاہم اپ نے کسی بھی قسم,حضرت سید جلال الدین حیدر بھی لاہور تشریف لائے تاہم آپ نے کسی بھی قسم,ur/ar,yes,SRC003 p.1 line 1528
VAR_5C4C409B20,ENT_269AA8066E,حضرت سید جلال الدین حیدر رحمتہ اللہ علیہ حضرت سید جلال الدین حیدر کے صاحبزادگان,حضرت سید جلال الدین حیدر رحمتہ اللہ علیہ حضرت سید جلال الدین حیدر کے صاحبزادگان,ur/ar,yes,SRC003 p.1 line 1532
VAR_C82F7F9869,ENT_AD519CC075,حضرت سید جلال الدین حیدر سرخ پوش بخاری رحمۃ اللہ علیہ مورث اعلی سادات نقوی,حضرت سید جلال الدین حیدر سرخ پوش بخاری رحمۃ اللّٰہ علیہ مورث اعلیٰ سادات نقوی,ur/ar,yes,SRC003 p.1 line 1604; SRC003 p.1 line 1837; SRC003 p.1 line 2
VAR_1A27237BD4,ENT_C98CD1CA90,حضرت سید جلال الدین حیدر سرخ پوش بخاری رحمۃ اللہ علیہ، مورث اعلی سادات نقوی,حضرت سید جلال الدین حیدر سرخ پوش بخاری رحمۃ اللّٰہ علیہ، مورث اعلیٰ سادات نقوی,ur/ar,yes,
VAR_32E0C9C6D3,ENT_F92B8C5D7F,حضرت سید جلال الدین حیدر سرخ پوش بخاری کی صورت میں اپنے کمال کو پہنچا۔,حضرت سید جلال الدین حیدر سرخ پوش بخاری کی صورت میں اپنے کمال کو پہنچا۔,ur/ar,yes,SRC003 p.1 line 1186
VAR_7EA699E554,ENT_040770EE81,حضرت سید جلال الدین حیدر کو محض نظرانداز کر دیتے ہیں، اور یوں ان کی,حضرت سید جلال الدین حیدر کو محض نظرانداز کر دیتے ہیں، اور یوں ان کی,ur/ar,yes,SRC003 p.1 line 1540
VAR_55C3D5B7C0,ENT_32ED99A130,حضرت سید جلال الدین حیدر کی اولاد ابتدايی طور پر لاہور، بھوگیوال اور اس کے,حضرت سید جلال الدین حیدر کی اولاد ابتدائی طور پر لاہور، بھوگیوال اور اس کے,ur/ar,yes,SRC003 p.1 line 1542
VAR_0CD53DA9FC,ENT_287EEA8AE5,حضرت سید جلال الدین حیدر کی اولاد اور نسل بھی اتنی ہی کثیر ہے جتنی,حضرت سید جلال الدین حیدر کی اولاد اور نسل بھی اتنی ہی کثیر ہے جتنی,ur/ar,yes,SRC003 p.1 line 1541
VAR_239FA01993,ENT_1295F9B622,حضرت سید جلال الدین حیدر کی اولاد اور نسل کے زیادہ تر افراد ہجرتوں کے,حضرت سید جلال الدین حیدر کی اولاد اور نسل کے زیادہ تر افراد ہجرتوں کے,ur/ar,yes,SRC003 p.1 line 1535
VAR_9BA41D7ADD,ENT_99365FDA56,حضرت سید جلال الدین حیدر کی نسل بھی اتنی ہی کثیر ہے جتنی ان کے,حضرت سید جلال الدین حیدر کی نسل بھی اتنی ہی کثیر ہے جتنی ان کے,ur/ar,yes,SRC003 p.1 line 1534
VAR_7700B460C2,ENT_A5B81772E2,حضرت سید جلال الدین حیدر کی نسل بھی تعداد کے اعتبار سے اتنی ہی کثیر,حضرت سید جلال الدین حیدر کی نسل بھی تعداد کے اعتبار سے اتنی ہی کثیر,ur/ar,yes,SRC003 p.1 line 1535
VAR_1EAE43FD1C,ENT_6261394E14,حضرت سید جلال الدین حیدر کی نسل تعداد کے اعتبار سے بھی کثیر رہی اور,حضرت سید جلال الدین حیدر کی نسل تعداد کے اعتبار سے بھی کثیر رہی اور,ur/ar,yes,SRC003 p.1 line 1533
VAR_8E99CEEAFF,ENT_7AC13C1DDA,حضرت سید جلال الدین حیدر کی نسل درحقیقت کتنی وسیع، کتنی کثیر اور کتنی پھیلی,حضرت سید جلال الدین حیدر کی نسل درحقیقت کتنی وسیع، کتنی کثیر اور کتنی پھیلی,ur/ar,yes,SRC003 p.1 line 1539
VAR_E1C17A799C,ENT_803E84C590,حضرت سید جلال الدین حیدر کی نسل سے تعلق رکھنے والے افراد نے برصغیر میں,حضرت سید جلال الدین حیدر کی نسل سے تعلق رکھنے والے افراد نے برصغیر میں,ur/ar,yes,SRC003 p.1 line 1545
VAR_5368F7B827,ENT_6BC83B30A4,حضرت سید جلال الدین حیدر کی نسل سے تعلق رکھنے والے بعض افراد چند نسلوں,حضرت سید جلال الدین حیدر کی نسل سے تعلق رکھنے والے بعض افراد چند نسلوں,ur/ar,yes,SRC003 p.1 line 1544
VAR_3FA0B030C1,ENT_569FE6B22D,حضرت سید جلال الدین حیدر کی نسل سے تعلق رکھنے والے بعض خاندان لاہور کے,حضرت سید جلال الدین حیدر کی نسل سے تعلق رکھنے والے بعض خاندان لاہور کے,ur/ar,yes,SRC003 p.1 line 1542
VAR_DDF6E51ADF,ENT_61B142633C,حضرت سید جلال الدین حیدر کی نسل سے تعلق رکھنے والے بعض خاندانوں نے دوبارہ,حضرت سید جلال الدین حیدر کی نسل سے تعلق رکھنے والے بعض خاندانوں نے دوبارہ,ur/ar,yes,SRC003 p.1 line 1549
VAR_160A7F3D2F,ENT_C12C138263,حضرت سید جلال الدین رحمۃ اللہ علیہ کا تعلق مشہور و معروف خانوادہ جلالیہ سادات,حضرت سید جلال الدین رحمۃ اللہ علیہ کا تعلق مشہور و معروف خانوادۂ جلالیہ ساداتِ,ur/ar,yes,SRC003 p.1 line 1481
VAR_621C626529,ENT_8AA5D94D2D,حضرت سید جلال الدین رحمۃ اللہ علیہ کی زندگی کا زیادہ تر حصہ دینی و,حضرت سید جلال الدین رحمۃ اللہ علیہ کی زندگی کا زیادہ تر حصہ دینی و,ur/ar,yes,SRC003 p.1 line 1482
VAR_16777EAC66,ENT_C158780EFC,حضرت سید جلال الدین سرخ بخاری سے کر دیا۔,حضرت سید جلال الدین سرخ بخاری سے کر دیا۔,ur/ar,yes,SRC003 p.1 line 1260
VAR_2F875A2596,ENT_19EA714963,حضرت سید جلال الدین سرخ بخاری نے اللہ کا نام لے کر دوڑتے ہويے اگ,حضرت سید جلال الدین سرخ بخاری نے اللہ کا نام لے کر دوڑتے ہوئے آگ,ur/ar,yes,SRC003 p.1 line 1254
VAR_E11CA7F9CB,ENT_F08F6927E0,حضرت سید جلال الدین سرخ بخاری نے فرمایا میں اگ میں سے گزروں گا۔,حضرت سید جلال الدین سرخ بخاری نے فرمایا :میں آگ میں سے گزروں گا۔,ur/ar,yes,SRC003 p.1 line 1251
VAR_6FCD96D428,ENT_03EBC42DD7,حضرت سید جلال الدین سرخ پوش بخاری اور حضرت مخدوم جہانیان پیدا ہويے یہی نسل,حضرت سید جلال الدین سرخ پوش بخاری اور حضرت مخدوم جہانیان پیدا ہوئے) یہی نسل,ur/ar,yes,SRC003 p.1 line 824
VAR_38DC3BD6E0,ENT_B43DE6A3F5,حضرت سید جلال الدین سرخ پوش بخاری رحمۃ اللہ علیہ اس پورے دور میں بقید,حضرت سید جلال الدین سرخ پوش بخاری رحمۃ اللہ علیہ اس پورے دور میں بقیدِ,ur/ar,yes,SRC003 p.1 line 1234
VAR_FBF6C2FC2F,ENT_B31AC542ED,حضرت سید جلال الدین سرخ پوش بخاری رحمۃ اللہ علیہ تک جا ملتا ہے یہی,حضرت سید جلال الدین سرخ پوش بخاری رحمۃ اللہ علیہ تک جا ملتا ہے یہی,ur/ar,yes,SRC003 p.1 line 1514
VAR_83685376DD,ENT_C47D1D2D93,حضرت سید جلال الدین سرخ پوش بخاری رحمۃ اللہ علیہ تک پہنچتا ہے۔,حضرت سید جلال الدین سرخ پوش بخاری رحمۃ اللہ علیہ تک پہنچتا ہے۔,ur/ar,yes,SRC003 p.1 line 1754
VAR_B1013AA79B,ENT_16834A0F85,حضرت سید جلال الدین سرخ پوش بخاری رحمۃ اللہ علیہ تھے، جنہیں برصغیر پاک و,حضرت سید جلال الدین سرخ پوش بخاری رحمۃ اللہ علیہ تھے، جنہیں برصغیر پاک و,ur/ar,yes,SRC003 p.1 line 1346
VAR_3EC374603F,ENT_67ADB75FF5,حضرت سید جلال الدین سرخ پوش بخاری رحمۃ اللہ علیہ سلسلہ سہروردیہ کے اکابر میں,حضرت سید جلال الدین سرخ پوش بخاری رحمۃ اللہ علیہ سلسلۂ سہروردیہ کے اکابر میں,ur/ar,yes,SRC003 p.1 line 930
VAR_D95D6C1989,ENT_F32A7F6F87,حضرت سید جلال الدین سرخ پوش بخاری رحمۃ اللہ علیہ فقہی اعتبار سے اہل بیت,حضرت سید جلال الدین سرخ پوش بخاری رحمۃ اللہ علیہ فقہی اعتبار سے اہلِ بیت,ur/ar,yes,SRC003 p.1 line 1287
VAR_018805827E,ENT_567860B15D,حضرت سید جلال الدین سرخ پوش بخاری رحمۃ اللہ علیہ قطب الاقطاب، بانی سلسلہ جلالیہ,حضرت سید جلال الدین سرخ پوش بخاری رحمۃ اللہ علیہ (قطب الاقطاب، بانی سلسلہ جلالیہ,ur/ar,yes,SRC003 p.1 line 1347
VAR_914CB69E11,ENT_B3CADDCD7E,حضرت سید جلال الدین سرخ پوش بخاری رحمۃ اللہ علیہ نے اسی توازن کے ساتھ,حضرت سید جلال الدین سرخ پوش بخاری رحمۃ اللہ علیہ نے اسی توازن کے ساتھ,ur/ar,yes,SRC003 p.1 line 1214
VAR_3AFB4E0E95,ENT_BA2486D057,حضرت سید جلال الدین سرخ پوش بخاری رحمۃ اللہ علیہ نے اپنی سیادت اور نسبت,حضرت سید جلال الدین سرخ پوش بخاری رحمۃ اللہ علیہ نے اپنی سیادت اور نسبتِ,ur/ar,yes,SRC003 p.1 line 1267
VAR_CE5E6F5256,ENT_4B733A9DD3,حضرت سید جلال الدین سرخ پوش بخاری رحمۃ اللہ علیہ نے تاتاری یلغار کے دور,حضرت سید جلال الدین سرخ پوش بخاری رحمۃ اللہ علیہ نے تاتاری یلغار کے دور,ur/ar,yes,SRC003 p.1 line 1223
VAR_F89AB885F1,ENT_6ADE7DF285,حضرت سید جلال الدین سرخ پوش بخاری رحمۃ اللہ علیہ نے ساری زندگی امام حسین،,حضرت سید جلال الدین سرخ پوش بخاری رحمۃ اللہ علیہ نے ساری زندگی امام حسین،,ur/ar,yes,SRC003 p.1 line 1270
VAR_84327FF0EA,ENT_CA4DE349CB,حضرت سید جلال الدین سرخ پوش بخاری رحمۃ اللہ علیہ نے ہندوستان اور سندھ کے,حضرت سید جلال الدین سرخ پوش بخاری رحمۃ اللہ علیہ نے ہندوستان اور سندھ کے,ur/ar,yes,SRC003 p.1 line 1271
VAR_00B8282D53,ENT_FBB6B6BE9E,حضرت سید جلال الدین سرخ پوش بخاری رحمۃ اللہ علیہ نے یہ امتحان اللہ، رسول,حضرت سید جلال الدین سرخ پوش بخاری رحمۃ اللہ علیہ نے یہ امتحان اللہ، رسول,ur/ar,yes,SRC003 p.1 line 1238
VAR_CED9AEB40B,ENT_A93C5F7E7E,حضرت سید جلال الدین سرخ پوش بخاری رحمۃ اللہ علیہ کا اسلوب تبلیغ جبر یا,حضرت سید جلال الدین سرخ پوش بخاری رحمۃ اللہ علیہ کا اسلوبِ تبلیغ جبر یا,ur/ar,yes,SRC003 p.1 line 1278
VAR_D9B0609720,ENT_337CC90596,حضرت سید جلال الدین سرخ پوش بخاری رحمۃ اللہ علیہ کا زمانہ عباسی خلافت کے,حضرت سید جلال الدین سرخ پوش بخاری رحمۃ اللہ علیہ کا زمانہ عباسی خلافت کے,ur/ar,yes,SRC003 p.1 line 1195
VAR_6CED36DD0C,ENT_BA624870B5,حضرت سید جلال الدین سرخ پوش بخاری رحمۃ اللہ علیہ کا کردار مرکزی حیثیت رکھتا,حضرت سید جلال الدین سرخ پوش بخاری رحمۃ اللہ علیہ کا کردار مرکزی حیثیت رکھتا,ur/ar,yes,SRC003 p.1 line 1199
VAR_E00A419F1F,ENT_873199ECC0,حضرت سید جلال الدین سرخ پوش بخاری رحمۃ اللہ علیہ کو اہل تصوف نے اپنے,حضرت سید جلال الدین سرخ پوش بخاری رحمۃ اللہ علیہ کو اہلِ تصوف نے اپنے,ur/ar,yes,SRC003 p.1 line 1211
VAR_199429A7DA,ENT_C3EC673012,حضرت سید جلال الدین سرخ پوش بخاری رحمۃ اللہ علیہ کی تبلیغ کا سب سے,حضرت سید جلال الدین سرخ پوش بخاری رحمۃ اللہ علیہ کی تبلیغ کا سب سے,ur/ar,yes,SRC003 p.1 line 1280
VAR_7DC6AF8760,ENT_55EB8B58E0,حضرت سید جلال الدین سرخ پوش بخاری رحمۃ اللہ علیہ کی حسینی سیادت، ايمہ اہل,حضرت سید جلال الدین سرخ پوش بخاری رحمۃ اللہ علیہ کی حسینی سیادت، ائمۂ اہلِ,ur/ar,yes,SRC003 p.1 line 1272
VAR_9282CDD026,ENT_DA96ECDF85,حضرت سید جلال الدین سرخ پوش بخاری رحمۃ اللہ علیہ کی نسلی، فکری اور اعتقادی,حضرت سید جلال الدین سرخ پوش بخاری رحمۃ اللہ علیہ کی نسلی، فکری اور اعتقادی,ur/ar,yes,SRC003 p.1 line 1220
VAR_C81FB2EB2E,ENT_6F544D74A3,حضرت سید جلال الدین سرخ پوش بخاری رحمۃ اللہ علیہ کے روحانی مشن کا مرکز,حضرت سید جلال الدین سرخ پوش بخاری رحمۃ اللہ علیہ کے روحانی مشن کا مرکز,ur/ar,yes,SRC003 p.1 line 1283
VAR_075F4061CE,ENT_8902E07841,حضرت سید جلال الدین سرخ پوش بخاری رحمۃ اللہ علیہ کے فرزند تھے بلکہ ان,حضرت سید جلال الدین سرخ پوش بخاری رحمۃ اللہ علیہ کے فرزند تھے بلکہ ان,ur/ar,yes,SRC003 p.1 line 1343
VAR_D9C17F8250,ENT_02FCBB7076,حضرت سید جلال الدین سرخ پوش بخاری رحمۃ اللہ علیہ کے نام پر رکھا گیا۔,حضرت سید جلال الدین سرخ پوش بخاری رحمۃ اللہ علیہ کے نام پر رکھا گیا۔,ur/ar,yes,SRC003 p.1 line 1370
VAR_DD8F741DDC,ENT_0BC075E88B,حضرت سید جلال الدین سرخ پوش بخاری رحمۃ اللہ علیہ کے وصال کے بعد بھی,حضرت سید جلال الدین سرخ پوش بخاری رحمۃ اللہ علیہ کے وصال کے بعد بھی,ur/ar,yes,SRC003 p.1 line 1294
VAR_33A72E7C59,ENT_FF7CCED1DB,حضرت سید جلال الدین سرخ پوش بخاری رحمۃ اللہ علیہ کے پردادا تھے۔,حضرت سید جلال الدین سرخ پوش بخاری رحمۃ اللہ علیہ کے پردادا تھے۔,ur/ar,yes,SRC003 p.1 line 1158
VAR_40991B3D22,ENT_98AFC86561,حضرت سید جلال الدین سرخ پوش بخاری سادات بخاریہ کے عظیم ترین اکابر میں شمار,حضرت سید جلال الدین سرخ پوش بخاری ساداتِ بخاریہ کے عظیم ترین اکابر میں شمار,ur/ar,yes,SRC003 p.1 line 1154
VAR_6D31F41A85,ENT_CC5B24D0CF,حضرت سید جلال الدین سرخ پوش بخاری علیہ الرحمہ کا شجرہ تفصیل سے بیان ہوا,حضرت سید جلال الدین سرخ پوش بخاری علیہ الرحمہ کا شجرہ تفصیل سے بیان ہوا,ur/ar,yes,SRC003 p.1 line 1171
VAR_EB22F3F73C,ENT_507C230923,حضرت سید جلال الدین سرخ پوش بخاری متوفی ۶۹۰ھ نے دینی، روحانی اور اصلاحی تحریک,حضرت سید جلال الدین سرخ پوش بخاری (متوفی ۶۹۰ھ) نے دینی، روحانی اور اصلاحی تحریک,ur/ar,yes,SRC003 p.1 line 1958
VAR_093A3778DD,ENT_413175B7FB,حضرت سید جلال الدین سرخ پوش بخاری نے پہلی ہجرت بخارا سے ملتان کی طرف,حضرت سید جلال الدین سرخ پوش بخاری نے پہلی ہجرت بخارا سے ملتان کی طرف,ur/ar,yes,SRC003 p.1 line 1863
VAR_27DB935519,ENT_E910E32DD9,حضرت سید جلال الدین سرخ پوش بخاری کا شمار برصغیر پاک و ہند کے اوايل,حضرت سید جلال الدین سرخ پوش بخاری کا شمار برصغیر پاک و ہند کے اوائل,ur/ar,yes,SRC003 p.1 line 1864
VAR_2B235634C7,ENT_575AB074E5,حضرت سید جلال الدین سرخ پوش بخاری کی درگاہ اور حضرت خواجہ معین الدین چشتی,حضرت سید جلال الدین سرخ پوش بخاری کی درگاہ اور حضرت خواجہ معین الدین چشتی,ur/ar,yes,SRC003 p.1 line 1833
VAR_18CA472AE2,ENT_8EA99F291C,حضرت سید جلال الدین سرخ پوش بخاری کی شخصیت ان دونوں سلاسل کے امتزاج کا,حضرت سید جلال الدین سرخ پوش بخاری کی شخصیت ان دونوں سلاسل کے امتزاج کا,ur/ar,yes,SRC003 p.1 line 1652
VAR_B82843F67D,ENT_A3F3D49653,حضرت سید جلال الدین سرخ پوش بخاری کی ولادت ہويی۔,حضرت سید جلال الدین سرخ پوش بخاری کی ولادت ہوئی۔,ur/ar,yes,SRC003 p.1 line 1146
VAR_E10B330A02,ENT_7669E0E438,حضرت سید جلال الدین سرخ پوش بخاری کے والد کے طور پر حاصل ہے، جنہوں,حضرت سید جلال الدین سرخ پوش بخاری کے والد کے طور پر حاصل ہے، جنہوں,ur/ar,yes,SRC003 p.1 line 1176
VAR_0F5E6BFEDE,ENT_F474B6B9D2,حضرت سید جمال الدین بخاری رحمۃ اللہ علیہ جن کے ذریعے خاندانی ذمہ داریاں اگلے,حضرت سید جمالُ الدین بخاری رحمۃ اللہ علیہ جن کے ذریعے خاندانی ذمہ داریاں اگلے,ur/ar,yes,SRC003 p.1 line 1495
VAR_D2F237959E,ENT_64677983E9,حضرت سید خواجہ قطب الدین مودود چشتی رحمۃ اللہ علیہ، منصہ ارشاد پر فايز ہويے,حضرت سید خواجہ قطب الدین مودود چشتی رحمۃ اللہ علیہ، منصۂ ارشاد پر فائز ہوئے,ur/ar,yes,SRC003 p.1 line 1934
VAR_1EE5CB16C2,ENT_D0D5DF326C,حضرت سید سلطان احمد کبیر رحمۃ اللہ علیہ فرزند قطب الاقطاب حضرت سید جلال الدین,حضرت سید سلطان احمد کبیر رحمۃ اللہ علیہ (فرزندِ قطب الاقطاب حضرت سید جلال الدین,ur/ar,yes,SRC003 p.1 line 1342
VAR_260407B682,ENT_7A2D6A707E,حضرت سید سلطان احمد کبیر رحمۃ اللہ علیہ کا شمار برصغیر کے عظیم روحانی بزرگوں,حضرت سید سلطان احمد کبیر رحمۃ اللہ علیہ کا شمار برصغیر کے عظیم روحانی بزرگوں,ur/ar,yes,SRC003 p.1 line 1342
VAR_9D06C7FB20,ENT_D910519B77,حضرت سید سلطان جلال الدین حیدر سہروردی لاہوری رحمتہ اللہ علیہ کا وصال ۱۰۱۶ھ میں،,حضرت سید سلطان جلال الدین حیدر سہروردی لاہوری رحمتہ اللہ علیہ کا وصال ۱۰۱۶ھ میں،,ur/ar,yes,SRC003 p.1 line 1530
VAR_1870787FA3,ENT_8CDF417080,حضرت سید شاہ حسین عثمان مروندی المعروف لعل شہباز قلندر رحمۃ اللہ علیہ مشہور ڈھايی,حضرت سید شاہ حسین عثمان مروندی المعروف لعل شہباز قلندر رحمۃ اللہ علیہ مشہور ڈھائی,ur/ar,yes,SRC003 p.1 line 906
VAR_1F532A3D9A,ENT_8039CDEF70,حضرت سید شاہ حسین مروندی المعروف لعل شہباز قلندر رحمۃ اللہ علیہ بن سید کبیر,حضرت سید شاہ حسین مروندی المعروف لعل شہباز قلندر رحمۃ اللہ علیہ بن سید کبیر,ur/ar,yes,SRC003 p.1 line 896
VAR_C115E94898,ENT_7D271A9496,حضرت سید صفی الدین بخاری رحمۃ اللہ علیہ,حضرت سید صفی الدین بخاری رحمۃ اللہ علیہ,ur/ar,yes,SRC003 p.1 line 1506
VAR_81F902E490,ENT_B05FF5AA49,حضرت سید صفی الدین نہ صرف ایک صاحب اثر روحانی بزرگ بلکہ اوچ شریف کے,حضرت سید صفی الدین نہ صرف ایک صاحبِ اثر روحانی بزرگ بلکہ اوچ شریف کے,ur/ar,yes,SRC003 p.1 line 1512
VAR_3C02CCE7D3,ENT_0C544AEDA6,حضرت سید صفی الدین نے مغل سلطنت کی حمایت پر امادگی ظاہر کی اور سادات,حضرت سید صفی الدین نے مغل سلطنت کی حمایت پر آمادگی ظاہر کی اور ساداتِ,ur/ar,yes,SRC003 p.1 line 1519
VAR_43312420AE,ENT_04FAF3A614,حضرت سید صفی الدین وہ مرکزی نسلی کڑی تھے جن کے ذریعے سادات نقوی بخاری,حضرت سید صفی الدین وہ مرکزی نسلی کڑی تھے جن کے ذریعے ساداتِ نقوی بخاری,ur/ar,yes,SRC003 p.1 line 1512
VAR_35DBDEC8AA,ENT_4D0BA9A41B,حضرت سید صفی الدین کا تعلق سادات نقوی بخاری کے اس معزز خانوادے سے تھا,حضرت سید صفی الدین کا تعلق ساداتِ نقوی بخاری کے اُس معزز خانوادے سے تھا,ur/ar,yes,SRC003 p.1 line 1514
VAR_D2C413476F,ENT_61719E7D78,حضرت سید صفی الدین کو منتقل ہوا، جنہوں نے بعد ازاں انہی ذمہ داریوں کو,حضرت سید صفی الدین کو منتقل ہوا، جنہوں نے بعد ازاں انہی ذمہ داریوں کو,ur/ar,yes,SRC003 p.1 line 1511
VAR_8A07B92197,ENT_777979A828,حضرت سید صفی الدین کی تربیت کا نمایاں اثر ان کے صاحبزادگان کی عملی زندگی,حضرت سید صفی الدین کی تربیت کا نمایاں اثر ان کے صاحبزادگان کی عملی زندگی,ur/ar,yes,SRC003 p.1 line 1513
VAR_74EF7345C3,ENT_829ACBBA5F,حضرت سید صفی الدین کی ذات تھی۔,حضرت سید صفی الدین کی ذات تھی۔,ur/ar,yes,SRC003 p.1 line 1518
VAR_A7752B24ED,ENT_F8F0C4ACDE,حضرت سید صفی الدین کی زہد، بے نیازی اور تربیتی اثر پذیری کا واضح مظہر,حضرت سید صفی الدین کی زہد، بے نیازی اور تربیتی اثر پذیری کا واضح مظہر,ur/ar,yes,SRC003 p.1 line 1513
VAR_392255EC03,ENT_B5499454BA,حضرت سید صفی الدین کی قیادت کی نوعیت محض روحانی نہ تھی بلکہ سماجی اور,حضرت سید صفی الدین کی قیادت کی نوعیت محض روحانی نہ تھی بلکہ سماجی اور,ur/ar,yes,SRC003 p.1 line 1515
VAR_5904C17149,ENT_2EC7595C46,حضرت سید صفی الدین کے درمیان رابطہ اور باہمی تعلق قايم ہوا۔,حضرت سید صفی الدین کے درمیان رابطہ اور باہمی تعلق قائم ہوا۔,ur/ar,yes,SRC003 p.1 line 1516
VAR_47FEF43C87,ENT_A3DBC7A748,حضرت سید صفی الدین ہی کے دور میں اوچ شریف سے سادات نقوی بخاری کی,حضرت سید صفی الدین ہی کے دور میں اوچ شریف سے ساداتِ نقوی بخاری کی,ur/ar,yes,SRC003 p.1 line 1513
VAR_7CD1138413,ENT_37284D6382,حضرت سید عبد القادر جیلانی غوث اعظم رحمۃ اللہ علیہ بن سید ابو صالح موسی,حضرت سید عبد القادر جیلانی غوثِ اعظم رحمۃ اللہ علیہ بن سید ابو صالح موسیٰ,ur/ar,yes,SRC003 p.1 line 890
VAR_9F824AC3E8,ENT_FEEFF11ED3,حضرت سید عبد الوہاب شاہ گیلانی، حیدراباد,حضرت سید عبد الوہاب شاہ گیلانی، حیدرآباد,ur/ar,yes,SRC003 p.1 line 4
VAR_8F99A14447,ENT_25DEB37390,حضرت سید عبدالجلیل شاہ رحمۃ اللہ علیہ جن کی نسل اور خدمات بعض علاقوں میں,حضرت سید عبدالجلیل شاہ رحمۃ اللہ علیہ جن کی نسل اور خدمات بعض علاقوں میں,ur/ar,yes,SRC003 p.1 line 1510
VAR_5E133CC449,ENT_E7365CAD50,حضرت سید عبداللہ ایک عالم، زاہد، اور متقی شخصیت تھے۔,حضرت سید عبداللہ ایک عالم، زاہد، اور متقی شخصیت تھے۔,ur/ar,yes,SRC003 p.1 line 835
VAR_7060BB0529,ENT_25EA6530A3,حضرت سید عبداللہ بن علی الاصغر بن جعفر الزکی کی نسل سے تھے۔,حضرت سید عبداللہ بن علی الاصغر بن جعفر الزکی کی نسل سے تھے۔,ur/ar,yes,SRC003 p.1 line 1136
VAR_ACEDD4EEDF,ENT_782AC11746,حضرت سید عبداللہ بن علی الاصغر علیہ الرحمہ حضرت سید عبداللہ بن علی الاصغر بن,حضرت سید عبداللہ بن علی الاصغر علیہ الرحمہ حضرت سید عبداللہ بن علی الاصغر بن,ur/ar,yes,SRC003 p.1 line 833
VAR_D1617D406A,ENT_18D1F27475,حضرت سید عبداللہ بن علی الاصغر نہ صرف نسبی لحاظ سے عظیم المرتبت تھے، بلکہ,حضرت سید عبداللہ بن علی الاصغر نہ صرف نسبی لحاظ سے عظیم المرتبت تھے، بلکہ,ur/ar,yes,SRC003 p.1 line 850
VAR_2B27404358,ENT_F05DA7597A,حضرت سید عبداللہ بن علی الاصغر کی اولاد میں درج ذیل نام منقول ہیں سید,حضرت سید عبداللہ بن علی الاصغر کی اولاد میں درج ذیل نام منقول ہیں: سید,ur/ar,yes,SRC003 p.1 line 839
VAR_3DDEA2E553,ENT_A897AF057D,حضرت سید عبداللہ علیہ السلام والد رسول خدا ، موحد علی ملت ابراہیم حضرت سید,حضرت سید عبداللہ علیہ السلام والدِ رسولِ خدا ، موحد علی ملتِ ابراہیم حضرت سید,ur/ar,yes,SRC003 p.1 line 58
VAR_6248DFA369,ENT_9D3D8A764A,حضرت سید عبداللہ علیہ السلام کی اولاد میں صرف ایک فرزند ہويے حضرت محمد مصطفی,حضرت سید عبداللہ علیہ السلام کی اولاد میں صرف ایک فرزند ہوئے :حضرت محمد مصطفیٰ,ur/ar,yes,SRC003 p.1 line 69
VAR_6DFE19465F,ENT_A0172E84B7,حضرت سید عبداللہ علیہ السلام کی حیات ظاہری مختصر رہی، مگر ان کا کردار، توحید,حضرت سید عبداللہ علیہ السلام کی حیاتِ ظاہری مختصر رہی، مگر ان کا کردار، توحید,ur/ar,yes,SRC003 p.1 line 84
VAR_C8B0613E18,ENT_1F3641AD1C,حضرت سید عبداللہ علیہ السلام کی ولادت عام فیل سے چند سال قبل مکہ مکرمہ,حضرت سید عبداللہ علیہ السلام کی ولادت عامِ فیل سے چند سال قبل مکہ مکرمہ,ur/ar,yes,SRC003 p.1 line 63
VAR_40BC800B6F,ENT_1288CCF59A,حضرت سید عبداللہ علیہ السلام کے وصال کے بعد حضرت امنہ سلام اللہ علیہا نے,حضرت سید عبداللہ علیہ السلام کے وصال کے بعد حضرت آمنہ سلامُ اللہ علیہا نے,ur/ar,yes,SRC003 p.1 line 101
VAR_0F95EB1BB5,ENT_447A0BCE50,حضرت سید عبداللہ کی نسل میں ایک اہم شاخ حضرت محمد ابراہیم اور ان کے,حضرت سید عبداللہ کی نسل میں ایک اہم شاخ حضرت محمد ابراہیم اور ان کے,ur/ar,yes,SRC003 p.1 line 844
VAR_7A8518EA72,ENT_4EEAEA1262,حضرت سید عبداللہ کے خاندان کو علمی، روحانی اور نسبی حوالوں سے معتبر سمجھا گیا,حضرت سید عبداللہ کے خاندان کو علمی، روحانی اور نسبی حوالوں سے معتبر سمجھا گیا,ur/ar,yes,SRC003 p.1 line 838
VAR_9C5C2E152E,ENT_EC5AD22FEB,حضرت سید عبدالمطلب علیہ السلام سید قریش، شیخ البطحاء، ساقی الحاج، رافد الحاج، متولی کعبہ,حضرت سید عبدالمطلب علیہ السلام سیدُ قریش، شیخُ البطحاء، ساقی الحاج، رافد الحاج، متولیٔ کعبہ,ur/ar,yes,SRC003 p.1 line 17
VAR_E0895833C3,ENT_CDD12730AB,حضرت سید عبدالمطلب علیہ السلام شیبہ، سید البطحاء، شیخ الحرم، ساقی الحاج، مطعم الحاج، مالک,حضرت سید عبدالمطلب علیہ السلام شیبہ، سیدُ البطحاء، شیخُ الحرم، ساقیُ الحاج، مطعمُ الحاج، مالکِ,ur/ar,yes,SRC003 p.1 line 17
VAR_3571995069,ENT_CABDE49E41,حضرت سید عبدالمطلب علیہ السلام کی شخصیت صرف ایک قبايلی سردار تک محدود نہ تھی,حضرت سید عبدالمطلب علیہ السلام کی شخصیت صرف ایک قبائلی سردار تک محدود نہ تھی,ur/ar,yes,SRC003 p.1 line 36
VAR_B257B475AA,ENT_220ED70572,حضرت سید عثمان مروندی المعروف لعل شہباز قلندر رحمۃ اللہ علیہ سے رہی، یہاں تک,حضرت سید عثمان مروندی المعروف لعل شہباز قلندر رحمۃ اللہ علیہ سے رہی، یہاں تک,ur/ar,yes,SRC003 p.1 line 932
VAR_5FC279D33C,ENT_EE69E2C40D,حضرت سید علم الدین بخاری رحمۃ اللہ علیہ کے تین صاحبزادے تھے، جن کے ذریعے,حضرت سید علم الدین بخاری رحمۃ اللہ علیہ کے تین صاحبزادے تھے، جن کے ذریعے,ur/ar,yes,SRC003 p.1 line 1494
VAR_79AB11E6EC,ENT_AED4186587,حضرت سید علم الدین بن سید جمال الدین بخاری رحمۃ اللہ علیہ حضرت سید علم,حضرت سید علم الدین بن سید جمالُ الدین بخاری رحمۃ اللہ علیہ حضرت سید علم,ur/ar,yes,SRC003 p.1 line 1489
VAR_CB97541343,ENT_AD820F4243,حضرت سید علم الدین بن ناصر الدین بن مخدوم جہانیاں بخاری رحمۃ اللہ علیہ سلسلہ,حضرت سید علم الدین بن ناصر الدین بن مخدوم جہانیاں بخاری رحمۃ اللہ علیہ (سلسلہ,ur/ar,yes,SRC003 p.1 line 1466
VAR_E700283BE2,ENT_221DEE5A83,حضرت سید علم الدین رحمۃ اللہ علیہ اسی خاموش، باوقار اور غیر تصادم کے نمايندہ,حضرت سید علم الدین رحمۃ اللہ علیہ اسی خاموش، باوقار اور غیر تصادم کے نمائندہ,ur/ar,yes,SRC003 p.1 line 1493
VAR_483DB0C0FC,ENT_B5A8427BEA,حضرت سید علم الدین رحمۃ اللہ علیہ سلسلہ جلالیہ کے ممتاز و موقر بزرگ تھے,حضرت سید علم الدین رحمۃ اللہ علیہ سلسلہ جلالیہ کے ممتاز و موقر بزرگ تھے,ur/ar,yes,SRC003 p.1 line 1466
VAR_E36029763D,ENT_D962440C11,حضرت سید علم الدین رحمۃ اللہ علیہ نہایت سادہ مزاج، منکسر المزاج اور زہد و,حضرت سید علم الدین رحمۃ اللہ علیہ نہایت سادہ مزاج، منکسر المزاج اور زہد و,ur/ar,yes,SRC003 p.1 line 1470
VAR_08AB96D811,ENT_27188683BB,حضرت سید علم الدین رحمۃ اللہ علیہ کا تعلق سادات حسینیہ، نقوی بخاری سے تھا,حضرت سید علم الدین رحمۃ اللہ علیہ کا تعلق ساداتِ حسینیہ، نقوی بخاری سے تھا,ur/ar,yes,SRC003 p.1 line 1490
VAR_64851F222F,ENT_76F9100DEC,حضرت سید علم الدین رحمۃ اللہ علیہ کا زمانہ وہ دور تھا جب سادات بخاری,حضرت سید علم الدین رحمۃ اللہ علیہ کا زمانہ وہ دور تھا جب ساداتِ بخاری,ur/ar,yes,SRC003 p.1 line 1491
VAR_9F7458A946,ENT_DA809D1006,حضرت سید علم الدین رحمۃ اللہ علیہ کی اولاد اج بھی برصغیر کے مختلف علاقوں,حضرت سید علم الدین رحمۃ اللہ علیہ کی اولاد آج بھی برصغیر کے مختلف علاقوں,ur/ar,yes,SRC003 p.1 line 1479
VAR_56386005F7,ENT_3ACD1BF7EF,حضرت سید علم الدین رحمۃ اللہ علیہ کے حالات زندگی تفصیلی تذکروں میں کم ملتے,حضرت سید علم الدین رحمۃ اللہ علیہ کے حالاتِ زندگی تفصیلی تذکروں میں کم ملتے,ur/ar,yes,SRC003 p.1 line 1500
VAR_518317DA1E,ENT_A5B3817661,حضرت سید علی ابو المويید بخاری کی ولادت ہويی۔,حضرت سید علی ابو الموئید بخاری کی ولادت ہوئی۔,ur/ar,yes,SRC003 p.1 line 1185
VAR_91C0CEA795,ENT_85ECDAC8EE,حضرت سید علی ابو المويید بخاری کے اباء میں حضرت سید احمد شاہ بن سید,حضرت سید علی ابو الموئید بخاری کے آباء میں حضرت سید احمد شاہ بن سید,ur/ar,yes,SRC003 p.1 line 1182
VAR_4B6B577AB4,ENT_771C05A9F2,حضرت سید علی ابو الموید بخاری جیسے جلیل القدر بزرگ پیدا ہويے، جن کے فرزند,حضرت سید علی ابو المؤید بخاری جیسے جلیل القدر بزرگ پیدا ہوئے، جن کے فرزند,ur/ar,yes,SRC003 p.1 line 1154
VAR_130FDB3006,ENT_4D934E8631,حضرت سید علی المعید بخاری علیہ الرحمہ حضرت سید علی المعید بخاری علیہ الرحمہ سادات,حضرت سید علی المعید بخاری علیہ الرحمہ حضرت سید علی المعید بخاری علیہ الرحمہ ساداتِ,ur/ar,yes,SRC003 p.1 line 1173
VAR_F5426109E7,ENT_8B79411A36,حضرت سید علی المعید بخاری کی زندگی کا بڑا حصہ بخارا میں گزرا جہاں اپ,حضرت سید علی المعید بخاری کی زندگی کا بڑا حصہ بخارا میں گزرا جہاں آپ,ur/ar,yes,SRC003 p.1 line 1179
VAR_C1C1EB755C,ENT_F5E74936A6,حضرت سید علی المعید نے اپنے فرزند کو بچپن ہی سے تعلیم و تربیت دی,حضرت سید علی المعید نے اپنے فرزند کو بچپن ہی سے تعلیم و تربیت دی,ur/ar,yes,SRC003 p.1 line 1177
VAR_3C132E2460,ENT_19905855C9,حضرت سید علی عرب نقوی نے ہجرت کی، اور سنہ ۶۳۰ھ میں مراداباد کے نزدیک,حضرت سید علی عرب نقوی نے ہجرت کی، اور سنہ ۶۳۰ھ میں مرادآباد کے نزدیک,ur/ar,yes,SRC003 p.1 line 1958
VAR_43C7F50156,ENT_7CC0C38A67,حضرت سید علی عرب نیشاپوری رحمۃ اللہ علیہ ہیں، جو نیشاپور سے ہجرت کر کے,حضرت سید علی عرب نیشاپوری رحمۃ اللّٰہ علیہ ہیں، جو نیشاپور سے ہجرت کر کے,ur/ar,yes,SRC003 p.1 line 1903
VAR_3313757E39,ENT_60611ABDA2,حضرت سید عمر بخاری رحمۃ اللہ علیہ قدیم خاندانی شجروں اور روایتی نسبی مصادر کے,حضرت سید عمر بخاری رحمۃ اللہ علیہ قدیم خاندانی شجروں اور روایتی نسبی مصادر کے,ur/ar,yes,SRC003 p.1 line 1507
VAR_1EBEF64379,ENT_D69B9917B5,حضرت سید عمر رحمۃ اللہ علیہ کے دو صاحبزادے تھے، جن کے ذریعے اپ کی,حضرت سید عمر رحمۃ اللہ علیہ کے دو صاحبزادے تھے، جن کے ذریعے آپ کی,ur/ar,yes,SRC003 p.1 line 1507
VAR_5088A4F060,ENT_B9890B6CEB,حضرت سید قطب شاہ رحمۃ اللہ علیہ جن کا شمار سادات بخاری کے ان افراد,حضرت سید قطب شاہ رحمۃ اللہ علیہ جن کا شمار ساداتِ بخاری کے اُن افراد,ur/ar,yes,SRC003 p.1 line 1508
VAR_1125EC426F,ENT_6273BAD2A3,حضرت سید محمد بخاری علیہ الرحمہ حضرت سید محمد بخاری، حضرت سید علی ابو المويید,حضرت سید محمد بخاری علیہ الرحمہ حضرت سید محمد بخاری، حضرت سید علی ابو الموئید,ur/ar,yes,SRC003 p.1 line 1158
VAR_B4036AF01F,ENT_BA99547D44,حضرت سید محمد بخاری کا قیام بخارا اور ماوراءالنہر کے علمی و روحانی ماحول میں,حضرت سید محمد بخاری کا قیام بخارا اور ماوراءالنہر کے علمی و روحانی ماحول میں,ur/ar,yes,SRC003 p.1 line 1165
VAR_6B2B7F258A,ENT_84102C140D,حضرت سید محمد بخاری کو ایک متقی، پرہیزگار، اور صاحب ولایت شخصیت کے طور پر,حضرت سید محمد بخاری کو ایک متقی، پرہیزگار، اور صاحبِ ولایت شخصیت کے طور پر,ur/ar,yes,SRC003 p.1 line 1161
VAR_A6147F61AD,ENT_97FDB6542F,حضرت سید محمد بخاری کے حالات زندگی تفصیل سے محفوظ نہیں، تاہم ان کا ذکر,حضرت سید محمد بخاری کے حالاتِ زندگی تفصیل سے محفوظ نہیں، تاہم ان کا ذکر,ur/ar,yes,SRC003 p.1 line 1166
VAR_DBE0D8C126,ENT_C01B53E668,حضرت سید محمد شاہ بخاری المعروف موج دریا بخاری رحمۃ اللہ علیہ شجرہ و حالات,حضرت سید محمد شاہ بخاری المعروف موجِ دریا بخاری رحمۃ اللہ علیہ: شجرہ و حالات,ur/ar,yes,
VAR_DD0EAF6642,ENT_3694D63F54,حضرت سید محمد شاہ بخاری المعروف موج دریا بخاری رحمۃ اللہ علیہ شجرہ و حالات،,حضرت سید محمد شاہ بخاری المعروف موجِ دریا بخاری رحمۃ اللہ علیہ: شجرہ و حالات،,ur/ar,yes,SRC003 p.1 line 935; SRC003 p.1 line 951
VAR_DD56CB2DF1,ENT_52D20CEA8C,حضرت سید محمد موج دریا بخاری اور حضرت سید جلال الدین حیدر بخاری لاہوری جیسی,حضرت سید محمد موجِ دریا بخاری اور حضرت سید جلال الدین حیدر بخاری لاہوری جیسی,ur/ar,yes,SRC003 p.1 line 1512
VAR_C3A7B18993,ENT_09B60323DF,حضرت سید محمد موج دریا بطور نايب حضرت سید محمد موج دریا اپنے والد کے,حضرت سید محمد موجِ دریا بطور نائب حضرت سید محمد موجِ دریا اپنے والد کے,ur/ar,yes,SRC003 p.1 line 1520
VAR_E647EEA043,ENT_D0CD93651B,حضرت سید محمد موج دریا نے عملی سیاست اور دنیاوی معاملات سے کنارہ کشی اختیار,حضرت سید محمد موجِ دریا نے عملی سیاست اور دنیاوی معاملات سے کنارہ کشی اختیار,ur/ar,yes,SRC003 p.1 line 1522
VAR_77D1FF5305,ENT_04A69C95B7,حضرت سید محمد موج دریا کی قیادت، دعا اور روحانی توجہ کو فیصلہ کن حیثیت,حضرت سید محمد موجِ دریا کی قیادت، دعا اور روحانی توجہ کو فیصلہ کن حیثیت,ur/ar,yes,SRC003 p.1 line 1522
VAR_60481D0FDB,ENT_4CBAE5E411,حضرت سید محمد موج دریا کے سپرد کیا، جنہیں اپ نے اپنا نايب مقرر فرمایا,حضرت سید محمد موجِ دریا کے سپرد کیا، جنہیں آپ نے اپنا نائب مقرر فرمایا,ur/ar,yes,SRC003 p.1 line 1519
VAR_3B9B9324BA,ENT_46C0716745,حضرت سید محمود بن سید احمد شاہ بن سید عبداللہ بن علی الاصغر بن جعفر,حضرت سید محمود بن سید احمد شاہ بن سید عبداللہ بن علی الاصغر بن جعفر,ur/ar,yes,SRC003 p.1 line 1150
VAR_7F5867A732,ENT_C96222C5F6,حضرت سید محمود بن سید احمد شاہ علیہ الرحمہ حضرت سید محمود بن سید احمد,حضرت سید محمود بن سید احمد شاہ علیہ الرحمہ حضرت سید محمود بن سید احمد,ur/ar,yes,SRC003 p.1 line 1148
VAR_1AE71BAE03,ENT_E6FDA62547,حضرت سید محمود علیہ الرحمہ کے بارے میں مخطوطات اور قدیم تذکروں میں درج ہے,حضرت سید محمود علیہ الرحمہ کے بارے میں مخطوطات اور قدیم تذکروں میں درج ہے,ur/ar,yes,SRC003 p.1 line 1151
VAR_08ABEE77C1,ENT_19C74EC1E3,حضرت سید محمود نر ناصرالدین بخاری نقوی رحمۃ اللہ علیہ کی نسل اج بھی برصغیر،,حضرت سید محمود نر ناصرالدین بخاری نقوی رحمۃ اللہ علیہ کی نسل آج بھی برصغیر،,ur/ar,yes,SRC003 p.1 line 1465
VAR_E418F03E0B,ENT_39CD626050,حضرت سید محمود نر ناصرالدین بخاری نقوی رحمۃ اللہ علیہ، سلسلہ جلالیہ کے عظیم خانوادے,حضرت سید محمود نر ناصرالدین بخاری نقوی رحمۃ اللہ علیہ، سلسلہ جلالیہ کے عظیم خانوادے,ur/ar,yes,SRC003 p.1 line 1429
VAR_3F6522C42E,ENT_9FA0E6E91C,حضرت سید محمود نر ناصرالدین نقوی البخاری رحمۃ اللہ علیہ فرزند حضرت مخدوم جہانیاں جہاں,حضرت سید محمود نر ناصرالدین نقوی البخاری رحمۃ اللہ علیہ (فرزند حضرت مخدوم جہانیاں جہاں,ur/ar,yes,SRC003 p.1 line 1429
VAR_65FFCED1D8,ENT_0A337A18BC,حضرت سید محمود کا وصال تاریخ,حضرت سید محمود کا وصال تاریخ,ur/ar,yes,SRC003 p.1 line 1155
VAR_041E53A973,ENT_F27EC03718,حضرت سید محمود، حضرت سید محمد اور پھر حضرت سید جعفر حسینی بخاری جیسے اکابر,حضرت سید محمود، حضرت سید محمد اور پھر حضرت سید جعفر حسینی بخاری جیسے اکابر,ur/ar,yes,SRC003 p.1 line 1185
VAR_0501B2C91C,ENT_8BAB19CF5C,حضرت سید مخدوم جہانیاں جہاں گشت رحمۃ اللہ علیہ بھی اعتقادی طور پر اثنا عشری,حضرت سید مخدوم جہانیاں جہاں گشت رحمۃ اللہ علیہ بھی اعتقادی طور پر اثنا عشری,ur/ar,yes,SRC003 p.1 line 935
VAR_3B16904FF1,ENT_7FFD204CEB,حضرت سید ناصر الدین مودود نقوی چشتی صاحب حافظ اللہ کو اپ کے خلفاء کو،,حضرت سید ناصر الدین مودود نقوی چشتی صاحب حافظِ اُللّٰہ کو آپ کے خلفاء کو،,ur/ar,yes,SRC003 p.1 line 1837
VAR_A7855F6EFA,ENT_18031513F3,حضرت سید ناصرالدین بخاری رحمۃ اللہ علیہ المعروف محمود نر ناصرالدین کے فرزند اور حضرت,حضرت سید ناصرالدین بخاری رحمۃ اللہ علیہ (المعروف محمود نر ناصرالدین) کے فرزند اور حضرت,ur/ar,yes,SRC003 p.1 line 1466
VAR_5ABC0AF22A,ENT_ABD194FAE0,حضرت سید نظام الدین بخاری جن کے عہد میں خاندانی ذمہ داریوں کا عملی بوجھ,حضرت سید نظامُ الدین بخاری جن کے عہد میں خاندانی ذمہ داریوں کا عملی بوجھ,ur/ar,yes,SRC003 p.1 line 1499
VAR_D765C3C073,ENT_FD60ACDB27,حضرت سید نظام الدین بخاری رحمۃ اللہ علیہ سادات نقوی بخاری کے ان جلیل القدر,حضرت سید نظام الدین بخاری رحمۃ اللہ علیہ ساداتِ نقوی بخاری کے اُن جلیل القدر,ur/ar,yes,SRC003 p.1 line 1501
VAR_94276012A0,ENT_CF06401E2E,حضرت سید نظام الدین بخاری رحمۃ اللہ علیہ فرزند حضرت سید جلال الدین بن سید,حضرت سید نظام الدین بخاری رحمۃ اللہ علیہ فرزندِ حضرت سید جلال الدین بن سید,ur/ar,yes,SRC003 p.1 line 1501
VAR_74F980F02D,ENT_A79793A3EC,حضرت سید نظام الدین بخاری کے دو صاحبزادے تھے,حضرت سید نظام الدین بخاری کے دو صاحبزادے تھے,ur/ar,yes,SRC003 p.1 line 1505
VAR_B088CE7455,ENT_BA986F2910,حضرت سید نظام الدین بن حضرت سید جلال الدین بن سید علم الدین بخاری رحمۃ,حضرت سید نظام الدین بن حضرت سید جلال الدین بن سید علم الدین بخاری رحمۃ,ur/ar,yes,SRC003 p.1 line 1502
VAR_A15FEC6BF1,ENT_3265288A42,حضرت سید نظام الدین نے یہ تمام ذمہ داریاں کسی ظاہری شہرت کے بغیر نہایت,حضرت سید نظام الدین نے یہ تمام ذمہ داریاں کسی ظاہری شہرت کے بغیر نہایت,ur/ar,yes,SRC003 p.1 line 1502
VAR_CB083DFCEB,ENT_CC43ED47D8,حضرت سیدہ ام الخیر فاطمہ رحمۃ اللہ علیہا تھیں، جن کا نسب حسب روایت درج,حضرت سیدہ اُمّ الخیر فاطمہ رحمۃ اللہ علیہا تھیں، جن کا نسب حسبِ روایت درج,ur/ar,yes,SRC003 p.1 line 890
VAR_01EC9B6C1B,ENT_0DDCED4340,حضرت شاہ جمال بخاری کی درگاہ، جو سرخ پوش بخاری خانوادے سے تعلق رکھتی ہے۔,حضرت شاہ جمال بخاری کی درگاہ، جو سرخ پوش بخاری خانوادے سے تعلق رکھتی ہے۔,ur/ar,yes,SRC003 p.1 line 1308
VAR_4C0E65B910,ENT_85C22C5232,حضرت شاہ حسین تھا بعض لوگوں نے سازش کے تحت ان کا نام عثمان مروندی,حضرت شاہ حسین تھا بعض لوگوں نے سازش کے تحت ان کا نام عثمان مروندی,ur/ar,yes,SRC003 p.1 line 911
VAR_B0E36F4576,ENT_1236285CD5,حضرت شاہ شمس تبریز رحمۃ اللہ علیہ کے بارے میں بھی تاریخ میں ایسی فکری,حضرت شاہ شمس تبریز رحمۃ اللہ علیہ کے بارے میں بھی تاریخ میں ایسی فکری,ur/ar,yes,SRC003 p.1 line 900
VAR_7C9F704E64,ENT_A9D3720B41,حضرت شاہ عبدالمعالی موج دریا لاہوری کی فتوحات کے زمانے کے بعد ہی ہويی تھی۔,حضرت شاہ عبدالمعالی موجِ دریا لاہوری کی فتوحات کے زمانے کے بعد ہی ہوئی تھی۔,ur/ar,yes,SRC003 p.1 line 1871
VAR_1F82A2F71F,ENT_E66876D493,حضرت شاہ میراں سیالوی خاندان میں ہويی شاہ جالندھری کی نسل میں,حضرت شاہ میراں سیالوی خاندان میں ہوئی (شاہ جالندھری کی نسل میں,ur/ar,yes,SRC003 p.1 line 1397
VAR_FBD46FFB89,ENT_572CDEE506,حضرت شرف الدین شاہ ولایت نقوی کے ذریعے قايم ہويی یہ بزرگ ساتویں صدی ہجری,حضرت شرف الدین شاہ ولایت نقوی کے ذریعے قائم ہوئی یہ بزرگ ساتویں صدی ہجری,ur/ar,yes,SRC003 p.1 line 1911
VAR_83A6903D5B,ENT_E51D66C18A,حضرت شرف الدین شاہ ولایت نے امروہہ کو مرکز ولایت بنایا، جب کہ سندھ کے,حضرت شرف الدین شاہ ولایت نے امروہہ کو مرکزِ ولایت بنایا، جب کہ سندھ کے,ur/ar,yes,SRC003 p.1 line 1958
VAR_34BD86AB7C,ENT_FECAAEA903,حضرت شریف زندانی,حضرت شریف زندانی,ur/ar,yes,SRC003 p.1 line 889
VAR_4D9927C7A5,ENT_60E2374552,حضرت شہاب الدین سہروردی کا مطالعہ ثبت تھا۔,حضرت شہاب الدین سہروردی کا مطالعہ ثبت تھا۔,ur/ar,yes,SRC003 p.1 line 1405
VAR_5DA3F73805,ENT_30DDE5CD4F,حضرت شیخ الاسلام سید عبدالقادر جیلانی غوث پاک سے جا ملا، یوں اپ دونوں کی,حضرت شیخُ الاسلام سید عبدالقادر جیلانی غوثِ پاک سے جا ملا، یوں آپ دونوں کی,ur/ar,yes,SRC003 p.1 line 1600
VAR_A47F03026C,ENT_A1F3E30ACD,حضرت شیخ الاسلام مخدوم جہانیاں جہاں گشت رحمۃ اللہ علیہ کے فرزند ارجمند تھے۔,حضرت شیخ الاسلام مخدوم جہانیاں جہاں گشت رحمۃ اللہ علیہ کے فرزندِ ارجمند تھے۔,ur/ar,yes,SRC003 p.1 line 1429
VAR_8DDD66B817,ENT_BB0B10B3CD,حضرت شیخ جمال خنداں رو رحمۃ اللہ علیہ کے قدموں میں ڈال دیا، جنہوں نے,حضرت شیخ جمال خنداں رو رحمۃ اللہ علیہ کے قدموں میں ڈال دیا، جنہوں نے,ur/ar,yes,SRC003 p.1 line 1376
VAR_0D607731EE,ENT_5DE98ADC62,حضرت شیخ رکن الدین ابوالفتح ملتانی رحمۃ اللہ علیہ کے دست پر بیعت کی اور,حضرت شیخ رکن الدین ابوالفتح ملتانی رحمۃ اللہ علیہ کے دست پر بیعت کی اور,ur/ar,yes,SRC003 p.1 line 1408
VAR_6C9A095056,ENT_65D5605B79,حضرت شیخ صدر الدین عارف رحمۃ اللہ علیہ خلیفہ حضرت بہاوالدین زکریا ملتانی سے بھی,حضرت شیخ صدر الدین عارف رحمۃ اللہ علیہ (خلیفۂ حضرت بہاؤالدین زکریا ملتانی) سے بھی,ur/ar,yes,SRC003 p.1 line 1352
VAR_450F84F723,ENT_CA4795422B,حضرت شیخ عبد القادر جیلانی غوث اعظم رحمۃ اللہ علیہ حضرت سید شاہ حسین عثمان,حضرت شیخ عبد القادر جیلانی غوثِ اعظم رحمۃ اللہ علیہ حضرت سید شاہ حسین عثمان,ur/ar,yes,SRC003 p.1 line 895
VAR_89A5A3AD08,ENT_21BCC19BA6,حضرت شیخ عبد القادر جیلانی غوث اعظم رحمۃ اللہ علیہ سے منقول ہے کہ اپ,حضرت شیخ عبد القادر جیلانی غوثِ اعظم رحمۃ اللہ علیہ سے منقول ہے کہ آپ,ur/ar,yes,SRC003 p.1 line 894
VAR_6C1932833A,ENT_20CEED3C3F,حضرت شیخ عبد القادر جیلانی غوث اعظم رحمۃ اللہ علیہ کو یہ لقب ان کی,حضرت شیخ عبد القادر جیلانی غوثِ اعظم رحمۃ اللہ علیہ کو یہ لقب ان کی,ur/ar,yes,SRC003 p.1 line 891
VAR_E73E72F1B6,ENT_A12053282A,حضرت شیخ عبد الوہاب جیلانی رحمۃ اللہ علیہ کی درگاہ پر مولا علی کی قدم,حضرت شیخ عبد الوہاب جیلانی رحمۃ اللہ علیہ کی درگاہ پر مولا علی کی قدم,ur/ar,yes,SRC003 p.1 line 1710
VAR_B17B90250D,ENT_5A14E245B0,حضرت ضرار رضی اللہ عنہ، حضرت مقوم رضی اللہ عنہ، اور حضرت حجل رضی اللہ,حضرت ضرار رضی اللہ عنہ، حضرت مقوم رضی اللہ عنہ، اور حضرت حجل رضی اللہ,ur/ar,yes,SRC003 p.1 line 23
VAR_436244F050,ENT_47C9783BD5,حضرت طالب بن ابی طالب رضی اللہ عنہ ان کے بارے میں اختلاف پایا,حضرت طالب بن ابی طالب (رضی اللہ عنہ ) ان کے بارے میں اختلاف پایا,ur/ar,yes,SRC003 p.1 line 219
VAR_59032691E5,ENT_4F1134DC99,حضرت عباس، جعفر، عبداللہ، اور عثمان پیدا ہويے۔,حضرت عباس، جعفر، عبداللہ، اور عثمان پیدا ہوئے۔,ur/ar,yes,SRC003 p.1 line 240
VAR_D8B1DFC8DC,ENT_961B351A99,حضرت عبداللہ بن جعفر نے ہمیشہ حضرت زینب کے اہل بیت سے قلبی تعلق اور,حضرت عبداللہ بن جعفر نے ہمیشہ حضرت زینب کے اہلِ بیت سے قلبی تعلق اور,ur/ar,yes,SRC003 p.1 line 469
VAR_AD6AA1D7BE,ENT_1EC28B25DF,حضرت عبداللہ رضی اللہ عنہ کربلا میں شہادت,حضرت عبداللہ رضی اللہ عنہ کربلا میں شہادت,ur/ar,yes,SRC003 p.1 line 453
VAR_D8F79BB1EE,ENT_FA9B91AA83,حضرت عبداللہ سے ہوتا ہوا علی الموید اور سید جلال الدین سرخ پوش بخاری تک,حضرت عبداللہ سے ہوتا ہوا علی المؤید اور سید جلال الدین سرخ پوش بخاری تک,ur/ar,yes,SRC003 p.1 line 1834
VAR_14DD7C96EE,ENT_3325F7D300,حضرت عبداللہ علیہ السلام اور والدہ مکرمہ حضرت امنہ بنت وہب سلام اللہ علیہا کا,حضرت عبداللہ علیہ السلام اور والدہ مکرمہ حضرت آمنہ بنت وہب سلامُ اللہ علیہا کا,ur/ar,yes,SRC003 p.1 line 127
VAR_26CCFBF95D,ENT_5A13DE3C15,حضرت عبداللہ علیہ السلام اپنے وقت کے حسین ترین، باوقار ترین اور بااخلاق نوجوانوں میں,حضرت عبداللہ علیہ السلام اپنے وقت کے حسین ترین، باوقار ترین اور بااخلاق نوجوانوں میں,ur/ar,yes,SRC003 p.1 line 66
VAR_A83F2CFD0D,ENT_E0AD46AB3D,حضرت عبداللہ علیہ السلام ایک تجارتی قافلے کے ساتھ شام کے سفر پر روانہ ہويے۔,حضرت عبداللہ علیہ السلام ایک تجارتی قافلے کے ساتھ شام کے سفر پر روانہ ہوئے۔,ur/ar,yes,SRC003 p.1 line 74
VAR_2244F134B3,ENT_493210674B,حضرت عبداللہ علیہ السلام تھے جو والد رسول اکرم ہیں۔,حضرت عبداللہ علیہ السلام تھے جو والدِ رسول اکرم ہیں۔,ur/ar,yes,SRC003 p.1 line 23
VAR_7C830EF8E9,ENT_8D9BA9203C,حضرت عبداللہ علیہ السلام حضرت عبدالمطلب علیہ السلام کے سب سے چھوٹے بیٹوں میں شمار,حضرت عبداللہ علیہ السلام حضرت عبدالمطلب علیہ السلام کے سب سے چھوٹے بیٹوں میں شمار,ur/ar,yes,SRC003 p.1 line 25
VAR_E5D892D5DD,ENT_0D09B62CB8,حضرت عبداللہ علیہ السلام شرک، بت پرستی اور جاہلی رسوم سے مکمل بیزار تھے اور,حضرت عبداللہ علیہ السلام شرک، بت پرستی اور جاہلی رسوم سے مکمل بیزار تھے اور,ur/ar,yes,SRC003 p.1 line 83
VAR_E18338982A,ENT_A068A83979,حضرت عبداللہ علیہ السلام نے چند اونٹ، چند بکریاں اور ایک باندی ترکہ میں چھوڑیں۔,حضرت عبداللہ علیہ السلام نے چند اونٹ، چند بکریاں اور ایک باندی ترکہ میں چھوڑیں۔,ur/ar,yes,SRC003 p.1 line 79
VAR_F4FF0CF6DD,ENT_C7CDACE0BF,حضرت عبداللہ علیہ السلام کا نام نکلا، مگر بعد ازاں اللہ تعالی کے حکم سے,حضرت عبداللہ علیہ السلام کا نام نکلا، مگر بعد ازاں اللہ تعالیٰ کے حکم سے,ur/ar,yes,SRC003 p.1 line 72
VAR_D09FC89E9D,ENT_2BF65DABD6,حضرت عبداللہ علیہ السلام کا وصال ہو چکا تھا۔,حضرت عبداللہ علیہ السلام کا وصال ہو چکا تھا۔,ur/ar,yes,SRC003 p.1 line 139; SRC003 p.1 line 76
VAR_A6FE24C823,ENT_820CC24010,حضرت عبداللہ علیہ السلام کی جان بچايی گيی۔,حضرت عبداللہ علیہ السلام کی جان بچائی گئی۔,ur/ar,yes,SRC003 p.1 line 72
VAR_6411D550D1,ENT_386FA38032,حضرت عبداللہ علیہ السلام کی نذر اور فدیہ,حضرت عبداللہ علیہ السلام کی نذر اور فدیہ,ur/ar,yes,SRC003 p.1 line 28
VAR_EAC247E0C7,ENT_7F5B54ACC6,حضرت عبداللہ علیہ السلام کی پیشانی میں وہ نور نبوت جلوہ گر تھا جو بعد,حضرت عبداللہ علیہ السلام کی پیشانی میں وہ نورِ نبوت جلوہ گر تھا جو بعد,ur/ar,yes,SRC003 p.1 line 82
VAR_99B1BE3DF5,ENT_6B9FC72878,حضرت عبداللہ علیہ السلام کے نام نکلی، مگر اللہ تعالی نے سو اونٹوں کے فدیے,حضرت عبداللہ علیہ السلام کے نام نکلی، مگر اللہ تعالیٰ نے سو اونٹوں کے فدیے,ur/ar,yes,SRC003 p.1 line 50
VAR_52451D1F3C,ENT_05437CB42D,حضرت عبدالمطلب بن ہاشم علیہ السلام مکہ معظمہ کے ريیس، قریش کے سردار، حاجیوں کو,حضرت عبدالمطلب بن ہاشم علیہ السلام مکہ معظمہ کے رئیس، قریش کے سردار، حاجیوں کو,ur/ar,yes,SRC003 p.1 line 61
VAR_4A13EBAD5E,ENT_9B61461601,حضرت عبدالمطلب علیہ السلام السیرۃ النبویۃ از ابن ہشام، السیرۃ النبویۃ از ابن اسحاق بروایت,حضرت عبدالمطلب علیہ السلام :السیرۃ النبویۃ از ابن ہشام، السیرۃ النبویۃ از ابن اسحاق (بروایت,ur/ar,yes,SRC003 p.1 line 16
VAR_3FCB018D48,ENT_3A9F3518DD,حضرت عبدالمطلب علیہ السلام حوالہ جات حضرت ادم علیہ السلام تا حضرت اسماعیل علیہ السلام,حضرت عبدالمطلب علیہ السلام حوالہ جات: حضرت آدم علیہ السلام تا حضرت اسماعیل علیہ السلام,ur/ar,yes,SRC003 p.1 line 14
VAR_032234BA7F,ENT_D70BBE3AE1,حضرت عبدالمطلب علیہ السلام موحد تھے اپ دین ابراہیمی پر قايم تھے، بت پرستی سے,حضرت عبدالمطلب علیہ السلام موحّد تھے آپ دینِ ابراہیمی پر قائم تھے، بت پرستی سے,ur/ar,yes,SRC003 p.1 line 27
VAR_47B1FF5B1A,ENT_60CED82234,حضرت عبدالمطلب علیہ السلام نے اپنے سب سے بڑے بیٹے حارث کو مدینہ منورہ بھیجا،,حضرت عبدالمطلب علیہ السلام نے اپنے سب سے بڑے بیٹے حارث کو مدینہ منورہ بھیجا،,ur/ar,yes,SRC003 p.1 line 76
VAR_E4E2059F9D,ENT_8F60D57DA0,حضرت عبدالمطلب علیہ السلام نے اپنے فرزند کے وصال پر گہرے رنج و غم کا,حضرت عبدالمطلب علیہ السلام نے اپنے فرزند کے وصال پر گہرے رنج و غم کا,ur/ar,yes,SRC003 p.1 line 81
VAR_31BCC849C0,ENT_5CAA87F4C6,حضرت عبدالمطلب علیہ السلام نے رسول اکرم صلی اللہ علیہ والہ وسلم کی ولادت کے,حضرت عبدالمطلب علیہ السلام نے رسول اکرم صلی اللہ علیہ وآلہ وسلم کی ولادت کے,ur/ar,yes,SRC003 p.1 line 52
VAR_861E468493,ENT_E54AE72976,حضرت عبدالمطلب علیہ السلام نے نذر مانی تھی کہ اگر ان کے دس بیٹے ہويے,حضرت عبدالمطلب علیہ السلام نے نذر مانی تھی کہ اگر ان کے دس بیٹے ہوئے,ur/ar,yes,SRC003 p.1 line 71
VAR_AFD852E73C,ENT_B8AFC490DC,حضرت عبدالمطلب علیہ السلام واحد فرزند تھے، یعنی اپ کے سگے بھايی یا بہن ثابت,حضرت عبدالمطلب علیہ السلام واحد فرزند تھے، یعنی آپ کے سگے بھائی یا بہن ثابت,ur/ar,yes,SRC003 p.1 line 22
VAR_97E495CC50,ENT_7F6D2BF9E0,حضرت عبدالمطلب علیہ السلام کا بھی وصال ہو گیا۔,حضرت عبدالمطلب علیہ السلام کا بھی وصال ہو گیا۔,ur/ar,yes,SRC003 p.1 line 145
VAR_EE487DAD54,ENT_795E8A12AF,حضرت عبدالمطلب علیہ السلام کی ابتدايی پرورش یثرب میں ہويی، جہاں اپ کے نانا عمرو,حضرت عبدالمطلب علیہ السلام کی ابتدائی پرورش یثرب میں ہوئی، جہاں آپ کے نانا عمرو,ur/ar,yes,SRC003 p.1 line 19
VAR_642E202270,ENT_BE5BB5C5E9,حضرت عبدالمطلب علیہ السلام کی زندگی میں زمزم کی دوبارہ دریافت ایک غیر معمولی واقعہ,حضرت عبدالمطلب علیہ السلام کی زندگی میں زمزم کی دوبارہ دریافت ایک غیر معمولی واقعہ,ur/ar,yes,SRC003 p.1 line 40
VAR_1CF6147518,ENT_90C1B26B67,حضرت عبدالمطلب علیہ السلام کی سیرت میں نذر، وفا اور عہد کی پاسداری نمایاں مقام,حضرت عبدالمطلب علیہ السلام کی سیرت میں نذر، وفا اور عہد کی پاسداری نمایاں مقام,ur/ar,yes,SRC003 p.1 line 48
VAR_54534EC349,ENT_8BCF79103D,حضرت عبدالمطلب علیہ السلام کی مقبولیت، وقار اور اخلاقی برتری بنو امیہ کے لیے مستقل,حضرت عبدالمطلب علیہ السلام کی مقبولیت، وقار اور اخلاقی برتری بنو امیہ کے لیے مستقل,ur/ar,yes,SRC003 p.1 line 46
VAR_923B3BF0E9,ENT_489463BEA4,حضرت عبدالمطلب علیہ السلام کی وفات کے بعد بنو امیہ کا رویہ بنو ہاشم کے,حضرت عبدالمطلب علیہ السلام کی وفات کے بعد بنو امیہ کا رویہ بنو ہاشم کے,ur/ar,yes,SRC003 p.1 line 55
VAR_37E097DE39,ENT_4D59C2293A,حضرت عبدالمطلب علیہ السلام کے بیٹوں میں سب سے معروف حضرت عبداللہ علیہ السلام تھے،,حضرت عبدالمطلب علیہ السلام کے بیٹوں میں سب سے معروف حضرت عبداللہ علیہ السلام تھے،,ur/ar,yes,SRC003 p.1 line 32
VAR_E31D78E42A,ENT_D2915AE337,حضرت عبدالمطلب علیہ السلام کے بیٹے یہ تھے حضرت الحارث رضی اللہ عنہ، حضرت زبیر,حضرت عبدالمطلب علیہ السلام کے بیٹے یہ تھے: حضرت الحارث رضی اللہ عنہ، حضرت زبیر,ur/ar,yes,SRC003 p.1 line 23
VAR_6ACB00701F,ENT_7CF8D2308F,حضرت عبدالمطلب علیہ السلام کے زیر سایہ والدہ کے انتقال کے بعد دادا حضرت عبدالمطلب,حضرت عبدالمطلب علیہ السلام کے زیر سایہ): والدہ کے انتقال کے بعد دادا حضرت عبدالمطلب,ur/ar,yes,SRC003 p.1 line 143
VAR_3B767CBE86,ENT_7AD7412826,حضرت عبدالمطلب علیہ السلام کے صاحبزادے اور حضرت علی بن ابی طالب علیہ السلام کے,حضرت عبدالمطلب علیہ السلام کے صاحبزادے اور حضرت علی بن ابی طالب علیہ السلام کے,ur/ar,yes,SRC003 p.1 line 202
VAR_873F773EAE,ENT_D4949D8ED4,حضرت عبدالمطلب علیہ السلام، جن کا اصل نام شیبہ تھا، حضرت ہاشم بن عبد مناف,حضرت عبدالمطلب علیہ السلام، جن کا اصل نام شیبہ تھا، حضرت ہاشم بن عبد مناف,ur/ar,yes,SRC003 p.1 line 28
VAR_BC59C07BE7,ENT_1B3E2CCDEF,حضرت عبدالمطلب کو بنو امیہ کے بعض اکابر، خصوصا امیہ بن عبد شمس کی نسل,حضرت عبدالمطلب کو بنو امیہ کے بعض اکابر، خصوصاً امیہ بن عبد شمس کی نسل,ur/ar,yes,SRC003 p.1 line 514
VAR_3C68BB50E4,ENT_847C9AFFE5,حضرت عبدالواحد بن زید,حضرت عبدالواحد بن زید,ur/ar,yes,SRC003 p.1 line 889
VAR_6E582C29CC,ENT_FC72762B67,حضرت عثمان بن عفان کے دور میں قران مجید کو ایک متحدہ اور سرکاری مصحف,حضرت عثمان بن عفان کے دور میں قرآنِ مجید کو ایک متحدہ اور سرکاری مصحف,ur/ar,yes,SRC003 p.1 line 370
VAR_555A2D303B,ENT_9B471761FF,حضرت عثمان مروندی قلندر شہباز کا سلسلہ طریقت بالواسطہ حضرت شیخ عبد القادر جیلانی غوث,حضرت عثمان مروندی قلندر شہباز کا سلسلۂ طریقت بالواسطہ حضرت شیخ عبد القادر جیلانی غوثِ,ur/ar,yes,SRC003 p.1 line 905
VAR_9A301EA5C9,ENT_A2568CE0F3,حضرت عثمان ہارونی,حضرت عثمان ہارونی,ur/ar,yes,SRC003 p.1 line 889
VAR_EB262377A7,ENT_4096F32106,حضرت عقیل بن ابی طالب رضی اللہ عنہ علم و نسب کے ماہر، فتح مکہ,حضرت عقیل بن ابی طالب رضی اللہ عنہ علم و نسب کے ماہر، فتح مکہ,ur/ar,yes,SRC003 p.1 line 218
VAR_0B8716CE0F,ENT_E51681C7AA,حضرت علی,حضرت علی,ur/ar,yes,SRC003 p.1 line 889; SRC003 p.1 line 964
VAR_7DEC3D2A16,ENT_3803CFD2E9,حضرت علی الاصغر بن جعفر الزکی ثانی کی اولاد کے حوالے سے یہ بات واضح,حضرت علی الاصغر بن جعفر الزکی ثانی کی اولاد کے حوالے سے یہ بات واضح,ur/ar,yes,SRC003 p.1 line 825
VAR_A7931D77AD,ENT_A504739E91,حضرت علی الاصغر بن جعفر الزکی ثانی کی بعض اولاد کی عقب بعد کے زمانوں,حضرت علی الاصغر بن جعفر الزکی ثانی کی بعض اولاد کی عقب بعد کے زمانوں,ur/ar,yes,SRC003 p.1 line 827
VAR_E78CC444D1,ENT_969A105DA5,حضرت علی الاصغر بن جعفر الزکی علیہ الرحمہ حضرت علی الاصغر علیہ الرحمہ، حضرت جعفر,حضرت علی الاصغر بن جعفر الزکی علیہ الرحمہ حضرت علی الاصغر علیہ الرحمہ، حضرت جعفر,ur/ar,yes,SRC003 p.1 line 815
VAR_22B0945084,ENT_F0E041392B,حضرت علی الاصغر علیہ الرحمہ کی نسل سے تعلق رکھنے والے کيی معروف شخصیات پیدا,حضرت علی الاصغر علیہ الرحمہ کی نسل سے تعلق رکھنے والے کئی معروف شخصیات پیدا,ur/ar,yes,SRC003 p.1 line 824
VAR_4EB45B9E86,ENT_C7DAF68760,حضرت علی الاصغر کا ذکر علماء انساب میں ان فرزندان جعفر الزکی میں کیا گیا,حضرت علی الاصغر کا ذکر علماء انساب میں اُن فرزندانِ جعفر الزکی میں کیا گیا,ur/ar,yes,SRC003 p.1 line 819
VAR_FBB2896B67,ENT_5CE8FB52EF,حضرت علی اور ال محمد سے نسبت خاندان کے بزرگ سید امیر علی اور ان,حضرت علی اور آلِ محمد سے نسبت خاندان کے بزرگ سید امیر علی اور ان,ur/ar,yes,SRC003 p.1 line 1800
VAR_2926D14B32,ENT_942131EEB7,حضرت علی اور اہل بیت سے دسویں شیعہ و اہل بیت امام علی نقی سے,حضرت علی اور اہلِ بیت سے دسویں شِیعہ و اہلِ بیت امام علی نقی سے,ur/ar,yes,SRC003 p.1 line 1800
VAR_8067734800,ENT_46615B6CAF,حضرت علی بن ابی طالب علیہ السلام,حضرت علی بن ابی طالب علیہ السلام,ur/ar,yes,SRC003 p.1 line 520
VAR_439B7344AD,ENT_19289E9930,حضرت علی بن ابی طالب علیہ السلام امام اول، مولايے کاينات، وصی رسول، خلیفہ راشد،,حضرت علی بن ابی طالب علیہ السلام امامِ اوّل، مولائے کائنات، وصیِ رسولؐ، خلیفۂ راشد،,ur/ar,yes,SRC003 p.1 line 215
VAR_E376F3C721,ENT_332772647D,حضرت علی بن ابی طالب علیہ السلام اور سیدہ کاينات حضرت فاطمہ زہرا سلام اللہ,حضرت علی بن ابی طالب علیہ السلام اور سیدۂ کائنات حضرت فاطمہ زہرا سلامُ اللہ,ur/ar,yes,SRC003 p.1 line 460; SRC003 p.1 line 485
VAR_319E0FA6B7,ENT_9BD53A48A1,حضرت علی بن ابی طالب علیہ السلام کی ولایت کا اعلان فرمایا۔,حضرت علی بن ابی طالب علیہ السلام کی ولایت کا اعلان فرمایا۔,ur/ar,yes,SRC003 p.1 line 379
VAR_4E00BAD244,ENT_5916E7B781,حضرت علی بن ابی طالب علیہ السلام کی ولایت کے اعلان اور امت کے لیے,حضرت علی بن ابی طالب علیہ السلام کی ولایت کے اعلان اور امت کے لیے,ur/ar,yes,SRC003 p.1 line 388
VAR_E3B90B2BCE,ENT_6563B2C1D1,حضرت علی بن ابی طالب علیہ السلام کی ولایت کے اعلان کا حکم دیا گیا۔,حضرت علی بن ابی طالب علیہ السلام کی ولایت کے اعلان کا حکم دیا گیا۔,ur/ar,yes,SRC003 p.1 line 352
VAR_827D2EE7DE,ENT_BCD2D4D2EC,حضرت علی بن ابی طالب علیہ السلام کی ولایت کے اعلان کے بعد نازل ہويی۔,حضرت علی بن ابی طالب علیہ السلام کی ولایت کے اعلان کے بعد نازل ہوئی۔,ur/ar,yes,SRC003 p.1 line 364
VAR_4F93BC66FE,ENT_C36227FEB0,حضرت علی بن ابی طالب علیہ السلام کی ولایت کے حق میں نازل شدہ قرار,حضرت علی بن ابی طالب علیہ السلام کی ولایت کے حق میں نازل شدہ قرار,ur/ar,yes,SRC003 p.1 line 384
VAR_BA1DA25716,ENT_22794BFFEB,حضرت علی بن ابی طالب علیہ السلام کے بارے میں اپنی امت پر ولایت کا,حضرت علی بن ابی طالب علیہ السلام کے بارے میں اپنی امت پر ولایت کا,ur/ar,yes,SRC003 p.1 line 337
VAR_6B1A650D25,ENT_A402C0F4F6,حضرت علی بن ابی طالب کرم اللہ وجہہ,حضرت علی بن ابی طالب کرم اللہ وجہہ,ur/ar,yes,SRC003 p.1 line 895
VAR_95D6A03B7D,ENT_E08F627496,حضرت علی بن ابی طالب کرم اللہ وجہہ علمی و روحانی مقام فقہ حنبلی، حدیث،,حضرت علی بن ابی طالب کرم اللہ وجہہ علمی و روحانی مقام فقہ حنبلی، حدیث،,ur/ar,yes,SRC003 p.1 line 890
VAR_E2AACBE0F0,ENT_1AF1632762,حضرت علی بن ابی طالب کرم اللہ وجہہ و علیہ السلام، امیر المومنین، وصی رسول،,حضرت علی بن ابی طالب کرم اللہ وجہہ و علیہ السلام، امیر المؤمنین، وصیّ رسول،,ur/ar,yes,SRC003 p.1 line 223
VAR_973B7B1B86,ENT_7FA94F2441,حضرت علی زین العابدین علیہ السلام امام چہارم، کربلا میں موجود، مگر بیمار تھے,حضرت علی زین العابدین علیہ السلام امام چہارم، کربلا میں موجود، مگر بیمار تھے,ur/ar,yes,SRC003 p.1 line 530
VAR_C625304189,ENT_01D1DD47AC,حضرت علی علیہ السلام اولاد ذکور بیٹے,حضرت علی علیہ السلام: اولادِ ذکور (بیٹے,ur/ar,yes,SRC003 p.1 line 253
VAR_869FD6F708,ENT_4F6A37A9DB,حضرت علی علیہ السلام خلیفہ چہارم بنايے گيے، مگر شیعہ عقیدہ کے مطابق اپ پہلے,حضرت علی علیہ السلام خلیفۂ چہارم بنائے گئے، مگر شیعہ عقیدہ کے مطابق آپ پہلے,ur/ar,yes,SRC003 p.1 line 231
VAR_23D21363E2,ENT_DCAEB8174B,حضرت علی علیہ السلام نے اپ کے لیے بیت الاحزان قايم کیا، جہاں اپ تنہايی,حضرت علی علیہ السلام نے آپ کے لیے بیتُ الاحزان قائم کیا، جہاں آپ تنہائی,ur/ar,yes,SRC003 p.1 line 191
VAR_AD5B677DF7,ENT_27259B8BCD,حضرت علی علیہ السلام کا ساتھ دینا، اور اس کے ساتھ ساتھ امت کی فکری,حضرت علی علیہ السلام کا ساتھ دینا، اور اس کے ساتھ ساتھ امت کی فکری,ur/ar,yes,SRC003 p.1 line 171
VAR_5A162BC1A6,ENT_CA158E9715,حضرت علی علیہ السلام کا ہاتھ پکڑا، اتنا بلند کیا کہ دونوں کے بازووں کی,حضرت علی علیہ السلام کا ہاتھ پکڑا، اتنا بلند کیا کہ دونوں کے بازوؤں کی,ur/ar,yes,SRC003 p.1 line 302
VAR_224DC6FFB3,ENT_76E1E68AAB,حضرت علی علیہ السلام کو بطور انفسنا لے کر تشریف لايے۔,حضرت علی علیہ السلام کو بطور انفسنا لے کر تشریف لائے۔,ur/ar,yes,SRC003 p.1 line 408
VAR_1A313FBC54,ENT_E4F0FF3AFF,حضرت علی علیہ السلام کو جنم دیا یہ واقعہ اسلامی تاریخ میں متواتر شہرت رکھتا,حضرت علی علیہ السلام کو جنم دیا یہ واقعہ اسلامی تاریخ میں متواتر شہرت رکھتا,ur/ar,yes,SRC003 p.1 line 213
VAR_0878122527,ENT_2482968DE2,حضرت علی علیہ السلام کی شہادت کے بعد، اہل کوفہ، مدینہ، حجاز، یمن اور ایران,حضرت علی علیہ السلام کی شہادت کے بعد، اہلِ کوفہ، مدینہ، حجاز، یمن اور ایران,ur/ar,yes,SRC003 p.1 line 440
VAR_67482969F8,ENT_B9010E8668,حضرت علی علیہ السلام کی والدہ تھیں۔,حضرت علی علیہ السلام کی والدہ تھیں۔,ur/ar,yes,SRC003 p.1 line 211
VAR_89BF4C5971,ENT_2B8220D520,حضرت علی علیہ السلام، حضرت فاطمہ الزہرا سلام اللہ علیہا، امام حسن علیہ السلام اور,حضرت علی علیہ السلام، حضرت فاطمہ الزہرا سلامُ اللہ علیہا، امام حسن علیہ السلام اور,ur/ar,yes,SRC003 p.1 line 393
VAR_20AFD7E991,ENT_DD7B7934A5,حضرت علی کرم اللہ وجہہ کریم سے ہوتا ہوا رسول اکرم صلی اللہ علیہ و,حضرت علی کرم اللہ وجہہ کریم سے ہوتا ہوا رسولِ اکرم صلی اللہ علیہ و,ur/ar,yes,SRC003 p.1 line 899
VAR_4CB844F1BA,ENT_1DACFDC851,حضرت علی کو رسول کی جان کے برابر قرار دیا جانا ایک ایسا مقام,حضرت علی کو رسول کی جان کے برابر قرار دیا جانا ایک ایسا مقام,ur/ar,yes,SRC003 p.1 line 409
VAR_2A0FCB649C,ENT_390D0846DD,حضرت علی کو مبارک باد دی۔,حضرت علی کو مبارک باد دی۔,ur/ar,yes,SRC003 p.1 line 304
VAR_F596B50D96,ENT_44350AD57F,حضرت علی کی اغوش علم و عصمت میں ہويی۔,حضرت علی کی آغوشِ علم و عصمت میں ہوئی۔,ur/ar,yes,SRC003 p.1 line 464
VAR_4F3D90A21C,ENT_E86FAFBE61,حضرت علی کی حکمت و شجاعت کے سايے میں پايی۔,حضرت علی کی حکمت و شجاعت کے سائے میں پائی۔,ur/ar,yes,SRC003 p.1 line 491
VAR_301D073622,ENT_4FCF47098F,حضرت علی کی دشمنی کو نفاق کی علامت قرار دیا گیا، اور بعض میں اہل,حضرت علی کی دشمنی کو نفاق کی علامت قرار دیا گیا، اور بعض میں اہلِ,ur/ar,yes,SRC003 p.1 line 424
VAR_5B288A57C1,ENT_70B316A01A,حضرت علی کی دینی ولایت، امامت اور قیادت کے اثبات کی بنیاد ہے۔,حضرت علی کی دینی ولایت، امامت اور قیادت کے اثبات کی بنیاد ہے۔,ur/ar,yes,SRC003 p.1 line 354
VAR_FC53D55458,ENT_053623FF18,حضرت علی کے خطبات کی یاد دلا رہا تھا۔,حضرت علی کے خطبات کی یاد دلا رہا تھا۔,ur/ar,yes,SRC003 p.1 line 474
VAR_AD22593C61,ENT_C86019C5C5,حضرت علی کے دینی و روحانی مقام، اور رسول اللہ کے بعد امت کے,حضرت علی کے دینی و روحانی مقام، اور رسول اللہ کے بعد امت کے,ur/ar,yes,SRC003 p.1 line 338
VAR_1438AB9F1F,ENT_8B9002FE18,حضرت عمر بن خطاب سے کہا اگر یہ ایت ہم پر نازل ہوتی تو ہم,حضرت عمر بن خطاب سے کہا: اگر یہ آیت ہم پر نازل ہوتی تو ہم,ur/ar,yes,SRC003 p.1 line 362
VAR_35BFFAF06B,ENT_6961D11A5A,حضرت عمرو رضی اللہ عنہ,حضرت عمرو رضی اللہ عنہ,ur/ar,yes,SRC003 p.1 line 453
VAR_91A4FAA950,ENT_0469FB2FEF,حضرت عون بن عبداللہ,حضرت عون بن عبداللہ,ur/ar,yes,SRC003 p.1 line 470
VAR_06929D7AB5,ENT_F853245C41,حضرت عیسی علیہ السلام کو گہوارے میں نبوت عطا کی، لہذا امامت عمر کی محتاج,حضرت عیسیٰ علیہ السلام کو گہوارے میں نبوت عطا کی، لہٰذا امامت عمر کی محتاج,ur/ar,yes,SRC003 p.1 line 719
VAR_2C7784F9B4,ENT_E19FABF36F,حضرت عیسی علیہ السلام کی حیثیت کے بارے میں رسول اکرم سے مناظرہ کرے۔,حضرت عیسیٰ علیہ السلام کی حیثیت کے بارے میں رسولِ اکرم سے مناظرہ کرے۔,ur/ar,yes,SRC003 p.1 line 403
VAR_D7D2A3A528,ENT_8D4C940B3F,حضرت فاطمہ الزہرا سلام اللہ علیہا سب سے پہلی اور افضل زوجہ، نبی کریم,حضرت فاطمہ الزہرا سلامُ اللہ علیہا سب سے پہلی اور افضل زوجہ، نبی کریم,ur/ar,yes,SRC003 p.1 line 238
VAR_D3406C0A85,ENT_E54E316CC0,حضرت فاطمہ بنت اسد سلام اللہ علیہا یہ عظیم المرتبت خاتون قبیلہ بنی ہاشم سے,حضرت فاطمہ بنت اسد سلامُ اللہ علیہا یہ عظیم المرتبت خاتون قبیلہ بنی ہاشم سے,ur/ar,yes,SRC003 p.1 line 211
VAR_BCF6E820E6,ENT_95151D39F4,حضرت فاطمہ بنت امام حسن تھیں۔,حضرت فاطمہ بنت امام حسن تھیں۔,ur/ar,yes,SRC003 p.1 line 617
VAR_071394ECEF,ENT_42B991D9F6,حضرت فاطمہ بنت امام حسن علیہ السلام ام عبداللہ,حضرت فاطمہ بنت امام حسن علیہ السلام (امّ عبداللہ,ur/ar,yes,SRC003 p.1 line 571
VAR_E02868629D,ENT_485C6B48F2,حضرت فاطمہ بنت حسن مشہور ہیں شہادت بنو امیہ کے اشارے پر جعدہ بنت اشعث,حضرت فاطمہ بنت حسن مشہور ہیں شہادت بنو امیہ کے اشارے پر جعدہ بنت اشعث,ur/ar,yes,SRC003 p.1 line 453
VAR_4DAF5A4900,ENT_EA6CA851EA,حضرت فاطمہ بنت عمرو سلام اللہ علیہا تھیں، جو قبیلہ مخزوم سے تعلق رکھتی تھیں,حضرت فاطمہ بنت عمرو سلامُ اللہ علیہا تھیں، جو قبیلہ مخزوم سے تعلق رکھتی تھیں,ur/ar,yes,SRC003 p.1 line 34
VAR_8A95ED6CE2,ENT_BFB27332A9,حضرت فاطمہ بنت عمرو علیہا السلام قبیلہ بنی مخزوم سے تعلق رکھتی تھیں اور اپنے,حضرت فاطمہ بنت عمرو علیہا السلام قبیلہ بنی مخزوم سے تعلق رکھتی تھیں اور اپنے,ur/ar,yes,SRC003 p.1 line 62
VAR_6CEFE89D1A,ENT_288EC844D2,حضرت فضیل بن عیاض,حضرت فضیل بن عیاض,ur/ar,yes,SRC003 p.1 line 889
VAR_3982118367,ENT_A442F3E531,حضرت قاسم رضی اللہ عنہ شہید کربلا، نوجوانی میں عظیم قربانی,حضرت قاسم رضی اللہ عنہ شہیدِ کربلا، نوجوانی میں عظیم قربانی,ur/ar,yes,SRC003 p.1 line 453
VAR_580B19D487,ENT_D24312C7CA,حضرت قاضی نوراللہ شوشتری سے منسوب ہے، جو اسلامی تاریخ میں شہید ثالث کے لقب,حضرت قاضی نوراللہ شوشتری سے منسوب ہے، جو اسلامی تاریخ میں شہیدِ ثالث کے لقب,ur/ar,yes,SRC003 p.1 line 1697
VAR_23E06EB3FF,ENT_C1D84A5D3D,حضرت قاضی نوراللہ شوشتری نے دور اکبری میں مختلف عدالتی و علمی ذمہ داریاں انجام,حضرت قاضی نوراللہ شوشتری نے دورِ اکبری میں مختلف عدالتی و علمی ذمہ داریاں انجام,ur/ar,yes,SRC003 p.1 line 1697
VAR_D962AB5DD1,ENT_7E5E0381C1,حضرت قطب الدین مودود چشتی,حضرت قطب الدین مودود چشتی,ur/ar,yes,SRC003 p.1 line 889
VAR_F11773E2D8,ENT_FE6DEDFF98,حضرت قطب الدین مودود چشتی کو بلایا، انہیں اپنا روحانی جانشین مقرر فرمایا اور سلسلہ,حضرت قطب الدین مودود چشتی کو بلایا، انہیں اپنا روحانی جانشین مقرر فرمایا اور سلسلہ,ur/ar,yes,SRC003 p.1 line 856
VAR_354892D756,ENT_144E1B0D38,حضرت قطب الدین مودود چشتی کی طرف۔,حضرت قطب الدین مودود چشتی کی طرف۔,ur/ar,yes,SRC003 p.1 line 859
VAR_FFF9A42A74,ENT_3B3FBBADF7,حضرت قلندر مروندی سیوہانی کا سلسلہ قلندری، حضرت امام زین العابدین علیہ السلام کے واسطے,حضرت قلندر مروندی سیوہانی کا سلسلۂ قلندری، حضرت امام زین العابدین علیہ السلام کے واسطے,ur/ar,yes,SRC003 p.1 line 898
VAR_36E4AC28A9,ENT_A445F7438E,حضرت لال شہباز قلندر کے ساتھ واقعہ روایات میں مذکور ہے کہ بعض اوقات حکمرانوں,حضرت لال شہباز قلندر کے ساتھ واقعہ روایات میں مذکور ہے کہ بعض اوقات حکمرانوں,ur/ar,yes,SRC003 p.1 line 1237
VAR_443EA6E7CB,ENT_264B2BA455,حضرت لعل شہباز قلندر اور حضرت بو علی شاہ قلندر کو دو مکمل قلندر تسلیم,حضرت لعل شہباز قلندر اور حضرت بو علی شاہ قلندر کو دو مکمل قلندر تسلیم,ur/ar,yes,SRC003 p.1 line 908
VAR_E0C973EAD4,ENT_F11D557BF6,حضرت لعل شہباز قلندر اور حضرت سید جلال الدین سرخ بخاری نے فرمایا ہم سید,حضرت لعل شہباز قلندر اور حضرت سید جلال الدین سرخ بخاری نے فرمایا :ہم سید,ur/ar,yes,SRC003 p.1 line 1241
VAR_7D4290E252,ENT_11B5D5B3CB,حضرت لعل شہباز قلندر اور حضرت سید جلال الدین سرخ بخاری نے کچھ عرصہ بخارا,حضرت لعل شہباز قلندر اور حضرت سید جلال الدین سرخ بخاری نے کچھ عرصہ بخارا,ur/ar,yes,SRC003 p.1 line 1261
VAR_0A331C58C1,ENT_C689198925,حضرت لعل شہباز قلندر اور حضرت شاہ شمس تبریز دونوں ایسی عالمگیر روحانی ہستیاں ہیں,حضرت لعل شہباز قلندر اور حضرت شاہ شمس تبریز دونوں ایسی عالمگیر روحانی ہستیاں ہیں,ur/ar,yes,SRC003 p.1 line 902
VAR_95EC34B1DD,ENT_6E477E207A,حضرت لعل شہباز قلندر رحمۃ اللہ علیہ اور حضرت سید جلال الدین سرخ بخاری رحمۃ,حضرت لعل شہباز قلندر رحمۃ اللہ علیہ اور حضرت سید جلال الدین سرخ بخاری رحمۃ,ur/ar,yes,SRC003 p.1 line 1240
VAR_59A31D9AD1,ENT_37199A75DC,حضرت لعل شہباز قلندر رحمۃ اللہ علیہ حضرت بو علی شاہ قلندر رحمۃ اللہ علیہ,حضرت لعل شہباز قلندر رحمۃ اللہ علیہ حضرت بو علی شاہ قلندر رحمۃ اللہ علیہ,ur/ar,yes,SRC003 p.1 line 907
VAR_5EE7D6C057,ENT_F7F1C50A94,حضرت لعل شہباز قلندر رحمۃ اللہ علیہ سلسلہ قلندریہ سے وابستہ تھے، جبکہ بعض معتبر,حضرت لعل شہباز قلندر رحمۃ اللہ علیہ سلسلۂ قلندریہ سے وابستہ تھے، جبکہ بعض معتبر,ur/ar,yes,SRC003 p.1 line 897
VAR_9E0260DF22,ENT_E1505BF952,حضرت لعل شہباز قلندر رحمۃ اللہ علیہ کی طریقتی نسبت سلسلہ قادریہ سے بھی بیان,حضرت لعل شہباز قلندر رحمۃ اللہ علیہ کی طریقتی نسبت سلسلۂ قادریہ سے بھی بیان,ur/ar,yes,SRC003 p.1 line 904
VAR_5A8D460C2F,ENT_48B88A8972,حضرت لعل شہباز قلندر رحمۃ اللہ علیہ کے شجرہ طریقت کو اس طرح بیان کیا,حضرت لعل شہباز قلندر رحمۃ اللہ علیہ کے شجرۂ طریقت کو اس طرح بیان کیا,ur/ar,yes,SRC003 p.1 line 898
VAR_AA2B504E6A,ENT_D72765D3C6,حضرت لعل شہباز قلندر رحمۃ اللہ علیہ کے شجرہ طریقت کے حوالے سے بعض اسماعیلی,حضرت لعل شہباز قلندر رحمۃ اللہ علیہ کے شجرۂ طریقت کے حوالے سے بعض اسماعیلی,ur/ar,yes,SRC003 p.1 line 900
VAR_6EA42C65A0,ENT_E96D8F0D49,حضرت محمد,حضرت محمد,ur/ar,yes,SRC003 p.1 line 889
VAR_22FC69F115,ENT_05029C8B39,حضرت محمد بن حنفیہ علیہ الرحمہ پیدا ہويے۔,حضرت محمد بن حنفیہ علیہ الرحمہ پیدا ہوئے۔,ur/ar,yes,SRC003 p.1 line 242
VAR_C6FFCF8671,ENT_80A9F09C1E,حضرت محمد بن عبداللہ یہ دونوں فرزند واقعہ کربلا میں اپنے ماموں حضرت امام حسین,حضرت محمد بن عبداللہ یہ دونوں فرزند واقعۂ کربلا میں اپنے ماموں حضرت امام حسین,ur/ar,yes,SRC003 p.1 line 470
VAR_EA01360297,ENT_DB74738616,حضرت محمد سامان شقلانی کے ذریعے اگے بڑھی، جن کے فرزند تھے حضرت خواجہ سید,حضرت محمد سامان شقلانی کے ذریعے آگے بڑھی، جن کے فرزند تھے: حضرت خواجہ سید,ur/ar,yes,SRC003 p.1 line 844
VAR_BDE94516BB,ENT_93D0028A12,حضرت محمد صلی اللہ علیہ و الہ وسلم تک پہنچتا ہے۔,حضرت محمد صلی اللہ علیہ و آلہ وسلم تک پہنچتا ہے۔,ur/ar,yes,SRC003 p.1 line 898
VAR_FBBE37D468,ENT_1BFEDA0C57,حضرت محمد غوث سے حاصل کیا۔,حضرت محمد غوث سے حاصل کیا۔,ur/ar,yes,SRC003 p.1 line 1407
VAR_E02670B8E2,ENT_2BD0314542,حضرت محمد مصطفی,حضرت محمد مصطفیٰ,ur/ar,yes,SRC003 p.1 line 895
VAR_71B6A5FD36,ENT_BA1F9688A2,حضرت محمد مصطفی احمد مجتبی، محمود اکبر، رحمۃ للعالمین، سید المرسلین، سید الانبیاء، امام,حضرت محمد مصطفیٰ احمدِ مجتبیٰ، محمودِ اکبر، رحمۃٌ للعالمین، سیدُ المرسلین، سیدُ الانبیاء، امامُ,ur/ar,yes,SRC003 p.1 line 122
VAR_459F639C89,ENT_03A69A8960,حضرت محمد مصطفی صلی اللہ علیہ والہ وسلم کی بعثت کے لیے منتخب فرمایا۔,حضرت محمد مصطفیٰ صلی اللہ علیہ وآلہ وسلم کی بعثت کے لیے منتخب فرمایا۔,ur/ar,yes,SRC003 p.1 line 60
VAR_C816221E3A,ENT_245BBCF575,حضرت محمد مصطفی صلی اللہ علیہ والہ وسلم کی ذات اقدس میں ظاہر ہوا۔,حضرت محمد مصطفیٰ صلی اللہ علیہ وآلہ وسلم کی ذاتِ اقدس میں ظاہر ہوا۔,ur/ar,yes,SRC003 p.1 line 82
VAR_238F1EB2AB,ENT_3308773C86,حضرت محمد مصطفی صلی اللہ علیہ والہ وسلم کی ولادت مبارکہ کے لیے منتخب فرمایا۔,حضرت محمد مصطفیٰ صلی اللہ علیہ وآلہ وسلم کی ولادتِ مبارکہ کے لیے منتخب فرمایا۔,ur/ar,yes,SRC003 p.1 line 85
VAR_A93DCFAD42,ENT_6680CE5330,حضرت محمد مصطفی کی زندگی کفالت و قیام کے ادوار پیدايش تا وصال پیدايش,حضرت محمد مصطفیٰ کی زندگی کفالت و قیام کے ادوار (پیدائش تا وصال): پیدائش,ur/ar,yes,SRC003 p.1 line 138
VAR_DA51AB761B,ENT_D3797371D1,حضرت محمد مصطفی کی نواسی اور اہل بیت نبوی کے اس مقدس سلسلے کی,حضرت محمد مصطفیٰ کی نواسی اور اہلِ بیتِ نبوی کے اس مقدس سلسلے کی,ur/ar,yes,SRC003 p.1 line 488
VAR_378761763F,ENT_A6B242BC7F,حضرت محمد مصطفی کی نواسی تھیں۔,حضرت محمد مصطفیٰ کی نواسی تھیں۔,ur/ar,yes,SRC003 p.1 line 460
VAR_657C080736,ENT_0427C55E20,حضرت محمد مصطفی کے بڑے نواسے، امیرالمومنین حضرت علی بن ابی طالب علیہ السلام,حضرت محمد مصطفیٰ کے بڑے نواسے، امیرالمؤمنین حضرت علی بن ابی طالب علیہ السلام,ur/ar,yes,SRC003 p.1 line 431
VAR_7A7ED119B4,ENT_C3E35069FC,حضرت محمد مصطفی کے لیے نہایت عزیز تھیں، اور اللہ کے رسول ان,حضرت محمد مصطفیٰ کے لیے نہایت عزیز تھیں، اور اللہ کے رسول ان,ur/ar,yes,SRC003 p.1 line 162
VAR_2317647514,ENT_32F25DB460,حضرت محمد مصطفی کے چچا اور بچپن سے لے کر اعلان نبوت کے بعد,حضرت محمد مصطفیٰ کے چچا اور بچپن سے لے کر اعلانِ نبوت کے بعد,ur/ar,yes,SRC003 p.1 line 201
VAR_33AD17E6A5,ENT_6186B87F2D,حضرت محمد پر سوايے اللہ وحدہ لاشریک کے کسی مخلوق کا کويی احسان نہیں۔,حضرت محمد پر سوائے اللہ وحدہٗ لاشریک کے کسی مخلوق کا کوئی احسان نہیں۔,ur/ar,yes,SRC003 p.1 line 162
VAR_7F35B80F21,ENT_C0F3DF50E8,حضرت محمد کی رفاقت نصیب فرمايے۔,حضرت محمد کی رفاقت نصیب فرمائے۔,ur/ar,yes,SRC003 p.1 line 1628
VAR_CC548F6F9C,ENT_8E05417D45,حضرت مخدوم جہانیاں جہانگشت رحمۃ اللہ علیہ کے ذریعے امام علی النقی علیہ السلام کی,حضرت مخدوم جہانیاں جہانگشت رحمۃ اللہ علیہ کے ذریعے امام علی النقی علیہ السلام کی,ur/ar,yes,SRC003 p.1 line 1932
VAR_DD1035F384,ENT_065FF64EAE,حضرت مخدوم جہانیاں جہاں گشت رحمۃ اللہ علیہ نے,حضرت مخدوم جہانیاں جہاں گشت رحمۃ اللہ علیہ نے,ur/ar,yes,SRC003 p.1 line 1360
VAR_E7B9561666,ENT_2607808681,حضرت مخدوم جہانیاں جہاں گشت رحمۃ اللہ علیہ کی ایک سے زايد ازواج تھیں، جن,حضرت مخدوم جہانیاں جہاں گشت رحمۃ اللہ علیہ کی ایک سے زائد ازواج تھیں، جن,ur/ar,yes,SRC003 p.1 line 1377
VAR_CA36B4212C,ENT_5253B7BAFB,حضرت مخدوم جہانیاں جہاں گشت رحمۃ اللہ علیہ کی تعلیمات کا بنیادی منہج یہ تھا,حضرت مخدوم جہانیاں جہاں گشت رحمۃ اللہ علیہ کی تعلیمات کا بنیادی منہج یہ تھا,ur/ar,yes,SRC003 p.1 line 1423
VAR_24E5B70D10,ENT_91F166B203,حضرت مخدوم جہانیاں جہاں گشت رحمۃ اللہ علیہ کی شخصیت ایک ایسے بزرگ کی صورت,حضرت مخدوم جہانیاں جہاں گشت رحمۃ اللہ علیہ کی شخصیت ایک ایسے بزرگ کی صورت,ur/ar,yes,SRC003 p.1 line 1413
VAR_4B3CE5AAFD,ENT_702F39DD91,حضرت مخدوم جہانیاں جہاں گشت رحمۃ اللہ علیہ کی نسل پاک اج بھی برصغیر، خراسان،,حضرت مخدوم جہانیاں جہاں گشت رحمۃ اللہ علیہ کی نسلِ پاک آج بھی برصغیر، خراسان،,ur/ar,yes,SRC003 p.1 line 1399
VAR_67E6919E44,ENT_473B3B418F,حضرت مخدوم جہانیاں جہاں گشت رحمۃ اللہ علیہ کے درج ذیل صاحبزادگان تھے، جن میں,حضرت مخدوم جہانیاں جہاں گشت رحمۃ اللہ علیہ کے درج ذیل صاحبزادگان تھے، جن میں,ur/ar,yes,SRC003 p.1 line 1385
VAR_830162BF6F,ENT_8516178B66,حضرت مخدوم جہانیاں جہاں گشت رحمۃ اللہ علیہ کے مختلف مشايخ سے بیعت و اجازت,حضرت مخدوم جہانیاں جہاں گشت رحمۃ اللہ علیہ کے مختلف مشائخ سے بیعت و اجازت,ur/ar,yes,SRC003 p.1 line 1411
VAR_AEDBE57A4A,ENT_4DD84B64BB,حضرت مخدوم جہانیاں جہاں گشت رحمۃ اللہ علیہ ہیں، جنہوں نے سلسلہ جلالیہ کو برصغیر،,حضرت مخدوم جہانیاں جہاں گشت رحمۃ اللہ علیہ ہیں، جنہوں نے سلسلہ جلالیہ کو برصغیر،,ur/ar,yes,SRC003 p.1 line 1358
VAR_CD05299359,ENT_83007F3EB8,حضرت مخدوم جہانیاں جہاں گشت کا طویل سفر اور پھر وہاں سے واپسی کا سلسلہ,حضرت مخدوم جہانیاں جہاں گشت کا طویل سفر اور پھر وہاں سے واپسی کا سلسلہ,ur/ar,yes,SRC003 p.1 line 1863
VAR_F9B8219174,ENT_3243BD9519,حضرت مخدوم جہانیاں جہاں گشت کے فیوض و برکات کو نہ صرف خود حاصل کیا,حضرت مخدوم جہانیاں جہاں گشت کے فیوض و برکات کو نہ صرف خود حاصل کیا,ur/ar,yes,SRC003 p.1 line 1471
VAR_6997B4E904,ENT_12D37D898F,حضرت مخدوم شیخ علاوالدین علی بن سعد الحسینی بڑے عالم دین، فقہ، تفسیر، حدیث اور,حضرت مخدوم شیخ علاؤالدین علی بن سعد الحسینی بڑے عالمِ دین، فقہ، تفسیر، حدیث اور,ur/ar,yes,SRC003 p.1 line 1386
VAR_0DB4A585CC,ENT_DF87A129E7,حضرت مخدوم صدر الدین رحمۃ اللہ علیہ بھی اپنے وقت کے زاہد، فقیہ، اور صاحب,حضرت مخدوم صدر الدین رحمۃ اللہ علیہ بھی اپنے وقت کے زاہد، فقیہ، اور صاحبِ,ur/ar,yes,SRC003 p.1 line 1359
VAR_153881FC13,ENT_E0651D2482,حضرت معروف کرخی,حضرت معروف کرخی,ur/ar,yes,SRC003 p.1 line 895
VAR_651542E34D,ENT_0C493E7344,حضرت ممشاد علوی دینوری,حضرت ممشاد علوی دینوری,ur/ar,yes,SRC003 p.1 line 889
VAR_FD85C00787,ENT_D48322E487,حضرت موج دریا سے تعلق حضرت سید سلطان جلال الدین حیدر سہروردی لاہوری رحمتہ اللہ,حضرت موجِ دریا سے تعلق حضرت سید سلطان جلال الدین حیدر سہروردی لاہوری رحمتہ اللہ,ur/ar,yes,SRC003 p.1 line 1527
VAR_142C5EE966,ENT_0A801401FE,حضرت مولا علی علیہ السلام ابن ابی طالب علیہ السلام سے تعلق رکھتے تھے یہی,حضرت مولا علی علیہ السلام ابن ابی طالب علیہ السلام سے تعلق رکھتے تھے یہی,ur/ar,yes,SRC003 p.1 line 1645
VAR_F787C1C3F3,ENT_A2CFFE7A33,حضرت مولا علی علیہ السلام کے نام سے منسوب شہر حیدراباد، سندھ، حضرت مولا علی,حضرت مولا علی علیہ السلام کے نام سے منسوب شہر حیدرآباد، سندھ، حضرت مولا علی,ur/ar,yes,SRC003 p.1 line 1710
VAR_3CAA088035,ENT_16689369B8,حضرت مولا علی کی قدم گاہ شریف سے قلبی تعلق ایک بنیادی محرک کے طور,حضرت مولا علی کی قدم گاہ شریف سے قلبی تعلق ایک بنیادی محرک کے طور,ur/ar,yes,SRC003 p.1 line 1706
VAR_FCEFA70274,ENT_E0C823DDB8,حضرت مولا علی کی قدم گاہ شریف کی موجودگی کے باعث سادات کے لیے سب,حضرت مولا علی کی قدم گاہ شریف کی موجودگی کے باعث سادات کے لیے سب,ur/ar,yes,SRC003 p.1 line 1705
VAR_DAB25B0540,ENT_2722E8FBD0,حضرت میراں محمد شاہ المشہور سید موج دریا بخاری رحمتہ اللہ علیہ کے حقیقی بھايی,حضرت میراں محمد شاہ المشہور سید موجِ دریا بخاری رحمتہ اللہ علیہ کے حقیقی بھائی,ur/ar,yes,SRC003 p.1 line 1527
VAR_FE7B29DAA6,ENT_832E7B931F,حضرت میراں محمد شاہ موج دریا بخاری شہنشاہ اکبر کے حکم سے لاہور تشریف لايے,حضرت میراں محمد شاہ موجِ دریا بخاری شہنشاہ اکبر کے حکم سے لاہور تشریف لائے,ur/ar,yes,SRC003 p.1 line 1528
VAR_736B6F06ED,ENT_B43D25B51D,حضرت ناصرالدین ابو محمد چشتی,حضرت ناصرالدین ابو محمد چشتی,ur/ar,yes,SRC003 p.1 line 889
VAR_319C55C257,ENT_337FED85A2,حضرت نجمہ خاتون سلام اللہ علیہا تھیں، جن سے حضرت امام علی رضا علیہ السلام,حضرت نجمہ خاتون سلام اللہ علیہا تھیں، جن سے حضرت امام علی رضا علیہ السلام,ur/ar,yes,SRC003 p.1 line 647
VAR_40D3180499,ENT_7875D8676B,حضرت نرجس خاتون سلام اللہ علیہا تھیں، جو روم کے شاہی خاندان سے تعلق رکھتی,حضرت نرجس خاتون سلام اللہ علیہا تھیں، جو روم کے شاہی خاندان سے تعلق رکھتی,ur/ar,yes,SRC003 p.1 line 768
VAR_10BAD891E0,ENT_6F4FC15C04,حضرت نظام الدین اولیاء عالم خواب میں ، شیخ قوام الدین، شیخ امام یافعی، شیخ عبد,حضرت نظام الدین اولیاء (عالمِ خواب میں)، شیخ قوام الدین، شیخ امام یافعی، شیخ عبد,ur/ar,yes,SRC003 p.1 line 1410
VAR_93C22DD79C,ENT_5D57D71EE2,حضرت نظام الدین اولیاء کی درگاہ، دہلی روایات کے مطابق، سید امیر علی کو اس,حضرت نظام الدین اولیاء کی درگاہ، دہلی روایات کے مطابق، سید امیر علی کو اس,ur/ar,yes,SRC003 p.1 line 1693
VAR_017FCE8541,ENT_F1357BD830,حضرت نوح علیہ السلام,حضرت نوح علیہ السلام,ur/ar,yes,SRC003 Urdu text: Adam-to-Abdul-Muttalib arrow chain; SRC003 p.1 line 1; SRC003 p.1 line 9
VAR_E3066EF333,ENT_B6C4BDEDBF,حضرت وہب بن عبد مناف اپنے زمانے میں بنی زہرہ کے سردار، صاحب رايے، صاحب,حضرت وہب بن عبدِ مناف اپنے زمانے میں بنی زہرہ کے سردار، صاحبِ رائے، صاحبِ,ur/ar,yes,SRC003 p.1 line 91
VAR_8E4C958E27,ENT_07B8786B39,حضرت پیر طریقت، رہبر شریعت، سیادت ماب، چیف اف سادات ہندوستان، سید ناصرالدین نقوی مودودی,حضرت پیرِ طریقت، رہبرِ شریعت، سیادت مآب، چیف آف ساداتِ ہندوستان، سید ناصرالدین نقوی مودودی,ur/ar,yes,SRC003 p.1 line 1604
VAR_37A8BC23D9,ENT_33412B234B,حضرت کا اسم گرامی سید جلال الدین حسین بخاری تھا، کنیت ابو عبداللہ اور عرف,حضرت کا اسمِ گرامی سید جلال الدین حسین بخاری تھا، کنیت ابو عبداللہ اور عرف,ur/ar,yes,SRC003 p.1 line 1370
VAR_8FCC338255,ENT_84DA0C0247,حضرت کی بیٹیوں کے بارے میں کم تفصیلات دستیاب ہیں، تاہم مستند تذکروں سے یہ,حضرت کی بیٹیوں کے بارے میں کم تفصیلات دستیاب ہیں، تاہم مستند تذکروں سے یہ,ur/ar,yes,SRC003 p.1 line 1394
VAR_96D993640E,ENT_3411C2747F,حضرت کے صاحبزادگان اور ان کی نسل کے بارے میں مستند خاندانی و تذکرہ جاتی,حضرت کے صاحبزادگان اور ان کی نسل کے بارے میں مستند خاندانی و تذکرہ جاتی,ur/ar,yes,SRC003 p.1 line 1485
VAR_388B8D57FC,ENT_2A8D4E8F38,حضرت کے چار صاحبزادے تھے,حضرت کے چار صاحبزادے تھے,ur/ar,yes,SRC003 p.1 line 1485
VAR_ACEB965B20,ENT_224A47FFEE,حضرت ہاشم بن عبد مناف علیہ السلام بانی سقایت و رفادت، مکہ کے عظیم سردار,حضرت ہاشم بن عبد مناف علیہ السلام بانیٔ سقایت و رفادت، مکہ کے عظیم سردار,ur/ar,yes,SRC003 p.1 line 22
VAR_8E3F1DCD74,ENT_07B23B6301,حمران لقب اسمعیل ذو الاوج,حمران (لقب اسمعیل ذو الاوج),ur/ar,yes,SRC003 Urdu text: Adam-to-Abdul-Muttalib arrow chain; SRC003 p.1 line 1
VAR_008A567788,ENT_2F4EC9DEE3,خزیمہ,خزیمہ,ur/ar,yes,SRC003 Urdu text: Adam-to-Abdul-Muttalib arrow chain; SRC003 p.1 line 1
VAR_B4937B4242,ENT_6352187CDF,ديشان لقب ازد اریہ,ديشان (لقب ازد اریہ),ur/ar,yes,SRC003 Urdu text: Adam-to-Abdul-Muttalib arrow chain; SRC003 p.1 line 1
VAR_88E0699BA1,ENT_1B5DF8E6C2,رعو,رعو,ur/ar,yes,SRC003 Urdu text: Adam-to-Abdul-Muttalib arrow chain; SRC003 p.1 line 1
VAR_A4153A9010,ENT_26EA3EA0FD,زارح لقب قمر,زارح (لقب قمر),ur/ar,yes,SRC003 Urdu text: Adam-to-Abdul-Muttalib arrow chain; SRC003 p.1 line 1
VAR_BCB6C4F370,ENT_DC20A6E4D5,سام,سام,ur/ar,yes,SRC003 Urdu text: Adam-to-Abdul-Muttalib arrow chain; SRC003 p.1 line 1
VAR_D522444F26,ENT_12CB072D01,سروج,سروج,ur/ar,yes,SRC003 Urdu text: Adam-to-Abdul-Muttalib arrow chain; SRC003 p.1 line 1
VAR_5E6F5D864F,ENT_CB16786540,سمیر لقب بشیمین ۔ معظم فی الکل,سمیر (لقب بشیمین ۔ معظم فی الکل),ur/ar,yes,SRC003 Urdu text: Adam-to-Abdul-Muttalib arrow chain; SRC003 p.1 line 1
VAR_719626EE8C,ENT_7D42DC94E1,سنجون تحزن لقب تصور,سنجون (تحزن) (لقب تصور),ur/ar,yes,SRC003 Urdu text: Adam-to-Abdul-Muttalib arrow chain; SRC003 p.1 line 1
VAR_F49C1E56E3,ENT_F191505F68,سید ابرار حسین،,سید ابرار حسین،,ur/ar,yes,SRC003 p.1 line 1737
VAR_79CE12426D,ENT_3A40907856,سید ابراہیم رحمۃ اللہ علیہ،,سید ابراہیم رحمۃ اللہ علیہ،,ur/ar,yes,SRC003 p.1 line 802
VAR_C96D2FA953,ENT_D36F74EF5A,سید ابن طاوس، بحارالانوار، جلد پینتالیس، کشف الغمہ، تاریخ طبری، بلاذری حضرت ام کلثوم بنت,سید ابن طاؤس، بحارالانوار، جلد پینتالیس، کشف الغمہ، تاریخِ طبری، بلاذری حضرت ام کلثوم بنت,ur/ar,yes,SRC003 p.1 line 484
VAR_68B1FB2EEA,ENT_F7989E1BF3,سید ابو الحسن علی الاصغر رحمۃ اللہ علیہ،,سید ابو الحسن علی الاصغر رحمۃ اللہ علیہ،,ur/ar,yes,SRC003 p.1 line 802; SRC003 p.1 line 803
VAR_4F254E204E,ENT_E9995A4291,سید ابو الحسین محسن رحمۃ اللہ علیہ،,سید ابو الحسین محسن رحمۃ اللہ علیہ،,ur/ar,yes,SRC003 p.1 line 802
VAR_2CD85E2538,ENT_117BEC2373,سید ابو القاسم طاہر رحمۃ اللہ علیہ،,سید ابو القاسم طاہر رحمۃ اللہ علیہ،,ur/ar,yes,SRC003 p.1 line 802; SRC003 p.1 line 803
VAR_B9D454B16B,ENT_0A83E88014,سید ابو جعفر محمد رحمۃ اللہ علیہ،,سید ابو جعفر محمد رحمۃ اللہ علیہ،,ur/ar,yes,SRC003 p.1 line 802
VAR_CE3FD8C206,ENT_666941A07B,سید ابو محمد حسن رحمۃ اللہ علیہ،,سید ابو محمد حسن رحمۃ اللہ علیہ،,ur/ar,yes,SRC003 p.1 line 802
VAR_4DEF241142,ENT_028D079DCF,سید ابو محمد سمعان شقلانی بن سید ابراہیم بن سید محمد بن سید عبداللہ بن,سید ابو محمد سمعان شقلانی بن سید ابراہیم بن سید محمد بن سید عبداللہ بن,ur/ar,yes,SRC003 p.1 line 858
VAR_EC0D08160F,ENT_00B0E7CAB3,سید ابوالاعلی مودودی جیسے مفکر پیدا ہويے گیارہویں صدی میں جب ہندوستان میں صفوی اثرات,سید ابوالاعلی مودودی جیسے مفکر پیدا ہوئے گیارہویں صدی میں جب ہندوستان میں صفوی اثرات,ur/ar,yes,SRC003 p.1 line 1959
VAR_19EBC8F3C4,ENT_00E4D7DD15,سید ابوالاعلی نقوی مودودی المعروف مولانا مودودی تھے جنہوں نے سنی فکر اپنايی، مگر ان,سید ابوالاعلیٰ نقوی مودودی المعروف مولانا مودودی تھے جنہوں نے سنی فکر اپنائی، مگر ان,ur/ar,yes,SRC003 p.1 line 1934
VAR_F6B1E78C76,ENT_C3C8060E8E,سید احمد الدین اپ کی نسل مختلف علاقوں میں پھیلی خصوصا بھکر، شورکوٹ اور ملتان,سید احمد الدین آپ کی نسل مختلف علاقوں میں پھیلی: خصوصاً بھکر، شورکوٹ اور ملتان,ur/ar,yes,SRC003 p.1 line 1393
VAR_EE170AA9A2,ENT_6C1519C6C8,سید احمد اور سید محمد کے ذریعے ثابت مانا گیا ہے، جبکہ دیگر بعض منقول,سید احمد اور سید محمد کے ذریعے ثابت مانا گیا ہے، جبکہ دیگر بعض منقول,ur/ar,yes,SRC003 p.1 line 840
VAR_1A7952C1F0,ENT_8F756F2815,سید احمد اولاد سید موسی,سید احمد اولادِ سید موسیٰ,ur/ar,yes,SRC003 p.1 line 1487
VAR_6B80737EC5,ENT_D97932D6F5,سید احمد بخاری، مطبوعہ اوچ شریف،,سید احمد بخاری، مطبوعہ اُوچ شریف،,ur/ar,yes,SRC003 p.1 line 1866
VAR_38D84E44AD,ENT_4BEB359D40,سید احمد بن سید ابراہیم المرتضی الاصغر بن امام موسی کاظم علیہ السلام تعلیم و,سید احمد بن سید ابراہیم المرتضیٰ الاصغر بن امام موسیٰ کاظم علیہ السلام تعلیم و,ur/ar,yes,SRC003 p.1 line 875
VAR_9AFF82008A,ENT_42CA1CB46B,سید احمد رحمۃ اللہ علیہ،,سید احمد رحمۃ اللہ علیہ،,ur/ar,yes,SRC003 p.1 line 802
VAR_ED863BB7FA,ENT_6EC130848F,سید احمد شاہ بن سید عبداللہ بن علی الاصغر بن جعفر الزکی بن امام علی,سید احمد شاہ بن سید عبداللہ بن علی الاصغر بن جعفر الزکی بن امام علی,ur/ar,yes,SRC003 p.1 line 1142
VAR_E10B502A78,ENT_040A7FD863,سید احمد کبیر کے مرید چوچک سیال کی بیٹی تھیں۔,سید احمد کبیر کے مرید چُوچک سیال کی بیٹی تھیں۔,ur/ar,yes,SRC003 p.1 line 1219
VAR_E6F19AE454,ENT_FC30191912,سید ادریس رحمۃ اللہ علیہ،,سید ادریس رحمۃ اللہ علیہ،,ur/ar,yes,SRC003 p.1 line 802; SRC003 p.1 line 803
VAR_12906BDD54,ENT_730710A83F,سید اسامہ علی نقوی ، سید علی نقوی ، اور سید عرفان علی نقوی ان میں سے,سید اسامہ علی نقوی ، سید علی نقوی ، اور سید عرفان علی نقوی ان میں سے,ur/ar,yes,SRC003 p.1 line 1752
VAR_71EA8E0181,ENT_D672A83451,سید اسحاق رحمۃ اللہ علیہ۔,سید اسحاق رحمۃ اللہ علیہ۔,ur/ar,yes,SRC003 p.1 line 802
VAR_5E9C551C8D,ENT_D35F4DC2CE,سید اسد اللہ,سید اسد اللہ,ur/ar,yes,SRC003 p.1 line 1458
VAR_2876292D20,ENT_815FF45A58,سید اسلام شاہ,سید اسلام شاہ,ur/ar,yes,SRC003 p.1 line 1460
VAR_2378EF315B,ENT_E6ED4EC631,سید اسماعیل بن امام جعفر صادق علیہ السلام مقام و دعوت سیہون شریف کو مرکز,سید اسماعیل بن امام جعفر صادق علیہ السلام مقام و دعوت سیہون شریف کو مرکز,ur/ar,yes,SRC003 p.1 line 896
VAR_655C326D9E,ENT_B86EC1D5E8,سید اسماعیل حریفا رحمۃ اللہ علیہ،,سید اسماعیل حریفا رحمۃ اللہ علیہ،,ur/ar,yes,SRC003 p.1 line 802; SRC003 p.1 line 803
VAR_8C3DE6677C,ENT_2A12132D2B,سید اسماعیل وجیہ الدین باکروری,سید اسماعیل (وجیہ الدین باکروری,ur/ar,yes,SRC003 p.1 line 1436
VAR_052FA3E966,ENT_C4D285970B,سید اصغر اور سید اکبر سید حیدر رضوی ہیں، جن میں سے ایک حیدراباد کا,سید اصغر اور سید اکبر سید حیدر رضوی ہیں، جن میں سے ایک حیدرآباد کا,ur/ar,yes,SRC003 p.1 line 1843
VAR_96E118D7F8,ENT_B5314C5513,سید اصغر رضوی صدر انجمن اور سید اکبر رضوی حیدرابادی مشہور نوحہ خواں اور سید,سید اصغر رضوی صدرِ انجمن اور سید اکبر رضوی حیدرآبادی مشہور نوحہ خواں اور سید,ur/ar,yes,SRC003 p.1 line 1722
VAR_FF57793C73,ENT_CFD78E0E6C,سید اعجاز علی اور ان کا خاندان، سید امید علی اور ان کے بیٹوں سید,سید اعجاز علی اور ان کا خاندان، سید امید علی اور ان کے بیٹوں سید,ur/ar,yes,SRC003 p.1 line 1691
VAR_E5AC77D6EA,ENT_345EEAC72D,سید اعجاز علی اور ان کا خانوادہ بھی مکمل طور پر اثنا عشری عقايد پر,سید اعجاز علی اور ان کا خانوادہ بھی مکمل طور پر اثنا عشری عقائد پر,ur/ar,yes,SRC003 p.1 line 1843
VAR_35ED77F478,ENT_4C6CCE1911,سید اعجاز علی بن سید محبت علی عقیدے پر مضبوطی سے قايم ہیں سادگی کی,سید اعجاز علی بن سید محبت علی: عقیدے پر مضبوطی سے قائم ہیں سادگی کی,ur/ar,yes,SRC003 p.1 line 1752
VAR_9FFB73887B,ENT_81831BFD20,سید اعجاز علی نہیں ہیں، بلکہ ان کا شجرہ نسب اوپر کی کيی نسلوں میں,سید اعجاز علی نہیں ہیں، بلکہ ان کا شجرۂ نسب اوپر کی کئی نسلوں میں,ur/ar,yes,SRC003 p.1 line 1754
VAR_F521F878A9,ENT_EA6825511B,سید اعجاز علی کا کہنا تھا کہ شجروں کے قدیم نسخوں کی چوری کے معاملات,سید اعجاز علی کا کہنا تھا کہ شجروں کے قدیم نسخوں کی چوری کے معاملات,ur/ar,yes,SRC003 p.1 line 1886
VAR_6DF296B648,ENT_ABFE96C92C,سید الشہداء,سید الشہداء,ur/ar,yes,SRC003 p.1 line 507
VAR_B67F0F00D2,ENT_65BA1E4F79,سید الشہداء کو فروغ دیا۔,سید الشہداء کو فروغ دیا۔,ur/ar,yes,SRC003 p.1 line 1900
VAR_4E1C37403C,ENT_878B9EA0E0,سید العابدین، امام البکاء، ذو الثفنات، وارث الحسین، امام الصابرین، سجاد ال محمد، اور عابد,سید العابدین، امام البکّاء، ذو الثفنات، وارث الحسین، امام الصابرین، سجاد آل محمد، اور عابدِ,ur/ar,yes,SRC003 p.1 line 553
VAR_6F582891D9,ENT_8DAEE75600,سید امجد علی ، جن کی والدہ سید نفیس علی کی پہلی بیوی تھیں، اور ان,سید امجد علی ، جن کی والدہ سید نفیس علی کی پہلی بیوی تھیں، اور ان,ur/ar,yes,SRC003 p.1 line 1605
VAR_769900692D,ENT_17665D1BD7,سید امجد علی بن سید نفیس علی کی پانچ بیٹیاں تھیں، جو ہجرت کے بعد,سید امجد علی بن سید نفیس علی کی پانچ بیٹیاں تھیں، جو ہجرت کے بعد,ur/ar,yes,SRC003 p.1 line 1678
VAR_1250EAB566,ENT_303BB5BC85,سید امجد علی حاجی سید حفیظ علی اور ان کے بھايی سید محبت علی کی,سید امجد علی حاجی سید حفیظ علی اور ان کے بھائی سید محبت علی کی,ur/ar,yes,SRC003 p.1 line 1860
VAR_072AEFCE48,ENT_CA5AAF3A9D,سید امجد علی سید محبت علی اور سید حفیظ علی کے خاندان نے جب پاکستان,سید امجد علی سید محبت علی اور سید حفیظ علی کے خاندان نے جب پاکستان,ur/ar,yes,SRC003 p.1 line 1807
VAR_FBCB8DFAC5,ENT_021EAD0B46,سید امجد علی کا ریکارڈ بھی موجود ہے اور سب ان میں سے اکثر کا,سید امجد علی کا ریکارڈ بھی موجود ہے اور سب ان میں سے اکثر کا,ur/ar,yes,SRC003 p.1 line 1605
VAR_8ADF4ED62E,ENT_4DE8AC2E7A,سید امجد علی کراچی میں مقیم ہويے تھے فیروزاباد اور اگرہ سے انے والے کثیر,سید امجد علی کراچی میں مقیم ہوئے تھے فیروزآباد اور آگرہ سے آنے والے کثیر,ur/ar,yes,SRC003 p.1 line 1705
VAR_4395EBCA37,ENT_2FB4746D35,سید امجد علی، سید حفیظ علی اور سید محبت علی اس مزار سے بھی عقیدت,سید امجد علی، سید حفیظ علی اور سید محبت علی اس مزار سے بھی عقیدت,ur/ar,yes,SRC003 p.1 line 1697
VAR_0DEF6E41C6,ENT_F01CDDB9F2,سید امجد علی، سید نفیس علی کی پہلی زوجہ سے تھے، تاہم فیروزاباد والے حادثے,سید امجد علی، سید نفیس علی کی پہلی زوجہ سے تھے، تاہم فیروزآباد والے حادثے,ur/ar,yes,SRC003 p.1 line 1678
VAR_A077D4076C,ENT_48FE81DD2D,سید امید علی اس موقف کی بنیاد ان محفوظ خاندانی روایات پر ہے جو سید,سید امید علی اس مؤقف کی بنیاد اُن محفوظ خاندانی روایات پر ہے جو سید,ur/ar,yes,SRC003 p.1 line 1729
VAR_4A74C822BE,ENT_31468DDC33,سید امید علی اور سید قمر علی ابھی سمجھدار ہونے کو تھے، اور انہیں سب,سید امید علی اور سید قمر علی ابھی سمجھدار ہونے کو تھے، اور انہیں سب,ur/ar,yes,SRC003 p.1 line 1883
VAR_BD96FC83CA,ENT_81E8800A6C,سید امید علی اور سید محبت علی کا بھی یہی طریقہ رہا خاندان کے بزرگوں,سید امید علی اور سید محبت علی کا بھی یہی طریقہ رہا خاندان کے بزرگوں,ur/ar,yes,SRC003 p.1 line 1876
VAR_E887C53E9F,ENT_7BE3F4EC66,سید امید علی ایک غیرمکمل مگر انمول داستان حیات اس کتاب میں درج اکثر روایات،,سید اُمید علی ایک غیرمکمل مگر انمول داستانِ حیات اس کتاب میں درج اکثر روایات،,ur/ar,yes,SRC003 p.1 line 1766
VAR_4B62F56A7C,ENT_822CA97BCF,سید امید علی بن سید محبت علی اور خاندانی شناخت سید امید علی سے روایت,سید امید علی بن سید محبت علی اور خاندانی شناخت سید امید علی سے روایت,ur/ar,yes,SRC003 p.1 line 1846
VAR_E085A7D4C3,ENT_A096C6FE91,سید امید علی بن سید محبت علی سب سے بڑے بیٹے والد کے انتقال کے,سید امید علی بن سید محبت علی: سب سے بڑے بیٹے والد کے انتقال کے,ur/ar,yes,SRC003 p.1 line 1753
VAR_B2D16C9E7D,ENT_58C514256C,سید امید علی بن سید محبت علی موجود تھے جب ان تک یہ بات پہنچی,سید اُمّید علی بن سید محبت علی موجود تھے جب ان تک یہ بات پہنچی,ur/ar,yes,SRC003 p.1 line 1727
VAR_35174D4270,ENT_2370111FC2,سید امید علی بن سید محبت علی کے بیان کے مطابق اجداد میں سے دو,سید اُمید علی بن سید محبت علی کے بیان کے مطابق اجداد میں سے دو,ur/ar,yes,SRC003 p.1 line 1582
VAR_E2D068F6EF,ENT_A912BD10CE,سید امید علی بھی جانتے تھے کہ یہ رشتہ داروں میں سے ہیں اور ایک,سید امید علی بھی جانتے تھے کہ یہ رشتہ داروں میں سے ہیں اور ایک,ur/ar,yes,SRC003 p.1 line 1761
VAR_8D2E56935A,ENT_8DBF65DB5E,سید امید علی سے ملا,سید امید علی سے ملا,ur/ar,yes,SRC003 p.1 line 1833
VAR_4B83156245,ENT_D121FBDA7E,سید امید علی سے منقول ہیں ان روایات کی تصدیق اپ کے دیگر بہن بھايیوں,سید اُمید علی سے منقول ہیں ان روایات کی تصدیق آپ کے دیگر بہن بھائیوں,ur/ar,yes,SRC003 p.1 line 1766
VAR_79F71CB328,ENT_2A367EC995,سید امید علی نے اس روایت کو,سید اُمید علی نے اس روایت کو,ur/ar,yes,SRC003 p.1 line 1785
VAR_B284301657,ENT_CC469E27B8,سید امید علی نے اسے قبول کرنے سے انکار کر دیا اور اپنے تایا زاد,سید امید علی نے اسے قبول کرنے سے انکار کر دیا اور اپنے تایا زاد,ur/ar,yes,SRC003 p.1 line 1855
VAR_13BFD8B61E,ENT_487F47844C,سید امید علی نے اپنی بیٹی کی شادی,سید امید علی نے اپنی بیٹی کی شادی,ur/ar,yes,SRC003 p.1 line 1763
VAR_053C82D364,ENT_D2DD7E1F0C,سید امید علی نے اپنے سید بھايی سے نیکی کی تھی، مگر وہ نسلوں کی,سید امید علی نے اپنے سید بھائی سے نیکی کی تھی، مگر وہ نسلوں کی,ur/ar,yes,SRC003 p.1 line 1888
VAR_70FCA768C8,ENT_2A81F68A3F,سید امید علی نے بھی اپنے قریبی خاندانوں سے، اپنے بھايیوں، بیٹوں اور بھانجوں سے,سید امید علی نے بھی اپنے قریبی خاندانوں سے، اپنے بھائیوں، بیٹوں اور بھانجوں سے,ur/ar,yes,SRC003 p.1 line 1881
VAR_6DB9DCE0C5,ENT_E9A9A3AE28,سید امید علی نے وہ فارسی والا نسخہ دے دیا اور اردو والے اپنے پاس,سید امید علی نے وہ فارسی والا نسخہ دے دیا اور اردو والے اپنے پاس,ur/ar,yes,SRC003 p.1 line 1886
VAR_A3EE22E962,ENT_E2B2C7CD62,سید امید علی نے کیا اس سے قبل خاندان میں یہ رواج قطعی طور پر,سید امید علی نے کیا اس سے قبل خاندان میں یہ رواج قطعی طور پر,ur/ar,yes,SRC003 p.1 line 1873
VAR_45722335CD,ENT_ABB1607A45,سید امید علی نے ہمیشہ اپنے گھر میں اس پر بہت زور دیا اور اسے,سید امید علی نے ہمیشہ اپنے گھر میں اس پر بہت زور دیا اور اسے,ur/ar,yes,SRC003 p.1 line 1786
VAR_1CDB3E75FE,ENT_05C9145287,سید امید علی وفات پا گيے، تو اس کے بعد خاندانوں کا تعلق ٹوٹ گیا,سید امید علی وفات پا گئے، تو اس کے بعد خاندانوں کا تعلق ٹوٹ گیا,ur/ar,yes,SRC003 p.1 line 1891
VAR_5DC5F9E20E,ENT_B8251193B8,سید امید علی کا انا جانا بھی رہا اگے بڑھتے ہويے یہی وہ مقام تھا,سید امید علی کا آنا جانا بھی رہا آگے بڑھتے ہوئے یہی وہ مقام تھا,ur/ar,yes,SRC003 p.1 line 1896
VAR_DA5B51960C,ENT_FD5BEB0DF4,سید امید علی کا انتقال ہو گیا اسی بنا پر انساب و تاریخ کے معاملے,سید اُمید علی کا انتقال ہو گیا اسی بنا پر انساب و تاریخ کے معاملے,ur/ar,yes,SRC003 p.1 line 1776
VAR_9313926866,ENT_F12941ED24,سید امید علی کا بیان روایت کردہ کچھ ایسا تھا ہندوستان کی سرزمین پر درحقیقت,سید امید علی کا بیان روایت کردہ کچھ ایسا تھا ہندوستان کی سرزمین پر درحقیقت,ur/ar,yes,SRC003 p.1 line 1729
VAR_8E60C57212,ENT_926E4B8058,سید امید علی کا حلقہ بھی تشیع میں ہی تھا نہ کہ تصوف میں تصوف,سید امید علی کا حلقہ بھی تشیع میں ہی تھا نہ کہ تصوف میں تصوف,ur/ar,yes,SRC003 p.1 line 1883
VAR_C95AF3830E,ENT_DDC06303EC,سید امید علی کا دینی پس منظر اگرچہ سید امید علی کا مذہب میں کويی,سید امید علی کا دینی پس منظر اگرچہ سید امید علی کا مذہب میں کوئی,ur/ar,yes,SRC003 p.1 line 1857
VAR_00774DEA4E,ENT_A9FFBE4C13,سید امید علی کا کردار بحیثیت رشتہ دار صلح کروانے کا تھا لیکن معاملہ کچھ,سید امید علی کا کردار بحیثیت رشتہ دار صلح کروانے کا تھا لیکن معاملہ کچھ,ur/ar,yes,SRC003 p.1 line 1891
VAR_38D8548A4D,ENT_90DD636B82,سید امید علی کا کہنا تھا کہ وہ بھی ایک بیٹے ہیں، اپ ان سے,سید امید علی کا کہنا تھا کہ وہ بھی ایک بیٹے ہیں، آپ ان سے,ur/ar,yes,SRC003 p.1 line 1855
VAR_64ECDF206B,ENT_24AD9C78EE,سید امید علی کو اپنے جد کا خلیفہ بننے کی پیشکش کی تو اپ نے,سید اُمید علی کو اپنے جد کا خلیفہ بننے کی پیشکش کی تو آپ نے,ur/ar,yes,SRC003 p.1 line 1796
VAR_CA207774CA,ENT_FB16456A55,سید امید علی کی اولاد و نسل نے حکیم سید فرخ حسین کے گھرانے کی,سید امید علی کی اولاد و نسل نے حکیم سید فَرّخ حسین کے گھرانے کی,ur/ar,yes,SRC003 p.1 line 1892
VAR_D7D5B0EEA6,ENT_45824E4E66,سید امید علی کی اپنی اولاد نے بھی یہی سوالات اٹھايے، تو انہوں نے ہمیشہ,سید امید علی کی اپنی اولاد نے بھی یہی سوالات اٹھائے، تو انہوں نے ہمیشہ,ur/ar,yes,SRC003 p.1 line 1856
VAR_447EA1E58D,ENT_D4D519966A,سید امید علی کی تایا زاد بہن کے تینوں بیٹوں نے بھی دی، جو سید,سید امید علی کی تایا زاد بہن کے تینوں بیٹوں نے بھی دی، جو سید,ur/ar,yes,SRC003 p.1 line 1882
VAR_13A22A6C2A,ENT_2F8B2D19B4,سید امید علی کی روایت کے مطابق، قبل ازیں یہ تمام امور، نوحہ خوانی اور,سید امید علی کی روایت کے مطابق، قبل ازیں یہ تمام امور، نوحہ خوانی اور,ur/ar,yes,SRC003 p.1 line 1804
VAR_D79BD7929E,ENT_056109E992,سید امید علی کی زوجہ ایک مغل نسل سے تعلق رکھتی تھیں تاہم، ان پر,سید امید علی کی زوجہ ایک مغل نسل سے تعلق رکھتی تھیں تاہم، ان پر,ur/ar,yes,SRC003 p.1 line 1872
VAR_BF59C9ABA1,ENT_BA9E13A83E,سید امید علی کی زوجہ بیان کرتیں کہ سید محبت علی نے,سید امید علی کی زوجہ بیان کرتیں کہ سید محبت علی نے,ur/ar,yes,SRC003 p.1 line 1716
VAR_93ED1AD3F1,ENT_29EEA16886,سید امید علی کی زوجہ نے اچانک اس کے متعلق ایک پیشین گويی کی کہ,سید امید علی کی زوجہ نے اچانک اس کے متعلق ایک پیشین گوئی کی کہ,ur/ar,yes,SRC003 p.1 line 1872
VAR_BD70E5B543,ENT_001689C16B,سید امید علی کی نسل کے لوگ بیان کرتے ہیں کہ جب ان سے گدی,سید امید علی کی نسل کے لوگ بیان کرتے ہیں کہ جب ان سے گدی,ur/ar,yes,SRC003 p.1 line 1854
VAR_AB31A01CA3,ENT_DEDF1CDCC7,سید امید علی کے بعد اور کسی کو نہ تھا، کیونکہ ان کی صرف ایک,سید امید علی کے بعد اور کسی کو نہ تھا، کیونکہ ان کی صرف ایک,ur/ar,yes,SRC003 p.1 line 1687
VAR_733D0B0EFC,ENT_7939E3EA23,سید امید علی کے بھی پنجاب میں دیگر جگہوں پر رشتہ داروں سے روابط رہے,سید امید علی کے بھی پنجاب میں دیگر جگہوں پر رشتہ داروں سے روابط رہے,ur/ar,yes,SRC003 p.1 line 1896
VAR_54CE9F009F,ENT_82A3442501,سید امید علی کے بیان کے مطابق، ان کے والد سید محبت علی جب اپنے,سید امید علی کے بیان کے مطابق، ان کے والد سید محبت علی جب اپنے,ur/ar,yes,SRC003 p.1 line 1550
VAR_D891EF6D1B,ENT_03889941C8,سید امید علی کے بیٹے سید ساجد علی نے بھی یہی گواہی دی کہ مجھے,سید امید علی کے بیٹے سید ساجد علی نے بھی یہی گواہی دی کہ مجھے,ur/ar,yes,SRC003 p.1 line 1881
VAR_8890A4BF4B,ENT_5D5CFF1CC0,سید امید علی کے بیٹے سید قدیر علی کو یاد ایا کہ یہ تو میرے,سید امید علی کے بیٹے سید قدیر علی کو یاد آیا کہ یہ تو میرے,ur/ar,yes,SRC003 p.1 line 1881
VAR_3F96975A19,ENT_BE74C63930,سید امید علی کے داماد، سید عرفان علی نقوی البخاری، کا گھر تھا ان کا,سید امید علی کے داماد، سید عرفان علی نقوی البخاری، کا گھر تھا ان کا,ur/ar,yes,SRC003 p.1 line 1892
VAR_3E30363BE6,ENT_94885CA0CA,سید امید علی کے ذہن میں محفوظ تھا،,سید اُمید علی کے ذہن میں محفوظ تھا،,ur/ar,yes,SRC003 p.1 line 1775
VAR_678A416247,ENT_E439B59292,سید امید علی کے مطابق دو لوگ تھے، جو اپس میں باپ بیٹا تھے یا,سید امید علی کے مطابق دو لوگ تھے، جو آپس میں باپ بیٹا تھے یا,ur/ar,yes,SRC003 p.1 line 1861
VAR_86C7A84D59,ENT_5A360DC6B6,سید امید علی کے مطابق، انہیں ان کا انا جانا اچھی طرح یاد ہے کہ,سید امید علی کے مطابق، انہیں ان کا آنا جانا اچھی طرح یاد ہے کہ,ur/ar,yes,SRC003 p.1 line 1762
VAR_E405452530,ENT_19FE1C8CF7,سید امید علی کے پاس، اعجاز علی کے سامنے ایک شخص ایا یہ سید فرخ,سید امید علی کے پاس، اعجاز علی کے سامنے ایک شخص آیا یہ سید فرّخ,ur/ar,yes,SRC003 p.1 line 1886
VAR_07A4AE6D57,ENT_3EDAE19C83,سید امید علی کے پوتے سید شاہ زیب علی ماہر الانساب سادات ہیں اور ان,سید اُمید علی کے پوتے سید شاہ زیب علی ماہر الانساب سادات ہیں اور ان,ur/ar,yes,SRC003 p.1 line 1776
VAR_35795C4095,ENT_6B6F01FEE1,سید امید علی کے پوتے، سید شاہ زیب علی نے اعلی درجے کا علم حاصل,سید اُمید علی کے پوتے، سید شاہ زیب علی نے اعلیٰ درجے کا علم حاصل,ur/ar,yes,SRC003 p.1 line 1775
VAR_4AC0AEC2A0,ENT_0B1E75935A,سید امید علی، نے لڑا یہ مقدمہ اپ کی زندگی کے بیس سال نگل گیا,سید اُمید علی، نے لڑا یہ مقدمہ آپ کی زندگی کے بیس سال نگل گیا,ur/ar,yes,SRC003 p.1 line 1769
VAR_7E0F0B10D3,ENT_47B84ED30B,سید امیر علی ال محمد ہونے کی وجہ سے ایک بلند پایہ روحانی بزرگ بھی,سید امیر علی آلِ محمدؐ ہونے کی وجہ سے ایک بلند پایہ روحانی بزرگ بھی,ur/ar,yes,SRC003 p.1 line 1645
VAR_1B9B63F41B,ENT_D4697793A0,سید امیر علی اور ان کی نسل کے کيی افراد مختلف درگاہوں جیسے نظام الدین,سید امیر علی اور ان کی نسل کے کئی افراد مختلف درگاہوں جیسے نظام الدین,ur/ar,yes,SRC003 p.1 line 1797
VAR_CB5F31E9D2,ENT_04BD8F5DCC,سید امیر علی اور ان کے والد سید حیدر شاہ سے منسوب، ابتدايی دور کی,سید امیر علی اور ان کے والد سید حیدر شاہ سے منسوب، ابتدائی دور کی,ur/ar,yes,SRC003 p.1 line 1891
VAR_73184FED7C,ENT_36344F840E,سید امیر علی اپنے وقت کے ماہر حکیم اور صاحب روحانیت شخصیت کے طور پر,سید امیر علی اپنے وقت کے ماہر حکیم اور صاحبِ روحانیت شخصیت کے طور پر,ur/ar,yes,SRC003 p.1 line 1630
VAR_1C1768ACFA,ENT_06F3AA7F34,سید امیر علی سے ہوتا ہوا سید حفیظ علی، سید امجد علی اور سید محبت,سید امیر علی سے ہوتا ہوا سید حفیظ علی، سید امجد علی اور سید محبت,ur/ar,yes,SRC003 p.1 line 1729
VAR_15AB5D1403,ENT_D0395B43B6,سید امیر علی شاہ ایک پوشیدہ، روحانی اور نسبی ورثے کا امین ہے جو مغلیہ,سید امیر علی شاہ ایک پوشیدہ، روحانی اور نسبی ورثے کا امین ہے جو مغلیہ,ur/ar,yes,SRC003 p.1 line 1596
VAR_A1249D7524,ENT_D5762832FD,سید امیر علی شاہ بن سید حیدر شاہ بن سید قطب شاہ بن سید کبیر,سید امیر علی شاہ بن سید حیدر شاہ بن سید قطب شاہ بن سید کبیر,ur/ar,yes,SRC003 p.1 line 1646
VAR_7281E09645,ENT_A51BF2A954,سید امیر علی شاہ جد ال امیر سید امیر علی شاہ وہ بزرگ ہیں جن,سید امیر علی شاہ جدِ آلِ امیر سید امیر علی شاہ وہ بزرگ ہیں جن,ur/ar,yes,SRC003 p.1 line 1587
VAR_6FD776B19C,ENT_21C8FFB4DF,سید امیر علی شاہ مغل طبیب تک، تو خاندان کو ان تک کے ہر ایک,سید امیر علی شاہ مغل طبیب تک، تو خاندان کو اُن تک کے ہر ایک,ur/ar,yes,SRC003 p.1 line 1835
VAR_79C44A79F4,ENT_1AE0CE3F67,سید امیر علی شاہ نقوی البخاری اور ان کی اولاد و نسل کی زندگی، وراثت،,سید امیر علی شاہ نقوی البخاری اور ان کی اولاد و نسل کی زندگی، وراثت،,ur/ar,yes,SRC003 p.1 line 4
VAR_87C2CAFFDF,ENT_549CF4852D,سید امیر علی شاہ نقوی البخاری ایک مخفی مگر جلیل القدر سادات حسینی بزرگ کی,سید امیر علی شاہ نقوی البخاری :ایک مخفی مگر جلیل القدر ساداتِ حسینی بزرگ کی,ur/ar,yes,SRC003 p.1 line 1
VAR_91E5CC9708,ENT_828D652DF5,سید امیر علی شاہ وہ بزرگ ہیں جن سے ال امیر کا نسبتا زیادہ مستند،,سید امیر علی شاہ وہ بزرگ ہیں جن سے آلِ امیر کا نسبتاً زیادہ مستند،,ur/ar,yes,SRC003 p.1 line 1583
VAR_927F1FE0FF,ENT_11A829BBD2,سید امیر علی شاہ کو خاندانی روایت کے مطابق ال امیر کا جد اعلی تسلیم,سید امیر علی شاہ کو خاندانی روایت کے مطابق آلِ امیر کا جدِ اعلیٰ تسلیم,ur/ar,yes,SRC003 p.1 line 1582
VAR_95463BB4EE,ENT_BC00E1B2EF,سید امیر علی شاہ کو خاندانی روایت کے مطابق جد اعلی اس وجہ سے تسلیم,سید امیر علی شاہ کو خاندانی روایت کے مطابق جدِ اعلیٰ اس وجہ سے تسلیم,ur/ar,yes,SRC003 p.1 line 1582
VAR_500E53CDAB,ENT_C15CE692F4,سید امیر علی شاہ کی اولاد میں سے نسلی تسلسل کے اعتبار سے جو شاخ,سید امیر علی شاہ کی اولاد میں سے نسلی تسلسل کے اعتبار سے جو شاخ,ur/ar,yes,SRC003 p.1 line 1586
VAR_E600BA110E,ENT_9D94C29763,سید امیر علی شاہ کے بارے میں ہو سکتی ہیں یا ان کے اجداد کے,سید امیر علی شاہ کے بارے میں ہو سکتی ہیں یا ان کے اجداد کے,ur/ar,yes,SRC003 p.1 line 1861
VAR_3D2A747D21,ENT_30BEB3F8F6,سید امیر علی شاہ کے بعد خاندان کی تاریخ، شجرہ اور روایات زیادہ واضح اور,سید امیر علی شاہ کے بعد خاندان کی تاریخ، شجرہ اور روایات زیادہ واضح اور,ur/ar,yes,SRC003 p.1 line 1583; SRC003 p.1 line 1589
VAR_EEA7B4B4D5,ENT_F884406C48,سید امیر علی شاہ کے ساتھ سید وزیر علی شاہ کا زیادہ ذکر ملتا ہے،,سید امیر علی شاہ کے ساتھ سید وزیر علی شاہ کا زیادہ ذکر ملتا ہے،,ur/ar,yes,SRC003 p.1 line 1582
VAR_D8664403FA,ENT_283F09D29A,سید امیر علی شاہ کے صاحبزادے سید عاشق علی شاہ تک اور پھر ان کے,سید امیر علی شاہ کے صاحبزادے سید عاشق علی شاہ تک اور پھر اُن کے,ur/ar,yes,SRC003 p.1 line 1589
VAR_0BDF95AB72,ENT_4CF8484EC5,سید امیر علی شاہ، ال نبی ، اولاد علی و فاطمہ ، اوچ شریف، لاہور، فیروزاباد،,سید امیر علی شاہ، آلِ نبی ، اولادِ علی و فاطمہ ، اُوچ شریف، لاہور، فیروزآباد،,ur/ar,yes,SRC003 p.1 line 1
VAR_DBD65158AC,ENT_3F2C91FA5A,سید امیر علی شاہ، سید وزیر علی شاہ اور سید سردار علی شاہ شامل تھے,سید امیر علی شاہ، سید وزیر علی شاہ اور سید سردار علی شاہ شامل تھے,ur/ar,yes,SRC003 p.1 line 1582
VAR_1A2B71D9AF,ENT_EDA68C3CEF,سید امیر علی میں پايی جاتی تھی ان کی زندگی کا ایک اور پہلو اہل,سید امیر علی میں پائی جاتی تھی ان کی زندگی کا ایک اور پہلو اہلِ,ur/ar,yes,SRC003 p.1 line 1657
VAR_9EEDE66683,ENT_B92D6D4C53,سید امیر علی نقوی البخاری ہیں، نہ کہ کويی سید امیر علی تقسیم ہندوستان سے,سید امیر علی نقوی البخاری ہیں، نہ کہ کوئی سید امیر علی تقسیمِ ہندوستان سے,ur/ar,yes,SRC003 p.1 line 1606
VAR_6F2EE5F66E,ENT_06FBFA5DB9,سید امیر علی نقوی حیدراباد میں اباد ہیں ان کے تین بیٹے اور تین بیٹیاں,سید امیر علی نقوی حیدرآباد میں آباد ہیں ان کے تین بیٹے اور تین بیٹیاں,ur/ar,yes,SRC003 p.1 line 1757
VAR_A57FF5AD85,ENT_9B15D82697,سید امیر علی نے ایک پوشیدہ زندگی بسر کی، اس لیے ان کی اولاد کو,سید امیر علی نے ایک پوشیدہ زندگی بسر کی، اس لیے ان کی اولاد کو,ur/ar,yes,SRC003 p.1 line 1607
VAR_7AEA3FC502,ENT_3D0A833246,سید امیر علی نے کس کا علاج کیا تھا، اکثر یہ بھی دیکھا گیا ہے,سید امیر علی نے کس کا علاج کیا تھا، اکثر یہ بھی دیکھا گیا ہے,ur/ar,yes,SRC003 p.1 line 1632
VAR_7FEDF36136,ENT_2793D082E9,سید امیر علی کا وقتی طور پر اپنی بعض ریاستی ذمہ داریوں کے تحت، یا,سید امیر علی کا وقتی طور پر اپنی بعض ریاستی ذمہ داریوں کے تحت، یا,ur/ar,yes,SRC003 p.1 line 1798
VAR_A44179D0F2,ENT_EDC36420AB,سید امیر علی کی اولاد سے زبانی روایات میں یہ بات بھی ملتی ہے کہ,سید امیر علی کی اولاد سے زبانی روایات میں یہ بات بھی ملتی ہے کہ,ur/ar,yes,SRC003 p.1 line 1263
VAR_6A4162C9D8,ENT_840E6E0E18,سید امیر علی کی زندگی بہت زیادہ ہجرتوں میں گزری ہے، اپ کا کسی ایک,سید امیر علی کی زندگی بہت زیادہ ہجرتوں میں گزری ہے، آپ کا کسی ایک,ur/ar,yes,SRC003 p.1 line 1606
VAR_3A4246C865,ENT_B208FB4270,سید امیر علی کی زندگی کے بعض پہلو مکمل دستاویزی صورت میں محفوظ نہیں، تاہم,سید امیر علی کی زندگی کے بعض پہلو مکمل دستاویزی صورت میں محفوظ نہیں، تاہم,ur/ar,yes,SRC003 p.1 line 1598
VAR_867942C310,ENT_52D85CDC80,سید امیر علی کی وفات کے حوالے سے تاریخی شواہد واضح نہیں ہیں، سید شاکر,سید امیر علی کی وفات کے حوالے سے تاریخی شواہد واضح نہیں ہیں، سید شاکر,ur/ar,yes,SRC003 p.1 line 1647
VAR_CBCE9D1116,ENT_10D38D2A56,سید امیر علی کی پوشیدہ خدمات، ان کی عظیم قربانیوں اور مخلصانہ کاوشوں پر مکتب,سید امیر علی کی پوشیدہ خدمات، اُن کی عظیم قربانیوں اور مخلصانہ کاوشوں پر مکتبِ,ur/ar,yes,SRC003 p.1 line 1627
VAR_6A8DE50C90,ENT_775204C9B2,سید امیر علی کے تصرف میں دیگر اراضیات بھی تھیں، جن میں سے ایک مقام,سید امیر علی کے تصرف میں دیگر اراضیات بھی تھیں، جن میں سے ایک مقام,ur/ar,yes,SRC003 p.1 line 1596
VAR_C1216BC390,ENT_E6CB6482FA,سید امیر علی کے خاندان کا دربار سے تعلق تھا تاریخی طور پر یہ ایک,سید امیر علی کے خاندان کا دربار سے تعلق تھا تاریخی طور پر یہ ایک,ur/ar,yes,SRC003 p.1 line 1805
VAR_0B433C01C1,ENT_66E48419D8,سید امیر علی کے ساتھ منسلک کر دیا گیا ہو ممکن ہے عوامی شعور میں,سید امیر علی کے ساتھ منسلک کر دیا گیا ہو ممکن ہے عوامی شعور میں,ur/ar,yes,SRC003 p.1 line 1606
VAR_38E50ACA2E,ENT_2B75F6EE82,سید امیر علی ہی تھا اگرہ ان کی مستقل سکونت گاہ کے طور پر شناخت,سید امیر علی ہی تھا آگرہ ان کی مستقل سکونت گاہ کے طور پر شناخت,ur/ar,yes,SRC003 p.1 line 1624
VAR_172EB76E05,ENT_096250CE05,سید امیر علی یا ان کے بزرگوں میں سے کسی ایک کو ایک شاہی خاتون,سید امیر علی یا اُن کے بزرگوں میں سے کسی ایک کو ایک شاہی خاتون,ur/ar,yes,SRC003 p.1 line 1632
VAR_44D91AFA8D,ENT_933C4A6380,سید اکبر رضوی جو اس معروف انجمن کے نايب صدر ہیں اور ساتھ ہی حیدراباد,سید اکبر رضوی جو اس معروف انجمن کے نائب صدر ہیں اور ساتھ ہی حیدرآباد,ur/ar,yes,SRC003 p.1 line 1882
VAR_27A64CB7ED,ENT_7A07229DEE,سید بابا درویش لاولد ، سید علی لاولد ، سید شاکر علی شاہ فیروزابادی اور سید ذاکر,سید بابا درویش (لاولد)، سید علی (لاولد)، سید شاکر علی شاہ فیروزآبادی اور سید ذاکر,ur/ar,yes,SRC003 p.1 line 1584
VAR_4D12C25C0A,ENT_68171CCD02,سید بدر الدین شاہ بن سید کبیر شاہ سید بدر الدین شاہ کے صاحبزادگان سید,سید بدر الدین شاہ بن سید کبیر شاہ سید بدر الدین شاہ کے صاحبزادگان سید,ur/ar,yes,SRC003 p.1 line 1580
VAR_D7E3DAE5EC,ENT_D0CB5B751D,سید بدرالدین حسن,سید بدرالدین حسن,ur/ar,yes,SRC003 p.1 line 1476
VAR_AB3DDD67AC,ENT_BC6BDDD36E,سید برہان الدین قطب العالم احمد اباد، گجرات اصل نام عبداللہ، کنیت ابو عبداللہ ۔,سید برہان الدین قطب العالم (احمد آباد، گجرات اصل نام: عبداللہ، کنیت: ابو عبداللہ)۔,ur/ar,yes,SRC003 p.1 line 1449
VAR_659DAC1188,ENT_9B42B9FBDF,سید بودھے شاہ تھے، جن کے ذریعے خاندان کا ایک اور سلسلہ اگے بڑھا۔,سید بودھے شاہ تھے، جن کے ذریعے خاندان کا ایک اور سلسلہ آگے بڑھا۔,ur/ar,yes,SRC003 p.1 line 1580
VAR_8B74664D6D,ENT_B6F80A7D3B,سید بہاوالدین,سید بہاؤالدین,ur/ar,yes,SRC003 p.1 line 1447
VAR_E6C025ED03,ENT_119C208997,سید بہاوالدین رحمۃ اللہ علیہ وصال و مزار حضرت سید احمد کبیر رحمۃ اللہ علیہ,سید بہاؤالدین رحمۃ اللہ علیہ وصال و مزار حضرت سید احمد کبیر رحمۃ اللہ علیہ,ur/ar,yes,SRC003 p.1 line 1365
VAR_93AF36D5A7,ENT_98558EE191,سید تھے ان کی صرف ایک اولاد، بیٹی تھی، اور وہ لوگ تقسیم ہند کے,سید تھے ان کی صرف ایک اولاد، بیٹی تھی، اور وہ لوگ تقسیمِ ہند کے,ur/ar,yes,SRC003 p.1 line 1687
VAR_121D1D2D50,ENT_D0B1F27E6B,سید تھے اور اپ کا شجرہ نسب امام حسین علیہ السلام سے جا ملتا تھا،,سید تھے اور آپ کا شجرہ نسب امام حسین علیہ السلام سے جا ملتا تھا،,ur/ar,yes,SRC003 p.1 line 1675
VAR_450BE301E4,ENT_8B6F796382,سید جاوید علی بن سید محبت علی کے تین بیٹے اور ایک بیٹی ہیں بیٹے,سید جاوید علی بن سید محبت علی کے تین بیٹے اور ایک بیٹی ہیں بیٹے,ur/ar,yes,SRC003 p.1 line 1751
VAR_DC131B0586,ENT_2EED3FB647,سید جاوید علی نے کسی محلے میں چھوٹی درگاہ بتايی تھی اپ کے خلیفہ اور,سید جاوید علی نے کسی محلے میں چھوٹی درگاہ بتائی تھی آپ کے خلیفہ اور,ur/ar,yes,SRC003 p.1 line 1656
VAR_F35C112DB8,ENT_0602B2A6B7,سید جاوید علی کا کہنا تھا کہ وہ درگاہ یہ نہیں تھی، بلکہ کويی اور,سید جاوید علی کا کہنا تھا کہ وہ درگاہ یہ نہیں تھی، بلکہ کوئی اور,ur/ar,yes,SRC003 p.1 line 1670
VAR_7ECE44B662,ENT_5EE915469D,سید جاوید علی کے مطابق یہ سید شاکر علی فیروز اباد ی کی وہ درگاہ,سید جاوید علی کے مطابق یہ سید شاکر علی فیروز آباد ی کی وہ دَرگاہ,ur/ar,yes,SRC003 p.1 line 1671
VAR_D684E1168C,ENT_59C01A7146,سید جعفر بن امام علی نقی بن امام محمد تقی بن امام علی رضا بن,سید جعفر بن امام علی نقی بن امام محمد تقی بن امام علی رضا بن,ur/ar,yes,SRC003 p.1 line 1190
VAR_181420BAB0,ENT_3629B0F136,سید جلال الدین,سید جلال الدین,ur/ar,yes,SRC003 p.1 line 1452
VAR_B9DB66FF1A,ENT_633EDBE811,سید جلال الدین بن سید علم الدین بخاری بن سید محمود نر ناصر الدین بن,سید جلال الدین بن سید علم الدین بخاری بن سید محمود نر ناصر الدین بن,ur/ar,yes,SRC003 p.1 line 1650
VAR_DEC350D44D,ENT_17F0B4CB77,سید جلال الدین ثانی جنہوں نے سلسلہ جلالیہ کے تبلیغی و نسبی نظام کو اگے,سید جلال الدین ثانی جنہوں نے سلسلہ جلالیہ کے تبلیغی و نسبی نظام کو آگے,ur/ar,yes,SRC003 p.1 line 1389
VAR_4AB6AA54BE,ENT_75B1F358FB,سید جلال الدین جہانیاں جہاں گشت بن سید احمد کبیر بن سید جلال الدین سرخ,سید جلال الدین جہانیاں جہاں گشت بن سید احمد کبیر بن سید جلال الدین سرخ,ur/ar,yes,SRC003 p.1 line 1372
VAR_A342EF56C3,ENT_0E9CEB44DB,سید جلال الدین حسین المعروف مخدوم جہانیاں جہانگشت بن سید سلطان احمد کبیر بن سید,سید جلال الدین حسین المعروف مخدوم جہانیاں جہانگشت بن سید سلطان احمد کبیر بن سید,ur/ar,yes,SRC003 p.1 line 1650
VAR_3209A7614D,ENT_AF6AB0B41A,سید جلال الدین حیدر بن سید صفی الدین بن سید نظام الدین بن سید علیم,سید جلال الدین حیدر بن سید صفی الدین بن سید نظام الدین بن سید علیم,ur/ar,yes,SRC003 p.1 line 1650
VAR_98BCF97043,ENT_3CFFB588CA,سید جلال الدین حیدر کے بعد کی بعض درمیانی نسلوں کے حالات تفصیل کے ساتھ,سید جلال الدین حیدر کے بعد کی بعض درمیانی نسلوں کے حالات تفصیل کے ساتھ,ur/ar,yes,SRC003 p.1 line 1589
VAR_03BF2A0690,ENT_0C8FE26111,سید جلال الدین حیدر کے ذریعے لاہور اور پھر سید شاکر علی شاہ نقوی البخاری,سید جلال الدین حیدر کے ذریعے لاہور اور پھر سید شاکر علی شاہ نقوی البخاری,ur/ar,yes,SRC003 p.1 line 5
VAR_DA27DEFC07,ENT_F877D7D9A0,سید جلال الدین سرخ پوش بخاری بن سید علی المعید بن سید جعفر محمد حسین,سید جلال الدین سرخ پوش بخاری بن سید علی المعید بن سید جعفر محمد حسین,ur/ar,yes,SRC003 p.1 line 1190
VAR_E2E594ED53,ENT_C62040608B,سید جلال الدین سرخ پوش بخاری رحمۃ اللہ علیہ نے روحانی منازل طے کیں۔,سید جلال الدین سرخ پوش بخاری رحمۃ اللہ علیہ نے روحانی منازل طے کیں۔,ur/ar,yes,SRC003 p.1 line 1177
VAR_360691D3B9,ENT_39565E6629,سید جلال الدین سرخ پوش بخاری، ادارہ ثقافت اسلامیہ، لاہور۔,سید جلال الدین سرخ پوش بخاری، ادارہ ثقافت اسلامیہ، لاہور۔,ur/ar,yes,SRC003 p.1 line 1865
VAR_2723C62157,ENT_C0EF674D98,سید جمال الدین,سید جمال الدین,ur/ar,yes,SRC003 p.1 line 1454
VAR_4C74F492EB,ENT_0868C063B8,سید جمال الدین بخاری رحمۃ اللہ علیہ سادات نقوی بخاری کے ان باوقار بزرگوں میں,سید جمالُ الدین بخاری رحمۃ اللہ علیہ ساداتِ نقوی بخاری کے اُن باوقار بزرگوں میں,ur/ar,yes,SRC003 p.1 line 1489
VAR_D464C05CCC,ENT_96E04E1F95,سید جمال کے ذریعے حضرت علی بن موسی رضا، امام جعفر صادق، امام زین العابدین,سید جمال کے ذریعے حضرت علی بن موسیٰ رضا، امام جعفر صادق، امام زین العابدین,ur/ar,yes,SRC003 p.1 line 899
VAR_2D04B6AC99,ENT_FC53E7F761,سید جواد خامنہ,سید جواد خامنہ,ur/ar,yes,SRC003 p.1 line 1112
VAR_70A2CC4F71,ENT_F465AF788A,سید جہانگیر شاہ,سید جہانگیر شاہ,ur/ar,yes,SRC003 p.1 line 1461
VAR_BB9A016E6F,ENT_31B4633F26,سید جہانگیر شاہ بن سید یار شاہ حیدر سید جہانگیر شاہ کے دو صاحبزادے تھے,سید جہانگیر شاہ بن سید یار شاہ حیدر سید جہانگیر شاہ کے دو صاحبزادے تھے,ur/ar,yes,SRC003 p.1 line 1566
VAR_3855B913C3,ENT_A3286EECBD,سید جہانگیر شاہ شامل تھے یہی وہ مرحلہ ہے جہاں سے خاندان کی متعدد شاخیں,سید جہانگیر شاہ شامل تھے یہی وہ مرحلہ ہے جہاں سے خاندان کی متعدد شاخیں,ur/ar,yes,SRC003 p.1 line 1561
VAR_7EA2E7669A,ENT_571C371FD3,سید حامد رضوی بن سید شریف رضوی لکھنوی، اسی طرح سید محبت علی کے بیٹے,سید حامد رضوی بن سید شریف رضوی لکھنوی، اسی طرح سید محبت علی کے بیٹے,ur/ar,yes,SRC003 p.1 line 1691
VAR_47D4090E2C,ENT_9A42DA4F85,سید حامد رضوی نے اور ان کی نسل سے ایک اہل تصوف سے تعلق رکھنے,سید حامد رضوی نے اور ان کی نسل سے ایک اہلِ تصوف سے تعلق رکھنے,ur/ar,yes,SRC003 p.1 line 1883
VAR_44BBFA1E05,ENT_C80C37EF86,سید حسام الدین,سید حسام الدین,ur/ar,yes,SRC003 p.1 line 1453
VAR_8A5A886480,ENT_9BDDD1CCF8,سید حسنین علی نقوی، سید حسن علی نقوی اور سید حسان علی نقوی ہیں، جبکہ,سید حسنین علی نقوی، سید حسن علی نقوی اور سید حسّان علی نقوی ہیں، جبکہ,ur/ar,yes,SRC003 p.1 line 1757
VAR_07B0686E1A,ENT_26C8C63542,سید حفیظ علی اور سید محبت علی اپنے جد سید شاکر علی کی تاریخ اور,سید حفیظ علی اور سید محبت علی اپنے جد سید شاکر علی کی تاریخ اور,ur/ar,yes,SRC003 p.1 line 1688
VAR_88273C5BBA,ENT_83D0A53E31,سید حفیظ علی اور سید محبت علی سے منسلک تھا۔,سید حفیظ علی اور سید محبت علی سے منسلک تھا۔,ur/ar,yes,SRC003 p.1 line 1837
VAR_DF38C98D08,ENT_AF0653F884,سید حفیظ علی اور سید محبت علی نے اپنی زندگی کے اخری ایام بریلویت کے,سید حفیظ علی اور سید محبت علی نے اپنی زندگی کے آخری ایام بریلویت کے,ur/ar,yes,SRC003 p.1 line 1692
VAR_BCC51456ED,ENT_376A052539,سید حفیظ علی اور سید محبت علی نے اپنے جد امجد کے روحانی ورثے کو,سید حفیظ علی اور سید محبت علی نے اپنے جدِ امجد کے روحانی ورثے کو,ur/ar,yes,SRC003 p.1 line 1719
VAR_420465FCFD,ENT_9DD21DACAB,سید حفیظ علی اور سید محبت علی نے بھی پاکستان کے صوبہ سندھ، حیدراباد پکا,سید حفیظ علی اور سید محبت علی نے بھی پاکستان کے صوبہ سندھ، حیدرآباد (پکا,ur/ar,yes,SRC003 p.1 line 1705
VAR_70353275A8,ENT_935A8F2089,سید حفیظ علی اور سید محبت علی نے حلال روزی کمانے کو اپنا اصول بنایا,سید حفیظ علی اور سید محبت علی نے حلال روزی کمانے کو اپنا اصول بنایا,ur/ar,yes,SRC003 p.1 line 1700
VAR_32E49B185B,ENT_E1F89EB65C,سید حفیظ علی اور سید محبت علی کی نانی کا خاندان جو کہ غیر سادات,سید حفیظ علی اور سید محبت علی کی نانی کا خاندان جو کہ غیر سادات,ur/ar,yes,SRC003 p.1 line 1678
VAR_C17BDE5040,ENT_731ADC517D,سید حفیظ علی اور سید محبت علی کے اس گھر پر بھی علم عباس نصب,سید حفیظ علی اور سید محبت علی کے اس گھر پر بھی علمِ عباس نصب,ur/ar,yes,SRC003 p.1 line 1692
VAR_A5E549E035,ENT_40F6DAA4FB,سید حفیظ علی بن سید نفیس علی اور سید محبت علی بن سید نفیس علی,سید حفیظ علی بن سید نفیس علی اور سید محبت علی بن سید نفیس علی,ur/ar,yes,SRC003 p.1 line 1679
VAR_B698C84ED3,ENT_6DE6F237B5,سید حفیظ علی بن سید نفیس علی بخاری اور ان کے ایک بیٹے سید قمر,سید حفیظ علی بن سید نفیس علی بخاری اور ان کے ایک بیٹے سید قمر,ur/ar,yes,SRC003 p.1 line 1605
VAR_88D65E25A9,ENT_647323BD8C,سید حفیظ علی دونوں سے منسوب ہیں، اپنی اولاد سمیت مکمل طور پر شیعہ عقیدے,سید حفیظ علی دونوں سے منسوب ہیں، اپنی اولاد سمیت مکمل طور پر شیعہ عقیدے,ur/ar,yes,SRC003 p.1 line 1843
VAR_2A6800FD6B,ENT_CC68B3FEC2,سید حفیظ علی سید امجد علی کی بیٹی کے سسر بھی بنے، سید شریف رضوی,سید حفیظ علی سید امجد علی کی بیٹی کے سسر بھی بنے، سید شریف رضوی,ur/ar,yes,SRC003 p.1 line 1880
VAR_EB6A75D308,ENT_7B22F4B1FC,سید حفیظ علی شاہ نقوی البخاری، سید محبت علی شاہ نقوی البخاری کے ذریعے فیروز,سید حفیظ علی شاہ نقوی البخاری، سید محبت علی شاہ نقوی البخاری کے ذریعے فیروز,ur/ar,yes,SRC003 p.1 line 5
VAR_B0138D74FE,ENT_36347129A9,سید حفیظ علی کا حج اور سید محبت علی کی دین داری سید حفیظ علی,سید حفیظ علی کا حج اور سید محبت علی کی دین داری سید حفیظ علی,ur/ar,yes,SRC003 p.1 line 1707
VAR_A3EE60EB38,ENT_7544CB3F1B,سید حفیظ علی کی صاحبزادی تھیں انہوں نے بھی یہی بات بتايی تھی۔,سید حفیظ علی کی صاحبزادی تھیں انہوں نے بھی یہی بات بتائی تھی۔,ur/ar,yes,SRC003 p.1 line 1882
VAR_336A30A7F4,ENT_F173DEA144,سید حفیظ علی کی ملکیت ہے جبکہ حقیقت میں یہ جايیداد اپ کے والد سید,سید حفیظ علی کی ملکیت ہے جبکہ حقیقت میں یہ جائیداد آپ کے والد سید,ur/ar,yes,SRC003 p.1 line 1769
VAR_265131BCF4,ENT_E4F17D6330,سید حفیظ علی کے داماد، ان کی نسل اور دیگر قریبی افراد بھی اثنا عشری,سید حفیظ علی کے داماد، ان کی نسل اور دیگر قریبی افراد بھی اثنا عشری,ur/ar,yes,SRC003 p.1 line 1843
VAR_DF25B6E6FB,ENT_6635BFF8BB,سید حفیظ علی کے سمدھی موہ بولے رشتے کے تحت بھايی، سید شریف رضوی اور,سید حفیظ علی کے سمدھی موہ بولے رشتے کے تحت بھائی، سید شریف رضوی اور,ur/ar,yes,SRC003 p.1 line 1843
VAR_5110E64634,ENT_B02933DE0C,سید حفیظ علی کے نواسوں میں حیدراباد کے مشہور نوحہ خواں بھی شامل ہیں اور,سید حفیظ علی کے نواسوں میں حیدرآباد کے مشہور نوحہ خواں بھی شامل ہیں اور,ur/ar,yes,SRC003 p.1 line 1843
VAR_654961EDCF,ENT_146BD03167,سید حفیظ علی کے نواسے سید اصغر رضوی صدر انجمن ، سید اکبر رضوی نوحہ خوان,سید حفیظ علی کے نواسے سید اصغر رضوی (صدرِ انجمن)، سید اکبر رضوی (نوحہ خوان,ur/ar,yes,SRC003 p.1 line 1691
VAR_83A64FBF72,ENT_4D00DB975C,سید حفیظ علی کے نواسے ہیں۔,سید حفیظ علی کے نواسے ہیں۔,ur/ar,yes,SRC003 p.1 line 1722
VAR_C3ACDB24AC,ENT_C4ED0079D4,سید حفیظ علی کے پوتے سے ہوا جبکہ باقی بھی اکثر رشتہ داروں ہی میں,سید حفیظ علی کے پوتے سے ہوا جبکہ باقی بھی اکثر رشتہ داروں ہی میں,ur/ar,yes,SRC003 p.1 line 1678
VAR_2E3575DC76,ENT_1AF374FD62,سید حفیظ علی، سید محبت علی، یتیم ہو گيے، اور ان کی جان کو بھی,سید حفیظ علی، سید محبت علی، یتیم ہو گئے، اور ان کی جان کو بھی,ur/ar,yes,SRC003 p.1 line 1677
VAR_F3BCBFD60E,ENT_96E1CB0CB5,سید حیدر رضوی ان تینوں بھايیوں نے بھی اس موقع پر کہا کہ ہمیں امید,سید حیدر رضوی ان تینوں بھائیوں نے بھی اس موقع پر کہا کہ ہمیں امید,ur/ar,yes,SRC003 p.1 line 1882
VAR_30B977E90B,ENT_8AEC5E7C2E,سید حیدر رضوی، نیز سید حفیظ علی کے داماد سید عابد رضوی بن سید شریف,سید حیدر رضوی، نیز سید حفیظ علی کے داماد سید عابد رضوی بن سید شریف,ur/ar,yes,SRC003 p.1 line 1691
VAR_64A4ECDD7A,ENT_4A5492DF1C,سید حیدر شاہ بن سید قطب شاہ سید حیدر شاہ کے صاحبزادگان میں ضامن شاہ،,سید حیدر شاہ بن سید قطب شاہ سید حیدر شاہ کے صاحبزادگان میں ضامن شاہ،,ur/ar,yes,SRC003 p.1 line 1582
VAR_1D640B61B2,ENT_0BFFA2D9BE,سید حیدر شاہ سید امیر علی شاہ کے چار صاحبزادوں کے نام خاندانی شجروں اور,سید حیدر شاہ سید امیر علی شاہ کے چار صاحبزادوں کے نام خاندانی شجروں اور,ur/ar,yes,SRC003 p.1 line 1584
VAR_22FA074842,ENT_B5B3CCD224,سید خاندان سے واقف رہا اور ہجرت کے بعد بھی ایک ہی گلی میں اباد,سید خاندان سے واقف رہا اور ہجرت کے بعد بھی ایک ہی گلی میں آباد,ur/ar,yes,SRC003 p.1 line 1779
VAR_6F5BEA23BF,ENT_286D9FB126,سید خاندان کو نیکیوں سے نوازنے کے لیے بڑی جدوجہد خاندان سادات میں نیکی، تقوی,سید خاندان کو نیکیوں سے نوازنے کے لیے بڑی جدوجہد خاندانِ سادات میں نیکی، تقویٰ,ur/ar,yes,SRC003 p.1 line 1875
VAR_B967AF8064,ENT_7E47D9B249,سید خاندان، پاکستان ہجرت کر گيے، جو کہ ایک اسلامی ریاست کے طور پر لا,سید خاندان، پاکستان ہجرت کر گئے، جو کہ ایک اسلامی ریاست کے طور پر لا,ur/ar,yes,SRC003 p.1 line 1667
VAR_06203C85D3,ENT_9CF96F652A,سید خضرالدین,سید خضرالدین,ur/ar,yes,SRC003 p.1 line 1477
VAR_46E3063313,ENT_2C692AE3E6,سید دلدار علی غفرانماب ہیں جنہوں نے نجف و کربلا میں تعلیم حاصل کی اور,سید دلدار علی غفرانمآب ہیں جنہوں نے نجف و کربلا میں تعلیم حاصل کی اور,ur/ar,yes,SRC003 p.1 line 1909
VAR_FCCB17195F,ENT_B5FAA9E656,سید دلدار علی نقوی اس پورے علمی نظام کی فقہی قیادت کے طور پر ابھرے۔,سید دلدار علی نقوی اس پورے علمی نظام کی فقہی قیادت کے طور پر ابھرے۔,ur/ar,yes,SRC003 p.1 line 1062
VAR_0FB963A4A5,ENT_66DF886010,سید دلدار علی نقوی غفران ماب اور برصغیر میں مکتب تشیع کی علمی استواری سید,سید دلدار علی نقوی (غفران مآب) اور برصغیر میں مکتبِ تشیّع کی علمی استواری سید,ur/ar,yes,SRC003 p.1 line 1055
VAR_9A057B4ABE,ENT_ACBFD330C1,سید دلدار علی نقوی غفران ماب اٹھارہویں اور انیسویں صدی عیسوی کے ممتاز عالم اور,سید دلدار علی نقوی (غفران مآب) اٹھارہویں اور انیسویں صدی عیسوی کے ممتاز عالم اور,ur/ar,yes,SRC003 p.1 line 1066
VAR_1AE7AF9475,ENT_2362B2A523,سید دلدار علی نقوی غفرانماب نے سنہ ۱۲۰۰ھ کے بعد فقہ اصول اہل بیت کی,سید دلدار علی نقوی غفرانمآب نے سنہ ۱۲۰۰ھ کے بعد فقہِ اصولِ اہلِ بیت کی,ur/ar,yes,SRC003 p.1 line 1959
VAR_0D9ED50294,ENT_C89DAAA12E,سید دلدار علی نقوی نے مکتب تشیع کی خدمت کو محض تدریسی سطح تک محدود,سید دلدار علی نقوی نے مکتبِ تشیّع کی خدمت کو محض تدریسی سطح تک محدود,ur/ar,yes,SRC003 p.1 line 1064
VAR_4659232DC5,ENT_654EB90ABF,سید دلدار علی نقوی کی علمی جدوجہد کا مرکز اہل بیت کی فقہ اور اعتقادات,سید دلدار علی نقوی کی علمی جدوجہد کا مرکز اہلِ بیت کی فقہ اور اعتقادات,ur/ar,yes,SRC003 p.1 line 1058
VAR_F8321BE1E4,ENT_7166C952A4,سید دلدار علی نقوی کی علمی سرگرمیوں کا مرکز لکھنو رہا، جو اس زمانے میں,سید دلدار علی نقوی کی علمی سرگرمیوں کا مرکز لکھنؤ رہا، جو اس زمانے میں,ur/ar,yes,SRC003 p.1 line 1061
VAR_12369D64B7,ENT_57DB746338,سید ذاکر علی شاہ فیروزابادی کی اولاد کے جاری رہنے کا دعوی تو ملتا ہے،,سید ذاکر علی شاہ فیروزآبادی کی اولاد کے جاری رہنے کا دعویٰ تو ملتا ہے،,ur/ar,yes,SRC003 p.1 line 1584
VAR_D84973C7F6,ENT_C2BD94FA30,سید ذوہیب علی نقوی,سید ذوہیب علی نقوی,ur/ar,yes,SRC003 p.1 line 1756
VAR_4CB982F2C6,ENT_ED15DC8C9E,سید روح اللہ موسوی خمینی ایت اللہ العظمی سید روح اللہ موسوی خمینی علوم اہل,سید روح اللہ موسوی خمینی آیت اللہ العظمیٰ سید روح اللہ موسوی خمینی علوم اہلِ,ur/ar,yes,SRC003 p.1 line 1093
VAR_6B023C7345,ENT_ADF6E5C675,سید روح اللہ موسوی خمینی نے اسی فقہی روایت کے اندر رہتے ہويے اس تصور,سید روح اللہ موسوی خمینی نے اسی فقہی روایت کے اندر رہتے ہوئے اس تصور,ur/ar,yes,SRC003 p.1 line 1098
VAR_6D4A068FD0,ENT_E851B5F9B4,سید روح اللہ موسوی خمینی کی ولادت تیرہ سو بیس ہجری میں ایران کے شہر,سید روح اللہ موسوی خمینی کی ولادت تیرہ سو بیس ہجری میں ایران کے شہر,ur/ar,yes,SRC003 p.1 line 1101
VAR_DAE5DABC02,ENT_CF335FA9CD,سید ریحان حسین،,سید ریحان حسین،,ur/ar,yes,SRC003 p.1 line 1740
VAR_33D926FC06,ENT_F4EFE4C52D,سید زادے ہیں اور یہاں کے علما و مشايخ سے ملاقات کے لیے ايے ہیں۔,سید زادے ہیں اور یہاں کے علما و مشائخ سے ملاقات کے لیے آئے ہیں۔,ur/ar,yes,SRC003 p.1 line 1243
VAR_6874B13755,ENT_A49D440A4B,سید زاہد حسین،,سید زاہد حسین،,ur/ar,yes,SRC003 p.1 line 1738
VAR_0607908450,ENT_92228DBAE0,سید زین العابدین,سید زین العابدین,ur/ar,yes,SRC003 p.1 line 1456
VAR_89204615F6,ENT_C799AF7DCD,سید زین العابدین بن سید علم الدین سید علم الدین کے صاحبزادے سید زین العابدین,سید زین العابدین بن سید علم الدین سید علم الدین کے صاحبزادے سید زین العابدین,ur/ar,yes,SRC003 p.1 line 1554
VAR_CBC0FAC2B6,ENT_A7415E12FF,سید ساجد حسین،,سید ساجد حسین،,ur/ar,yes,SRC003 p.1 line 1739
VAR_21BD1261FC,ENT_3BE79259BD,سید ساجد علی سے کہا کہ جب ان سے بار بار پوچھا گیا کہ ان,سید ساجد علی سے کہا کہ جب ان سے بار بار پوچھا گیا کہ ان,ur/ar,yes,SRC003 p.1 line 1846
VAR_B121656194,ENT_D71FA17E1F,سید ساجد علی نقوی بن سید امید علی کے مطابق، جب حیدراباد میں مقیم دیگر,سید ساجد علی نقوی بن سید امید علی کے مطابق، جب حیدرآباد میں مقیم دیگر,ur/ar,yes,SRC003 p.1 line 1760
VAR_E0E91AC5B5,ENT_1ACB02D07A,سید ساجد علی نقوی کے مطابق، ان خاندانوں نے بیان کیا کہ جب ہجرت سادات,سید ساجد علی نقوی کے مطابق، اُن خاندانوں نے بیان کیا کہ جب ہجرت سادات,ur/ar,yes,SRC003 p.1 line 1894
VAR_961940AA6D,ENT_39C5FEFB0C,سید ساجد علی، اور سید امید علی نقوی کے داماد سید عرفان علی نقوی بخاری,سید ساجد علی، اور سید امید علی نقوی کے داماد سید عرفان علی نقوی بخاری,ur/ar,yes,SRC003 p.1 line 1691
VAR_DA396F3FD8,ENT_CB157FE65B,سید سراج الدین,سید سراج الدین,ur/ar,yes,SRC003 p.1 line 1445
VAR_46D3234FB4,ENT_D2C1E83AEE,سید سراج الدین عبد اللہ بن سید الکریم عبد الرحمن بن سید محمد اکبر بن,سید سراج الدین عبد اللہ بن سید الکریم عبد الرحمٰن بن سید محمد اکبر بن,ur/ar,yes,SRC003 p.1 line 875
VAR_4DF9D0431C,ENT_421EB367A5,سید سلطان احمد دیوروی قلعہ دیورہ کے مشہور بزرگ اس تسلسل سے معلوم ہوتا ہے,سید سلطان احمد دیوروی (قلعہ دیورہ کے مشہور بزرگ) اس تسلسل سے معلوم ہوتا ہے,ur/ar,yes,SRC003 p.1 line 1478
VAR_728DB2DF34,ENT_CDF85CF98F,سید سلطان جلال الدین حیدر سہروردی لاہوری کے نام سے بھی یاد کیا جاتا ہے،,سید سلطان جلال الدین حیدر سہروردی لاہوری کے نام سے بھی یاد کیا جاتا ہے،,ur/ar,yes,SRC003 p.1 line 1524
VAR_DB5961E8A1,ENT_6374611AD9,سید سلمان ذاکر علی عرف مانی بن سید نصیر علی بن سید محبت علی کے,سید سلمان ذاکر علی عرف مانی بن سید نصیر علی بن سید محبت علی کے,ur/ar,yes,SRC003 p.1 line 1726
VAR_3B98CFBA1B,ENT_05E2CF4F71,سید شا ہ زیب علی نے ترتیب دے کر یکجا کیا، کیونکہ وہ اپنے خاندان,سید شا ہ زیب علی نے ترتیب دے کر یکجا کیا، کیونکہ وہ اپنے خاندان,ur/ar,yes,SRC003 p.1 line 1873
VAR_B8B1D47C66,ENT_2E0266F95A,سید شارق علی کی تعلیم و تربیت میں سب سے زیادہ کردار ان کے والد,سید شارق علی کی تعلیم و تربیت میں سب سے زیادہ کردار ان کے والد,ur/ar,yes,SRC003 p.1 line 1873
VAR_8065A02878,ENT_B3ABCE04AF,سید شاکر علی اور ان کے روحانی جانشین حضرت حیدر علاو الدین چشتی سید شاکر,سید شاکر علی اور ان کے روحانی جانشین حضرت حیدر علاؤ الدین چشتی سید شاکر,ur/ar,yes,SRC003 p.1 line 1657
VAR_2E5A2F586A,ENT_2FC2FD78C1,سید شاکر علی اور سید ذاکر علی کی اصل درگاہ فیروزاباد میں کسی اور مقام,سید شاکر علی اور سید ذاکر علی کی اصل درگاہ فیروزآباد میں کسی اور مقام,ur/ar,yes,SRC003 p.1 line 1669
VAR_EB691CEFE0,ENT_95170B7372,سید شاکر علی اور سید ذاکر علی کی درگاہ فیروزاباد میں نہر یا دریا کے,سید شاکر علی اور سید ذاکر علی کی درگاہ فیروزآباد میں نہر یا دریا کے,ur/ar,yes,SRC003 p.1 line 1665
VAR_AD1F429123,ENT_EF755878E4,سید شاکر علی اور سید ذاکر علی کی قبریں ایک ہی مقام پر ہیں، جبکہ,سید شاکر علی اور سید ذاکر علی کی قبریں ایک ہی مقام پر ہیں، جبکہ,ur/ar,yes,SRC003 p.1 line 1667
VAR_035B7ACD73,ENT_45B00CCA77,سید شاکر علی اور سید ذاکر علی کی قبریں بتایا جاتا ہے، تاہم دو ہزار,سید شاکر علی اور سید ذاکر علی کی قبریں بتایا جاتا ہے، تاہم دو ہزار,ur/ar,yes,SRC003 p.1 line 1668
VAR_CBA31FDA73,ENT_41147016FC,سید شاکر علی اور سید ذاکر علی کی قبریں موجود ہیں تو وہ تاریخیں اس,سید شاکر علی اور سید ذاکر علی کی قبریں موجود ہیں تو وہ تاریخیں اس,ur/ar,yes,SRC003 p.1 line 1670
VAR_80F0AEFFFE,ENT_0ACCBE856A,سید شاکر علی بن سید امیر علی کا خانوادہ ال امیر یہ خانوادہ بھارت کے,سید شاکر علی بن سید امیر علی کا خانوادہ آلِ امیر: یہ خانوادہ بھارت کے,ur/ar,yes,SRC003 p.1 line 1322
VAR_10B69EFCAC,ENT_D2F3932A50,سید شاکر علی تاریخی اختلافات تاریخی حوالے اس بات کو مکمل طور پر ثابت نہیں,سید شاکر علی: تاریخی اختلافات تاریخی حوالے اس بات کو مکمل طور پر ثابت نہیں,ur/ar,yes,SRC003 p.1 line 1651
VAR_D66984CD84,ENT_DE90B4FD3C,سید شاکر علی تھے، ان کے صاحبزادے کا نام سید عاشق علی تھا، جن کے,سید شاکر علی تھے، ان کے صاحبزادے کا نام سید عاشق علی تھا، جن کے,ur/ar,yes,SRC003 p.1 line 1646
VAR_76F2FA9CA2,ENT_98941E66D3,سید شاکر علی سلسلہ چشتیہ وجلالیہ سے وابستہ تھے سلسلہ جلالیہ برصغیر کی صوفیانہ تاریخ,سید شاکر علی سلسلہ چشتیہ وجلالیہ سے وابستہ تھے سلسلہ جلالیہ برصغیر کی صوفیانہ تاریخ,ur/ar,yes,SRC003 p.1 line 1651
VAR_15FA2B85EF,ENT_54CBE92285,سید شاکر علی سے متعلق تمام روایات متفقہ طور پر درست بیان کی گيی ہیں,سید شاکر علی سے متعلق تمام روایات متفقہ طور پر درست بیان کی گئی ہیں,ur/ar,yes,SRC003 p.1 line 1672
VAR_380B04AAD8,ENT_7D3D38EC32,سید شاکر علی شاہ بن سید امیر علی شاہ سید حیدر شاہ بن سید قطب,سید شاکر علی شاہ بن سید امیر علی شاہ سید حیدر شاہ بن سید قطب,ur/ar,yes,SRC003 p.1 line 1650
VAR_CE75010C3B,ENT_D3F149CC40,سید شاکر علی شاہ بن سید امیر علی شاہ فیروز اباد میں دینی و روحانی,سید شاکر علی شاہ بن سید امیر علی شاہ فیروز آباد میں دینی و روحانی,ur/ar,yes,SRC003 p.1 line 1648
VAR_FA70AB3F67,ENT_6996F0EEE3,سید شاکر علی شاہ بن سید امیر علی شاہ کی اولاد و نسل سے ہیں،,سید شاکر علی شاہ بن سید امیر علی شاہ کی اولاد و نسل سے ہیں،,ur/ar,yes,SRC003 p.1 line 1833
VAR_D52ECB2276,ENT_A31C9802A2,سید شاکر علی شاہ صاحب کی درگاہ کہا جاتا تھا، سوايے سید جاوید علی بن,سید شاکر علی شاہ صاحب کی درگاہ کہا جاتا تھا، سوائے سید جاوید علی بن,ur/ar,yes,SRC003 p.1 line 1666
VAR_0EA3E11922,ENT_9527E5F1ED,سید شاکر علی شاہ فیروزابادی سے منسوب ہے خاندانی شجروں اور زبانی روایات کے مطابق,سید شاکر علی شاہ فیروزآبادی سے منسوب ہے خاندانی شجروں اور زبانی روایات کے مطابق,ur/ar,yes,SRC003 p.1 line 1585
VAR_3A82B4DCD4,ENT_F453FDD995,سید شاکر علی شاہ فیروزابادی کی نسل ہے، جبکہ دیگر صاحبزادوں کی اولاد کے بارے,سید شاکر علی شاہ فیروزآبادی کی نسل ہے، جبکہ دیگر صاحبزادوں کی اولاد کے بارے,ur/ar,yes,SRC003 p.1 line 1586
VAR_A539A1CC62,ENT_B8138AB619,سید شاکر علی شاہ نے فیروز اباد میں تبلیغ دین اور اہل بیت کی محبت,سید شاکر علی شاہ نے فیروز آباد میں تبلیغِ دین اور اہلِ بیت کی محبت,ur/ar,yes,SRC003 p.1 line 1648
VAR_3512642CC8,ENT_531580F058,سید شاکر علی شاہ کی بیٹیوں کے بارے میں مختلف روایات ملتی ہیں، جن میں,سید شاکر علی شاہ کی بیٹیوں کے بارے میں مختلف روایات ملتی ہیں، جن میں,ur/ar,yes,SRC003 p.1 line 1585
VAR_FD9EDBD47E,ENT_4205819634,سید شاکر علی شاہ کے ایک صاحبزادے سید عاشق علی تھے، جن کے ذریعے اس,سید شاکر علی شاہ کے ایک صاحبزادے سید عاشق علی تھے، جن کے ذریعے اس,ur/ar,yes,SRC003 p.1 line 1585
VAR_D1C2DF1D26,ENT_F3D3B60EE7,سید شاکر علی صوفی بزرگ کے طور پر نمایاں ہويے، جن کا سلسلہ ذہبیہ یا,سید شاکر علی صوفی بزرگ کے طور پر نمایاں ہوئے، جن کا سلسلۂ ذہبیہ یا,ur/ar,yes,SRC003 p.1 line 1597
VAR_BF32D428FA,ENT_48E2805319,سید شاکر علی فیروز ابادی جو چھوٹی تھی مگر اس کا عرس لازمی ہوتا تھا,سید شاکر علی فیروز آبادی جو چھوٹی تھی مگر اُس کا عرس لازمی ہوتا تھا,ur/ar,yes,SRC003 p.1 line 1671
VAR_3609366082,ENT_FD3831AF80,سید شاکر علی نے سلسلہ کو اپنایا اور صوفی ازم کے اصولوں کو عام کیا,سید شاکر علی نے سلسلہ کو اپنایا اور صوفی ازم کے اصولوں کو عام کیا,ur/ar,yes,SRC003 p.1 line 1795
VAR_CD3CCE7F3C,ENT_5F262A07B4,سید شاکر علی کس فقہ سے تھے، لیکن درج ذیل نکات کو مدنظر رکھا جا,سید شاکر علی کس فقہ سے تھے، لیکن درج ذیل نکات کو مدنظر رکھا جا,ur/ar,yes,SRC003 p.1 line 1651
VAR_A655AAB3E8,ENT_81DBA36055,سید شاکر علی کو شاہ صاحب فیروز ابادی کے نام سے بھی جانا جاتا تھا,سید شاکر علی کو شاہ صاحب فیروز آبادی کے نام سے بھی جانا جاتا تھا,ur/ar,yes,SRC003 p.1 line 1672
VAR_86537590A3,ENT_761B0A9B88,سید شاکر علی کی اخری زندگی اسی شہر میں گزری اور وہیں ان کی روحانی,سید شاکر علی کی آخری زندگی اسی شہر میں گزری اور وہیں ان کی روحانی,ur/ar,yes,SRC003 p.1 line 1626
VAR_750565F56A,ENT_E496849A0B,سید شاکر علی کی اصل درگاہ فیروز اباد میں، چاہے جس مقام پر بھی ہو،,سید شاکر علی کی اصل درگاہ فیروز آباد میں، چاہے جس مقام پر بھی ہو،,ur/ar,yes,SRC003 p.1 line 1672
VAR_3FED2F9F18,ENT_3EB3D366E0,سید شاکر علی کی اولاد کو تلاش کیا اور سید امید علی کے کارخانے، پکا,سید شاکر علی کی اولاد کو تلاش کیا اور سید اُمید علی کے کارخانے، پکا,ur/ar,yes,SRC003 p.1 line 1796
VAR_FF69ACCB10,ENT_A427D29422,سید شاکر علی کی درگاہ پر ہوتا تھا، جہاں قریب میں ایک اور درگاہ ہے,سید شاکر علی کی درگاہ پر ہوتا تھا، جہاں قریب میں ایک اور دَرگاہ ہے,ur/ar,yes,SRC003 p.1 line 1671
VAR_EEF44A0197,ENT_5E9C17B1E3,سید شاکر علی کی زندگی کا زیادہ تر حصہ فیروزاباد سے جڑا دکھايی دیتا ہے,سید شاکر علی کی زندگی کا زیادہ تر حصہ فیروزآباد سے جڑا دکھائی دیتا ہے,ur/ar,yes,SRC003 p.1 line 1626
VAR_1E5F469D22,ENT_9FAAB33860,سید شاکر علی کی قبر کو درگاہ تک کے سفر میں گامزن کر دیا تھا،,سید شاکر علی کی قبر کو درگاہ تک کے سفر میں گامزن کر دیا تھا،,ur/ar,yes,SRC003 p.1 line 1658
VAR_5B83EF0F15,ENT_6D613EFA3B,سید شاکر علی کی قبر کے ساتھ ان کے بھايی سید ذاکر علی کی قبر,سید شاکر علی کی قبر کے ساتھ ان کے بھائی سید ذاکر علی کی قبر,ur/ar,yes,SRC003 p.1 line 1663
VAR_38C33889E8,ENT_959D88FF0D,سید شاکر علی کی نسل اج پاکستان کے مختلف شہروں میں اباد ہے، جبکہ ہندوستان,سید شاکر علی کی نسل آج پاکستان کے مختلف شہروں میں آباد ہے، جبکہ ہندوستان,ur/ar,yes,SRC003 p.1 line 1667
VAR_E10817D5EA,ENT_BF77901666,سید شاکر علی کی نسل اگرہ ہنگ منڈی میں سکونت اختیار کر چکی تھی، لیکن,سید شاکر علی کی نسل آگرہ ہنگ منڈی میں سکونت اختیار کر چکی تھی، لیکن,ur/ar,yes,SRC003 p.1 line 1667
VAR_5A2B02043F,ENT_3D2221FE2C,سید شاکر علی کی وفات کے بعد ان کے عقیدت مندوں کی امد و رفت,سید شاکر علی کی وفات کے بعد ان کے عقیدت مندوں کی آمد و رفت,ur/ar,yes,SRC003 p.1 line 1659
VAR_999B24FE0A,ENT_D93D564165,سید شاکر علی کے بارے میں گہرا علم رکھتے تھے، کیونکہ اس وقت صرف تین,سید شاکر علی کے بارے میں گہرا علم رکھتے تھے، کیونکہ اس وقت صرف تین,ur/ar,yes,SRC003 p.1 line 1667
VAR_36D9FA5972,ENT_F8A3FD2FFE,سید شاکر علی کے بعد سے ختم ہويی۔,سید شاکر علی کے بعد سے ختم ہوئی۔,ur/ar,yes,SRC003 p.1 line 1846
VAR_2661FD543B,ENT_EDE50705ED,سید شاکر علی کے بیٹے، سید عاشق علی بھی اس موقع پر موجود تھے۔,سید شاکر علی کے بیٹے، سید عاشق علی بھی اس موقع پر موجود تھے۔,ur/ar,yes,SRC003 p.1 line 1658
VAR_24AEA79876,ENT_51F376B5BB,سید شاکر علی کے جدعظیم بزرگ حضرت سید جلال الدین سرخ پوش بخاری متوفی,سید شاکر علی کے جدعظیم بزرگ حضرت سید جلال الدین سرخ پوش بخاری متوفی,ur/ar,yes,SRC003 p.1 line 1651
VAR_50F792D8E5,ENT_3B8ABCF155,سید شاکر علی کے خاص مریدین اور چہیتے شاگردوں میں حضرت حیدر علاو الدین چشتی,سید شاکر علی کے خاص مریدین اور چہیتے شاگردوں میں حضرت حیدر علاؤ الدین چشتی,ur/ar,yes,SRC003 p.1 line 1658
VAR_DABC1A06CA,ENT_DDE03FEBC3,سید شاکر علی کے ساتھ رہے اور ان کی تعلیمات کو زندہ رکھا اور یہی,سید شاکر علی کے ساتھ رہے اور ان کی تعلیمات کو زندہ رکھا اور یہی,ur/ar,yes,SRC003 p.1 line 1658
VAR_E6874D28BE,ENT_8C190EFA0A,سید شاکر علی کے فرزند تھے، اور اپ کے اندر بھی ایک پاکیزہ کردار کی,سید شاکر علی کے فرزند تھے، اور آپ کے اندر بھی ایک پاکیزہ کردار کی,ur/ar,yes,SRC003 p.1 line 1674
VAR_E91EF98EDA,ENT_E058E54DCD,سید شاکر علی کے مزار کے قریب دفن کیا گیا۔,سید شاکر علی کے مزار کے قریب دفن کیا گیا۔,ur/ar,yes,SRC003 p.1 line 1661
VAR_2C26C3F2BA,ENT_EDAAEEB792,سید شاکر علی کے پوتے کو اپنی دوسری بیوی کے ہمراہ قتل کر دیا گیا,سید شاکر علی کے پوتے کو اپنی دوسری بیوی کے ہمراہ قتل کر دیا گیا,ur/ar,yes,SRC003 p.1 line 1664
VAR_F74065C498,ENT_1930F647EE,سید شاکر علی کے چاہنے والوں نے سید عاشق علی سے روحانی فیض حاصل کرنا,سید شاکر علی کے چاہنے والوں نے سید عاشق علی سے روحانی فیض حاصل کرنا,ur/ar,yes,SRC003 p.1 line 1675
VAR_B0F610F480,ENT_364D833CA2,سید شاکر علی یا ان کی اولاد کا اس عقیدے سے کويی تعلق نہیں تھا،,سید شاکر علی یا ان کی اولاد کا اس عقیدے سے کوئی تعلق نہیں تھا،,ur/ar,yes,SRC003 p.1 line 1655
VAR_6211024FFF,ENT_701D94B1EC,سید شاہ زیب علی نقوی زیر اہتمام علمی و ادبی تنظیم جگنو انٹرنیشنل لاہور چیف,سید شاہ زیب علی نقوی زیر اہتمام : علمی و ادبی تنظیم جگنو انٹرنیشنل لاہور چیف,ur/ar,yes,SRC003 p.1 line 3
VAR_AB89CBE8D1,ENT_5D678AFACA,سید شاہ زیب علی ہی کو مستند اور قابل اعتماد تسلیم کیا جاتا ہے اور,سید شاہ زیب علی ہی کو مستند اور قابلِ اعتماد تسلیم کیا جاتا ہے اور,ur/ar,yes,SRC003 p.1 line 1776
VAR_445831C5D9,ENT_55409D5F3C,سید شاہ زین علی نے اسی تعلیمی ادارے میں ابتدا ہی سے مسجد کے نظام,سید شاہ زین علی نے اسی تعلیمی ادارے میں ابتدا ہی سے مسجد کے نظام,ur/ar,yes,SRC003 p.1 line 1851
VAR_C7B22DE28E,ENT_87F4991EED,سید شاہ نظام بن سید زین العابدین بن سید علم الدین بن سید جلال الدین,سید شاہ نظام بن سید زین العابدین بن سید علم الدین بن سید جلال الدین,ur/ar,yes,SRC003 p.1 line 1646
VAR_0EAE31BA21,ENT_BE6A306101,سید شاہ نظام بن سید زین العابدین سید شاہ نظام، سید زین العابدین کے صاحبزادے,سید شاہ نظام بن سید زین العابدین سید شاہ نظام، سید زین العابدین کے صاحبزادے,ur/ar,yes,SRC003 p.1 line 1556
VAR_86605B5ABA,ENT_3F199458EB,سید شاہزین علی نقوی ایک بہترین حافظ قران بنے اور کراچی سے دینی تعلیم حاصل,سید شاہزین علی نقوی ایک بہترین حافظِ قرآن بنے اور کراچی سے دینی تعلیم حاصل,ur/ar,yes,SRC003 p.1 line 1851
VAR_D5057DB603,ENT_241E34FE5F,سید شاہزین علی نے ان میں سے کسی کام کو ذریعہ معاش نہیں بنایا وہ,سید شاہزین علی نے ان میں سے کسی کام کو ذریعہ معاش نہیں بنایا وہ,ur/ar,yes,SRC003 p.1 line 1852
VAR_89ED081DE2,ENT_B093BE1F0D,سید شباب علی بن سید محبت علی کا ایک بیٹا ہے سید سجاد علی اور,سید شباب علی بن سید محبت علی کا ایک بیٹا ہے: سید سجاد علی اور,ur/ar,yes,SRC003 p.1 line 1749
VAR_C68A63CD26,ENT_3A0EBE7811,سید شرف الدین,سید شرف الدین,ur/ar,yes,SRC003 p.1 line 1439
VAR_CFD561F505,ENT_3E81EBA54D,سید شرف الدین شاہ بن سید شمس الدین شاہ بن سید جہانگیر شاہ بن سید,سید شرف الدین شاہ بن سید شمس الدین شاہ بن سید جہانگیر شاہ بن سید,ur/ar,yes,SRC003 p.1 line 1646
VAR_D5E5218B99,ENT_5102D68533,سید شرف الدین شاہ بن سید شمس الدین شاہ سید شرف الدین شاہ کے صاحبزادے,سید شرف الدین شاہ بن سید شمس الدین شاہ سید شرف الدین شاہ کے صاحبزادے,ur/ar,yes,SRC003 p.1 line 1572
VAR_43DB260D49,ENT_8333B24E6E,سید شریف اور سید محبت علی کے زیدی، جعفری، رضوی، نقوی سرسی اور نقوی بخاری,سید شریف اور سید محبت علی کے زیدی، جعفری، رضوی، نقوی سرسی اور نقوی بخاری,ur/ar,yes,SRC003 p.1 line 1884
VAR_3F4DC8367E,ENT_4111616626,سید شریف رضوی المعروف شریف چچا کی اولاد و نسل نے یہ بھی بتایا کہ,سید شریف رضوی المعروف شریف چچا کی اولاد و نسل نے یہ بھی بتایا کہ,ur/ar,yes,SRC003 p.1 line 1884
VAR_2B75E62BF1,ENT_E06AC30FFF,سید شریف رضوی لکھنوی المعروف شریف چچا تھے سیدہ سعیدہ اور سید صابر کی دو,سید شریف رضوی لکھنوی المعروف شریف چچا تھے سیدہ سعیدہ اور سید صابر کی دو,ur/ar,yes,SRC003 p.1 line 1722
VAR_1475BD4F47,ENT_153A581309,سید شریف رضوی لکھنوی، سید محمد جعفری، اور سید محبت علی کے داماد سید شاہد,سید شریف رضوی لکھنوی، سید محمد جعفری، اور سید محبت علی کے داماد سید شاہد,ur/ar,yes,SRC003 p.1 line 1692
VAR_C60821B7A6,ENT_88CFA5169C,سید شریف رضوی مرحوم کی نسل کے مطابق، سید امید علی کے وقت میں حراباد,سید شریف رضوی مرحوم کی نسل کے مطابق، سید امید علی کے وقت میں حِرآباد,ur/ar,yes,SRC003 p.1 line 1890
VAR_799C1A9397,ENT_FD125B2E3F,سید شریف رضی نے مکتب اہل بیت کی ترجمانی کسی جدلی یا مناظرانہ انداز میں,سید شریف رضی نے مکتبِ اہلِ بیت کی ترجمانی کسی جدلی یا مناظرانہ انداز میں,ur/ar,yes,SRC003 p.1 line 1025
VAR_9292A35A0D,ENT_60B2905102,سید شریف رضی کا اصل نام محمد بن حسین بن موسی ہے۔,سید شریف رضی کا اصل نام محمد بن حسین بن موسی ہے۔,ur/ar,yes,SRC003 p.1 line 1027
VAR_F25ABE0862,ENT_F3202A5CCF,سید شریف رضی کی سب سے نمایاں خدمت امیرالمومنین امام علی کے خطبات، خطوط اور,سید شریف رضی کی سب سے نمایاں خدمت امیرالمؤمنین امام علی کے خطبات، خطوط اور,ur/ar,yes,SRC003 p.1 line 1023
VAR_79AB4A5EDB,ENT_605793DFE5,سید شریف رضی کی فکری و علمی خدمت سید شریف رضی مکتب اہل بیت کے,سید شریف رضی کی فکری و علمی خدمت سید شریف رضی مکتبِ اہلِ بیت کے,ur/ar,yes,SRC003 p.1 line 1020
VAR_9043C94B41,ENT_1FE53F585B,سید شریف رضی کے بڑے بھايی تھے۔,سید شریف رضی کے بڑے بھائی تھے۔,ur/ar,yes,SRC003 p.1 line 1018
VAR_229D9D54A5,ENT_8B184CC9C3,سید شریف مرتضی اور سید شریف رضی جیسی عظیم شخصیات شامل ہیں، جن کے ذریعے,سید شریف مرتضیٰ اور سید شریف رضی جیسی عظیم شخصیات شامل ہیں، جن کے ذریعے,ur/ar,yes,SRC003 p.1 line 1005
VAR_3321B037EC,ENT_DCF677CAC8,سید شریف مرتضی اور مکتب اہل بیت کی علمی قیادت سید شریف مرتضی مکتب اہل,سید شریف مرتضیٰ اور مکتبِ اہلِ بیت کی علمی قیادت سید شریف مرتضیٰ مکتبِ اہلِ,ur/ar,yes,SRC003 p.1 line 1009
VAR_637C3B37E6,ENT_BB58259E0F,سید شریف مرتضی نے ایسے ماحول میں مکتب اہل بیت کی نمايندگی کی جہاں مختلف,سید شریف مرتضیٰ نے ایسے ماحول میں مکتبِ اہلِ بیت کی نمائندگی کی جہاں مختلف,ur/ar,yes,SRC003 p.1 line 1012
VAR_ECBF25DF09,ENT_A3E519BF0E,سید شریف مرتضی نے مکتب اہل بیت کو کسی محدود حلقے تک مقید نہیں کیا,سید شریف مرتضیٰ نے مکتبِ اہلِ بیت کو کسی محدود حلقے تک مقید نہیں کیا,ur/ar,yes,SRC003 p.1 line 1015
VAR_291C16990C,ENT_D01381CF11,سید شریف مرتضی کے حقیقی بھايی تھے۔,سید شریف مرتضیٰ کے حقیقی بھائی تھے۔,ur/ar,yes,SRC003 p.1 line 1029
VAR_8E10B2D5F6,ENT_D5EB06885B,سید شریف مرتضی کے ہاں اہل بیت کی تعلیمات نہ صرف فقہی اور کلامی استدلال,سید شریف مرتضیٰ کے ہاں اہلِ بیت کی تعلیمات نہ صرف فقہی اور کلامی استدلال,ur/ar,yes,SRC003 p.1 line 1011
VAR_635108F082,ENT_430FBFB05F,سید شریف مرتضی، جنہیں علم الہدی کے لقب سے جانا جاتا ہے، چوتھی اور پانچویں,سید شریف مرتضیٰ، جنہیں علم الہدیٰ کے لقب سے جانا جاتا ہے، چوتھی اور پانچویں,ur/ar,yes,SRC003 p.1 line 1017
VAR_D3E1782F99,ENT_610AEA1812,سید شمس الدین بن سید نور شاہ بن سید محمود شاہ بن احمد شاہ بن,سید شمس الدین بن سید نور شاہ بن سید محمود شاہ بن احمد شاہ بن,ur/ar,yes,SRC003 p.1 line 896
VAR_7D148B2E0C,ENT_5DE14DCE70,سید شمس الدین شاہ بن سید جہانگیر شاہ سید شمس الدین شاہ کے صاحبزادگان میں,سید شمس الدین شاہ بن سید جہانگیر شاہ سید شمس الدین شاہ کے صاحبزادگان میں,ur/ar,yes,SRC003 p.1 line 1570
VAR_659FE16C2E,ENT_6A6204F408,سید شہاب الدین قاضی القضاۃ ہند,سید شہاب الدین (قاضی القضاۃ ہند,ur/ar,yes,SRC003 p.1 line 1438
VAR_DC1372B284,ENT_4703B061FB,سید شہاب الدین، سید علم الدین، سید شجاع، سید علی، سید جعفر ان صاحبزادگان کے,سید شہاب الدین، سید علم الدین، سید شجاع، سید علی، سید جعفر ان صاحبزادگان کے,ur/ar,yes,SRC003 p.1 line 1532
VAR_A6C5720034,ENT_1EA5B5863E,سید صابر رضوی سید حفیظ علی کے داماد بھی ہیں، اور سید شریف رضوی اور,سید صابر رضوی سید حفیظ علی کے داماد بھی ہیں، اور سید شریف رضوی اور,ur/ar,yes,SRC003 p.1 line 1843
VAR_4DE1855F76,ENT_0FEF50D790,سید صابر رضوی نے بھی دی، اور سید صابر رضوی کے بھايی سید حامد رضوی,سید صابر رضوی نے بھی دی، اور سید صابر رضوی کے بھائی سید حامد رضوی,ur/ar,yes,SRC003 p.1 line 1883
VAR_024CF5D928,ENT_DFFE533878,سید صابر رضوی کے تین بیٹے، جو سید حفیظ علی کے نواسے بھی ہیں، حیدراباد,سید صابر رضوی کے تین بیٹے، جو سید حفیظ علی کے نواسے بھی ہیں، حیدرآباد,ur/ar,yes,SRC003 p.1 line 1843
VAR_DCFB5D4B4D,ENT_61AA781616,سید صابر رضوی کے تینوں بیٹے ہیں سید اصغر رضوی جو کراچی و حیدراباد میں,سید صابر رضوی کے تینوں بیٹے ہیں سید اصغر رضوی جو کراچی و حیدرآباد میں,ur/ar,yes,SRC003 p.1 line 1882
VAR_403FB9F0E4,ENT_90F82DD5BE,سید صدر الدین شاہ، سید شرف الدین شاہ اور سید قطب شاہ شامل تھے۔,سید صدر الدین شاہ، سید شرف الدین شاہ اور سید قطب شاہ شامل تھے۔,ur/ar,yes,SRC003 p.1 line 1570
VAR_A36DB9B11F,ENT_CCB883F595,سید صفی الدین بخاری رحمتہ اللہ علیہ تھے، جو اوچ شریف کے سجادہ نشین اور,سید صفی الدین بخاری رحمتہ اللہ علیہ تھے، جو اوچ شریف کے سجادہ نشین اور,ur/ar,yes,SRC003 p.1 line 1527
VAR_B6D9EA298C,ENT_9F1A05ADD1,سید صفی الدین بن سید نظام الدین بن سید علیم الدین بن سید جلال الدین,سید صفی الدین بن سید نظام الدین بن سید علیم الدین بن سید جلال الدین,ur/ar,yes,SRC003 p.1 line 1646
VAR_75781D530D,ENT_053F56478C,سید صفی الدین بن سید نظام الدین سادات نقوی بخاری سجادہ نشین حضرت سید صفی,سید صفی الدین بن سید نظام الدین ساداتِ نقوی بخاری سجادہ نشین حضرت سید صفی,ur/ar,yes,SRC003 p.1 line 1512
VAR_AD5F00B554,ENT_65E04FD7C3,سید صفی الدین حضرت سید صفی الدین کے صاحبزادگان میں سید جلال الدین حیدر، حضرت,سید صفی الدین حضرت سید صفی الدین کے صاحبزادگان میں سید جلال الدین حیدر، حضرت,ur/ar,yes,SRC003 p.1 line 1523
VAR_B12CE61FFE,ENT_289C9A4FEC,سید صفی الدین سے نسب کا تذکرہ براہ راست موج دریا کی نسل تک لے,سید صفی الدین سے نسب کا تذکرہ براہِ راست موجِ دریا کی نسل تک لے,ur/ar,yes,SRC003 p.1 line 1540
VAR_728AFFB03B,ENT_36B84FE79A,سید صفی الدین کو صاحب تقوی، صاحب اثر اور معاملہ فہم بزرگ کے طور پر,سید صفی الدین کو صاحبِ تقویٰ، صاحبِ اثر اور معاملہ فہم بزرگ کے طور پر,ur/ar,yes,SRC003 p.1 line 1514
VAR_0CE684DE51,ENT_599FF490FB,سید صلاح الدین,سید صلاح الدین,ur/ar,yes,SRC003 p.1 line 1459
VAR_5C4BE1BE4A,ENT_AA41876F11,سید ضیاء الحسن بخاری، بخاری سادات کی علمی و روحانی خدمات، فیروزاباد، بیس,سید ضیاء الحسن بخاری، بخاری سادات کی علمی و روحانی خدمات، فیروزآباد، بیس,ur/ar,yes,SRC003 p.1 line 1868
VAR_6EB26335D2,ENT_9372719042,سید طیفور بعض نے تیمور بھی لکھا,سید طیفور (بعض نے تیمور بھی لکھا,ur/ar,yes,SRC003 p.1 line 1446
VAR_F63F4424CB,ENT_8F0B3B8298,سید عاشق علی ایک دین دار، سادہ اور نیک سیرت انسان تھے، جو سادات کے,سید عاشق علی ایک دین دار، سادہ اور نیک سیرت انسان تھے، جو سادات کے,ur/ar,yes,SRC003 p.1 line 1675
VAR_DF12C00B28,ENT_F35AA710DF,سید عاشق علی بن سید شاکر علی شاہ سادگی، تقوی اور روحانی وابستگی سید عاشق,سید عاشق علی بن سید شاکر علی شاہ سادگی، تقویٰ اور روحانی وابستگی سید عاشق,ur/ar,yes,SRC003 p.1 line 1673
VAR_FB3E1C1D4C,ENT_BB84B722E7,سید عاشق علی کی صاحبزادی اور سید نفیس علی کی ہمشیرہ تھیں ایک ایسے خاندان,سید عاشق علی کی صاحبزادی اور سید نفیس علی کی ہمشیرہ تھیں ایک ایسے خاندان,ur/ar,yes,SRC003 p.1 line 1680
VAR_0501E8D8CB,ENT_5466AF4180,سید عاشق علی کی وفات کا مقام فیروز اباد ذکر کیا جاتا ہے خاندانی روایت,سید عاشق علی کی وفات کا مقام فیروز آباد ذکر کیا جاتا ہے خاندانی روایت,ur/ar,yes,SRC003 p.1 line 1675
VAR_99F62CA57E,ENT_E3AE543B57,سید عاشق علی، اہل بیت کی محبت اور بارہ ايمہ کی عقیدت کے قايل و,سید عاشق علی، اہلِ بیت کی محبت اور بارہ آئمہ کی عقیدت کے قائل و,ur/ar,yes,SRC003 p.1 line 1677
VAR_E46994C8CC,ENT_AF8407F26C,سید عباس رحمۃ اللہ علیہ،,سید عباس رحمۃ اللہ علیہ،,ur/ar,yes,SRC003 p.1 line 802
VAR_8A2D9196F5,ENT_6B2BE8AB76,سید عبد اللہ بن سید یحیی الزاہد بن سید محمد بن سید داود بن سید,سید عبد اللہ بن سید یحییٰ الزاہد بن سید محمد بن سید داود بن سید,ur/ar,yes,SRC003 p.1 line 890
VAR_47D192F436,ENT_BE785B93DB,سید عبد اللہ ثانی بن سید موسی الجون بن سید عبد اللہ المحض بن امام,سید عبد اللہ ثانی بن سید موسیٰ الجون بن سید عبد اللہ المحض بن امام,ur/ar,yes,SRC003 p.1 line 890
VAR_88791745BD,ENT_4F861F45E6,سید عبدالباقی۔,سید عبدالباقی۔,ur/ar,yes,SRC003 p.1 line 1462
VAR_414ED4E055,ENT_821A51EC4F,سید عبدالحق,سید عبدالحق,ur/ar,yes,SRC003 p.1 line 1441
VAR_6B819CEA8B,ENT_0C2B05C35C,سید عبدالرزاق,سید عبدالرزاق,ur/ar,yes,SRC003 p.1 line 1442
VAR_6744A76A14,ENT_657A7E3689,سید عبدالعزیز,سید عبدالعزیز,ur/ar,yes,SRC003 p.1 line 1485
VAR_824A37046C,ENT_0417E1DACE,سید عبدالعزیز رحمۃ اللہ علیہ،,سید عبدالعزیز رحمۃ اللہ علیہ،,ur/ar,yes,SRC003 p.1 line 802
VAR_4EB39C145F,ENT_4757DDE435,سید عبداللہ بن علی الاصغر بن جعفر الزکی بن امام علی نقی بن امام محمد,سید عبداللہ بن علی الاصغر بن جعفر الزکی بن امام علی نقی بن امام محمد,ur/ar,yes,SRC003 p.1 line 834
VAR_ED407666BC,ENT_87843A1DC0,سید عبداللہ بن علی الاصغر تک پہنچاتے ہیں، جیسا کہ المعقبون، عمدة الطالب اور دیگر,سید عبداللہ بن علی الاصغر تک پہنچاتے ہیں، جیسا کہ المعقبون، عمدة الطالب اور دیگر,ur/ar,yes,SRC003 p.1 line 843
VAR_3FD65D9C49,ENT_16D2694ACD,سید عبداللہ رحمۃ اللہ علیہ،,سید عبداللہ رحمۃ اللہ علیہ،,ur/ar,yes,SRC003 p.1 line 802
VAR_3ABCADA9C7,ENT_B4258E585D,سید عبداللہ کا ذکر بھی ملتا ہے، جن کی اولاد عراق اور دیگر عرب علاقوں,سید عبداللہ کا ذکر بھی ملتا ہے، جن کی اولاد عراق اور دیگر عرب علاقوں,ur/ar,yes,SRC003 p.1 line 842
VAR_20774FBC49,ENT_0519738CD3,سید عبداللہ، سید احمد، سید محمود، سید محمد، سید جعفر، سید ابو الموید علی بخاری,سید عبداللہ، سید احمد، سید محمود، سید محمد، سید جعفر، سید ابو المؤید علی بخاری,ur/ar,yes,SRC003 p.1 line 824
VAR_3F4930F7F8,ENT_B3F0190811,سید عبدالوہاب,سید عبدالوہاب,ur/ar,yes,SRC003 p.1 line 1457
VAR_F990C091ED,ENT_AC3AD15F24,سید عبیداللہ رحمۃ اللہ علیہ،,سید عبیداللہ رحمۃ اللہ علیہ،,ur/ar,yes,SRC003 p.1 line 802
VAR_C3EAFC8B57,ENT_0DF7A24C9C,سید عدنان شاکر علی ، سید ناصر علی ، سید سلمان ذاکر علی اور ایک بیٹی سیدہ,سید عدنان شاکر علی ، سید ناصر علی ، سید سلمان ذاکر علی اور ایک بیٹی: سیدہ,ur/ar,yes,SRC003 p.1 line 1748
VAR_F7C768CAC0,ENT_4EC7BABD45,سید عرفان علی نقوی البخاری جو یہ ظاہر کرتا ہے کہ سید امیر علی کے,سید عرفان علی نقوی البخاری جو یہ ظاہر کرتا ہے کہ سید امیر علی کے,ur/ar,yes,SRC003 p.1 line 1754
VAR_4823CAE15C,ENT_BB1C6E377E,سید عرفان علی نقوی البخاری،,سید عرفان علی نقوی البخاری،,ur/ar,yes,SRC003 p.1 line 1765
VAR_27E18E9299,ENT_41E9B887C6,سید عرفان علی نقوی بخاری اوپر ایک ہی نسب سے ہیں سید امیر علی کے,سید عرفان علی نقوی بخاری اوپر ایک ہی نسب سے ہیں سید امیر علی کے,ur/ar,yes,SRC003 p.1 line 1760
VAR_A7A9F26099,ENT_191E738304,سید عرفان علی نقوی بخاری والے شکل و صورت، عادات اور جسمانی معاملات میں ایسے,سید عرفان علی نقوی بخاری والے شکل و صورت، عادات اور جسمانی معاملات میں ایسے,ur/ar,yes,SRC003 p.1 line 1764
VAR_84A4F6AAAB,ENT_A4D577E023,سید عرفان علی نقوی بخاری کا کہنا تھا کہ ہماری والدہ نے کافی پریشانی کے,سید عرفان علی نقوی بخاری کا کہنا تھا کہ ہماری والدہ نے کافی پریشانی کے,ur/ar,yes,SRC003 p.1 line 1764
VAR_711F946E1C,ENT_C769A65F4A,سید عرفان علی نقوی بخاری، خاندان حیراباد جعفری و نقوی بخاری حیدراباد، خاندان زیدی، خاندان,سید عرفان علی نقوی بخاری، خاندانِ حیرآباد جعفری و نقوی بخاری حیدرآباد، خاندانِ زیدی، خاندانِ,ur/ar,yes,SRC003 p.1 line 1880
VAR_E3A1D89539,ENT_94A24854F2,سید عرفان علی نقوی سے کر دی۔,سید عرفان علی نقوی سے کر دی۔,ur/ar,yes,SRC003 p.1 line 1763
VAR_37C7CF6B3E,ENT_D0406B7C9B,سید عرفان علی نقوی کے بڑے بھايی، سید محسن علی نقوی البخاری بھی اس بات,سید عرفان علی نقوی کے بڑے بھائی، سید محسن علی نقوی البخاری بھی اس بات,ur/ar,yes,SRC003 p.1 line 1762
VAR_3A41616D45,ENT_8EB045DAA9,سید علاء الدین,سید علاء الدین,ur/ar,yes,SRC003 p.1 line 1437
VAR_956DEB4934,ENT_893864D60E,سید علم الدین,سید علم الدین,ur/ar,yes,SRC003 p.1 line 1440
VAR_20DF389C46,ENT_B550BC215F,سید علم الدین اور ان کے صاحبزادے جو اپ کے پوتے سید زین العابدین کی,سید علم الدین اور ان کے صاحبزادے جو آپ کے پوتے سید زین العابدین کی,ur/ar,yes,SRC003 p.1 line 1533
VAR_E71AEB5115,ENT_A7CDD9CFA2,سید علم الدین اور جد امجد مخدوم جہانیاں کی سلوکی تربیت اور روحانی فیضان نے,سید علم الدین اور جدِ امجد مخدوم جہانیاں کی سلوکی تربیت اور روحانی فیضان نے,ur/ar,yes,SRC003 p.1 line 1483
VAR_B6CC1A5D6B,ENT_B3A56CE85F,سید علم الدین بخاری بن سید محمود نر ناصر الدین بن سید جلال الدین حسین,سید علم الدین بخاری بن سید محمود نر ناصر الدین بن سید جلال الدین حسین,ur/ar,yes,SRC003 p.1 line 1646
VAR_AB2F86CCF9,ENT_E769EF0D6A,سید علم الدین بن سید جلال الدین حیدر سید علم الدین حضرت سید جلال الدین,سید علم الدین بن سید جلال الدین حیدر سید علم الدین حضرت سید جلال الدین,ur/ar,yes,SRC003 p.1 line 1552
VAR_BEB2C50A06,ENT_9D2EBEB3B6,سید علم الدین رحمۃ اللہ علیہ کی نسل میں کيی علمی و روحانی شخصیات پیدا,سید علم الدین رحمۃ اللہ علیہ کی نسل میں کئی علمی و روحانی شخصیات پیدا,ur/ar,yes,SRC003 p.1 line 1478
VAR_FFDE1333C8,ENT_D297CD1179,سید علم الدین شاہ، سید بدر الدین شاہ، سید قطب شاہ اور سید رحمت شاہ,سید علم الدین شاہ، سید بدر الدین شاہ، سید قطب شاہ اور سید رحمت شاہ,ur/ar,yes,SRC003 p.1 line 1574
VAR_9CE6ED858A,ENT_559061F9DD,سید علم الدین کی اولاد کی شاخ نسبتا زیادہ منظم اور تسلسل کے ساتھ محفوظ,سید علم الدین کی اولاد کی شاخ نسبتاً زیادہ منظم اور تسلسل کے ساتھ محفوظ,ur/ar,yes,SRC003 p.1 line 1533
VAR_A00CD055A5,ENT_CB598DB7E0,سید علم الدین کی اولاد کے ذریعے سامنے اتی ہے۔,سید علم الدین کی اولاد کے ذریعے سامنے آتی ہے۔,ur/ar,yes,SRC003 p.1 line 1532
VAR_8FE0BFBCD9,ENT_025914B695,سید علی ابو المويید بخاری اور بعد ازاں حضرت سید جلال الدین سرخ پوش بخاری,سید علی ابو الموئید بخاری اور بعد ازاں حضرت سید جلال الدین سرخ پوش بخاری,ur/ar,yes,SRC003 p.1 line 1163
VAR_1BFDBBE03B,ENT_7AA62BC0A5,سید علی ابو المويید بخاری کی علمی و روحانی تربیت فرمايی بلکہ سادات بخاریہ کی,سید علی ابو الموئید بخاری کی علمی و روحانی تربیت فرمائی بلکہ ساداتِ بخاریہ کی,ur/ar,yes,SRC003 p.1 line 1170
VAR_9DAD9D8AE5,ENT_9C829B7C61,سید علی ابو المويید بخاری کے والد تھے۔,سید علی ابو الموئید بخاری کے والد تھے۔,ur/ar,yes,SRC003 p.1 line 1167
VAR_E63BB07A5B,ENT_17BFAB8082,سید علی اصغر بن سید جعفر ثانی بن حضرت امام علی نقی علیہ السلام۔,سید علی اصغر بن سید جعفر ثانی بن حضرت امام علی نقی علیہ السلام۔,ur/ar,yes,SRC003 p.1 line 858
VAR_39BD5D0759,ENT_804676D721,سید علی المعید دادا سید جعفر محمد حسین ابتدايی تعلیم اپنے والد سے حاصل کی،,سید علی المعید دادا: سید جعفر محمد حسین ابتدائی تعلیم اپنے والد سے حاصل کی،,ur/ar,yes,SRC003 p.1 line 1193
VAR_5A716A3FB8,ENT_632ABCCE08,سید علی الموید بن سید جعفر بن سید محمد بن محمود بن احمد بن عبد,سید علی المؤید بن سید جعفر بن سید محمد بن محمود بن احمد بن عبد,ur/ar,yes,SRC003 p.1 line 923
VAR_76BD9B4684,ENT_35B2E9BE73,سید علی الموید بن سید جلال الدین قتال بن سید شاہاب الدین بن علی اصغر,سید علی الموید بن سید جلال الدین قتال بن سید شاہاب الدین بن علی اصغر,ur/ar,yes,SRC003 p.1 line 1347
VAR_F5B768A9FE,ENT_4C36BAF82D,سید علی بن سید جعفر بن سید باقر بن سید محمد بن سید علی بن,سید علی بن سید جعفر بن سید باقر بن سید محمد بن سید علی بن,ur/ar,yes,SRC003 p.1 line 875
VAR_4598449D60,ENT_3E7D9DBAEF,سید علی بن سید جعفر بن سید محمد بن سید محمود,سید علی بن سید جعفر بن سید محمد بن سید محمود,ur/ar,yes,SRC003 p.1 line 1372
VAR_81E648B8DD,ENT_69C63BCA57,سید علی حسینی خامنہ,سید علی حسینی خامنہ,ur/ar,yes,SRC003 p.1 line 1106; SRC003 p.1 line 1109; SRC003 p.1 line 1132
VAR_0C4A1DBBE3,ENT_FB423D8140,سید علی عرب نقوی سرسی برصغیر کے شیعہ سادات اور اہل علم میں شمار ہوتے,سید علی عرب نقوی سرسی برصغیر کے شیعہ سادات اور اہلِ علم میں شمار ہوتے,ur/ar,yes,SRC003 p.1 line 1078
VAR_A24F4B748B,ENT_63CA30C566,سید علی عرب نقوی سرسی کا شمار ان علماء میں ہوتا ہے جنہوں نے مکتب,سید علی عرب نقوی سرسی کا شمار اُن علماء میں ہوتا ہے جنہوں نے مکتبِ,ur/ar,yes,SRC003 p.1 line 1073
VAR_A2FDA10059,ENT_EF9EA82B8B,سید علی عرب نقوی سرسی کی شخصیت مکتب اہل بیت کے اس تسلسل کی نمايندہ,سید علی عرب نقوی سرسی کی شخصیت مکتبِ اہلِ بیت کے اُس تسلسل کی نمائندہ,ur/ar,yes,SRC003 p.1 line 1076
VAR_1CE7485913,ENT_24FF59CB97,سید علی عرب نقوی نیشاپوری سرسی تاریخی پس منظر اور تشیع سے نسبت سید علی,سید علی عرب نقوی نیشاپوری سرسی: تاریخی پس منظر اور تشیّع سے نسبت سید علی,ur/ar,yes,SRC003 p.1 line 1070
VAR_2FAB6DF5C6,ENT_AA1D5540E7,سید علی عرب ہیں جن کا شجرہ نسب سید محمد بن امام علی النقی علیہ,سید علی عرب ہیں جن کا شجرہ نسَب سید محمد بن امام علی النقی علیہ,ur/ar,yes,SRC003 p.1 line 1903
VAR_F7AA35FFE7,ENT_B995CFC280,سید علی نقوی البخاری ان سب نے ابتدا میں جوتوں کے کام کو ہی بطور,سید علی نقوی البخاری ان سب نے ابتدا میں جوتوں کے کام کو ہی بطور,ur/ar,yes,SRC003 p.1 line 1765
VAR_3CF14BF74F,ENT_CB2F6BC1CC,سید علی نقی نقوی صاحب نے اس خانوادے کو عالمی سطح پر پہچان دی یہ,سید علی نقی نقوی صاحب نے اس خانوادے کو عالمی سطح پر پہچان دی یہ,ur/ar,yes,SRC003 p.1 line 1909
VAR_1C55639BD4,ENT_7C7454C2D1,سید علی نقی نقوی نقن اور لکھنو میں مکتب تشیع کی فکری و علمی تجدید,سید علی نقی نقوی (نقن) اور لکھنؤ میں مکتبِ تشیّع کی فکری و علمی تجدید,ur/ar,yes,SRC003 p.1 line 1081
VAR_5B86826A43,ENT_6634F4E4DE,سید علی نقی نقوی نقن برصغیر، بالخصوص لکھنو، میں مکتب تشیع کے ان نمایاں علماء,سید علی نقی نقوی (نقن) برصغیر، بالخصوص لکھنؤ، میں مکتبِ تشیّع کے اُن نمایاں علماء,ur/ar,yes,SRC003 p.1 line 1081
VAR_F2B9873247,ENT_330FC9B8D7,سید علی نقی نقوی نقن بیسویں صدی کے ممتاز عالم، محقق اور مصنف تھے۔,سید علی نقی نقوی (نقن) بیسویں صدی کے ممتاز عالم، محقق اور مصنف تھے۔,ur/ar,yes,SRC003 p.1 line 1089
VAR_4712B90448,ENT_7C09F31DA4,سید علی نقی نقوی نے مکتب کی خدمت کو محض وعظ یا روایت تک محدود,سید علی نقی نقوی نے مکتب کی خدمت کو محض وعظ یا روایت تک محدود,ur/ar,yes,SRC003 p.1 line 1087
VAR_A97D7E51CD,ENT_439FA7E9F4,سید علی نقی نقوی کی تحریروں اور خطابات میں مکتب اہل بیت ایک زندہ، معقول,سید علی نقی نقوی کی تحریروں اور خطابات میں مکتبِ اہلِ بیت ایک زندہ، معقول,ur/ar,yes,SRC003 p.1 line 1084
VAR_636CB44E6A,ENT_F8EDBE970D,سید علی ہجویری ، سیر اعلام النبلاء امام ذہبی ۔,سید علی ہجویری)، سیر اعلام النبلاء (امام ذہبی)۔,ur/ar,yes,SRC003 p.1 line 814
VAR_8954771FC8,ENT_BBE34EC133,سید علی، کو اپ نے اپنی بہن کو گود دے دیا تھا، جن کے شوہر,سید علی، کو آپ نے اپنی بہن کو گود دے دیا تھا، جن کے شوہر,ur/ar,yes,SRC003 p.1 line 1752
VAR_F0DDDBD932,ENT_2FF270618D,سید علیم الدی,سید علیم الدی,ur/ar,yes,SRC003 p.1 line 1485
VAR_E319398DAF,ENT_E74BE6043D,سید علیم الدین کے صاحبزادگان درج ذیل ہیں,سید علیم الدین کے صاحبزادگان درج ذیل ہیں,ur/ar,yes,SRC003 p.1 line 1486
VAR_FFB5EE9E58,ENT_892BE4DDF1,سید عیسی,سید عیسیٰ,ur/ar,yes,SRC003 p.1 line 1444
VAR_423675946F,ENT_FD92E0BE22,سید عیسی المجد رحمۃ اللہ علیہ،,سید عیسیٰ المجد رحمۃ اللہ علیہ،,ur/ar,yes,SRC003 p.1 line 802
VAR_B637D56D5C,ENT_93219F1EC0,سید غیاث ا,سید غیاث ا,ur/ar,yes,SRC003 p.1 line 1604
VAR_16E44CE823,ENT_88794F303F,سید غیاث الدین تاجر، زاہد و متقی والدہ بی بی سیدہ ماہ نور صالحہ و,سید غیاث الدین تاجر، زاہد و متقی والدہ: بی بی سیدہ ماہ نور صالحہ و,ur/ar,yes,SRC003 p.1 line 875
VAR_B5A8276A95,ENT_05A7CCD416,سید فرحان حسین اور تین بیٹیاں ہیں,سید فرحان حسین اور تین بیٹیاں ہیں,ur/ar,yes,SRC003 p.1 line 1741
VAR_51D46E317D,ENT_CE3590C986,سید فرخ حسین تھے چند سال بعد معلوم ہوا کہ وہ خاندان کراچی میں کہیں,سید فرّخ حسین تھے چند سال بعد معلوم ہوا کہ وہ خاندان کراچی میں کہیں,ur/ar,yes,SRC003 p.1 line 1886
VAR_D77C3FD293,ENT_DFDD99A9AD,سید فرخ حسین لے گيے تھےگزشتہ,سید فرّخ حسین لے گئے تھےگزشتہ,ur/ar,yes,SRC003 p.1 line 1671
VAR_C29A128805,ENT_418BF646AB,سید فرخ حسین کا گھرانہ تھا، وہ کچا قلعہ قدم گاہ سے نیچے کی طرف,سید فرّخ حسین کا گھرانہ تھا، وہ کچا قلعہ قدم گاہ سے نیچے کی طرف,ur/ar,yes,SRC003 p.1 line 1885
VAR_FC2E36D480,ENT_6A6A4EA516,سید فرخ حسین کے بارے میں دیگر سادات حکیموں اور ان کی نسلوں سے رابطے,سید فرخ حسین کے بارے میں دیگر سادات حکیموں اور ان کی نسلوں سے رابطے,ur/ar,yes,SRC003 p.1 line 1760
VAR_54475F67C3,ENT_F795D3FA55,سید فرزند علی اور سید اکبر علی۔,سید فرزند علی اور سید اکبر علی۔,ur/ar,yes,SRC003 p.1 line 1577
VAR_C257743182,ENT_B6BD56DB70,سید فروخ حسین، اور بہت سے چھوٹے گھرانے سادات جو چند افراد پر مشتمل تھے،,سید فروخ حسین، اور بہت سے چھوٹے گھرانۓ سادات جو چند افراد پر مشتمل تھے،,ur/ar,yes,SRC003 p.1 line 1880
VAR_770A23FD0E,ENT_EB2DD9A61A,سید فرید الدین ابو الفتح,سید فرید الدین ابو الفتح,ur/ar,yes,SRC003 p.1 line 1486
VAR_DD8B932B89,ENT_870072BFD2,سید فیض اللہ جن کے صاحبزادے سید عبدالدین بخاری احمد ابادی ہويے,سید فیض اللہ (جن کے صاحبزادے سید عبدالدین بخاری احمد آبادی ہوئے,ur/ar,yes,SRC003 p.1 line 1443
VAR_BAD41AD3D6,ENT_1A9C837AA9,سید قدیر علی اور سید شاہ زیب علی کے مابین خاندان سے متعلق گفتگو ہويی,سید قدیر علی اور سید شاہ زیب علی کے مابین خاندان سے متعلق گفتگو ہوئی,ur/ar,yes,SRC003 p.1 line 1728
VAR_0A72FF264E,ENT_7793BFD346,سید قدیر علی اور والدہ بنت محراب شیخ کا ر,سید قدیر علی اور والدہ بنتِ محراب شیخ کا ر,ur/ar,yes,SRC003 p.1 line 1873
VAR_1DB16A9248,ENT_92AB648852,سید قدیر علی نقوی نے اپنی اولاد کو اچھی دینی اور دنیاوی تعلیم سے اراستہ,سید قدیر علی نقوی نے اپنی اولاد کو اچھی دینی اور دنیاوی تعلیم سے آراستہ,ur/ar,yes,SRC003 p.1 line 1851
VAR_27FEAED78B,ENT_F36CEF5E74,سید قدیر علی نقوی، سید امیر علی نقوی، سید ماجد علی نقوی، سید ساجد علی,سید قدیر علی نقوی، سید امیر علی نقوی، سید ماجد علی نقوی، سید ساجد علی,ur/ar,yes,SRC003 p.1 line 1756
VAR_45B04733A9,ENT_5765B19E18,سید قدیر علی نے اپنے دوسرے بیٹے، سید شاہ زین علی نقوی کو حافظ قران,سید قدیر علی نے اپنے دوسرے بیٹے، سید شاہ زین علی نقوی کو حافظِ قرآن,ur/ar,yes,SRC003 p.1 line 1851
VAR_8FC8BE5F43,ENT_1A558C23BE,سید قدیر علی نے بھی اپنے کنبے کی ذمہ داری اٹھايی دوسرے بیٹے سید امیر,سید قدیر علی نے بھی اپنے کنبے کی ذمہ داری اٹھائی دوسرے بیٹے سید امیر,ur/ar,yes,SRC003 p.1 line 1771
VAR_FFD9FDBCB1,ENT_1914234A4B,سید قدیر علی کراچی میں اباد ہیں اور اپ کے چار بیٹے ہويے سید شاہ,سید قدیر علی کراچی میں آباد ہیں اور آپ کے چار بیٹے ہوئے: سیّد شاہ,ur/ar,yes,SRC003 p.1 line 1756
VAR_7806639462,ENT_C95C16E00A,سید قدیر علی کی اولاد اور ماہرین انساب کو اور مکتب امامیہ جن سے تصدیق,سید قدیر علی کی اولاد اور ماہرینِ انساب کو اور مکتبِ امامیہ جن سے تصدیق,ur/ar,yes,SRC003 p.1 line 1837
VAR_3A95100F34,ENT_E357AF6193,سید قدیر علی کے بیان کے مطابق بھی، اس بڑے گروہ میں بارہ سو سے,سید قدیر علی کے بیان کے مطابق بھی، اس بڑے گروہ میں بارہ سو سے,ur/ar,yes,SRC003 p.1 line 1893
VAR_4E9E770CF6,ENT_42F6A482DA,سید قدیر علی کے دوسرے بیٹے جنہیں والدین نے قران حفظ کرنے کی سعادت بخشی,سید قدیر علی کے دوسرے بیٹے جنہیں والدین نے قرآن حفظ کرنے کی سعادت بخشی,ur/ar,yes,SRC003 p.1 line 1873
VAR_C776D33BDA,ENT_DB5D129FC2,سید قدیر علی کے دیگر بیٹوں نے بھی اسی مسجد سے دینی تعلیم حاصل کی,سید قدیر علی کے دیگر بیٹوں نے بھی اسی مسجد سے دینی تعلیم حاصل کی,ur/ar,yes,SRC003 p.1 line 1851
VAR_5BB2DE7724,ENT_ACCBA23CDB,سید قدیر علی کے گھر پہنچے اس ملاقات کے دوران سید محسن علی اور سید,سید قدیر علی کے گھر پہنچے اس ملاقات کے دوران سید محسن علی اور سید,ur/ar,yes,SRC003 p.1 line 1726
VAR_F12054AF1F,ENT_49EE08218B,سید قطب الدین,سید قطب الدین,ur/ar,yes,SRC003 p.1 line 1450
VAR_2F1D7A9FF8,ENT_6A9D1E2297,سید قطب الدین مودود چشتی رحمۃ اللہ علیہ ہیں، جن کی روحانی عظمت، نسبی شرافت,سید قطب الدین مودود چشتی رحمۃ اللہ علیہ ہیں، جن کی روحانی عظمت، نسبی شرافت,ur/ar,yes,SRC003 p.1 line 852
VAR_818FF4D64C,ENT_60EF22C8E4,سید قطب شاہ بن سید کبیر شاہ سید قطب شاہ کے صاحبزادے سید حیدر شاہ,سید قطب شاہ بن سید کبیر شاہ سید قطب شاہ کے صاحبزادے سید حیدر شاہ,ur/ar,yes,SRC003 p.1 line 1581
VAR_878DA42BE9,ENT_C0B1F9748E,سید قطب کمال بن سید علی المعید بن سید جعفر بن سید محمد بخاری بن,سید قطب کمال بن سید علی المعید بن سید جعفر بن سید محمد بخاری بن,ur/ar,yes,SRC003 p.1 line 1646
VAR_972A763760,ENT_84E937B7A5,سید قمر الدین شاہ بن سید کبیر شاہ سید قمر الدین شاہ کے دو صاحبزادے,سید قمر الدین شاہ بن سید کبیر شاہ سید قمر الدین شاہ کے دو صاحبزادے,ur/ar,yes,SRC003 p.1 line 1577
VAR_16DAFE3553,ENT_B52070D195,سید قمر عباس اعرجی ہمدانی,سید قمر عباس اعرجی ہمدانی,ur/ar,yes,SRC003 p.1 line 832
VAR_98F85F5DED,ENT_48C28BABFB,سید قمر علی اور ان کی نسل کو ان کے خاندانی پس منظر کے باعث,سید قمر علی اور ان کی نسل کو ان کے خاندانی پس منظر کے باعث,ur/ar,yes,SRC003 p.1 line 1725
VAR_3380328DEE,ENT_63D9DD247F,سید قمر علی بن سید حفیظ علی، کا پتہ دے دیا جو کراچی میں مقیم,سید قمر علی بن سید حفیظ علی، کا پتہ دے دیا جو کراچی میں مقیم,ur/ar,yes,SRC003 p.1 line 1855
VAR_F3C44AF745,ENT_9A61B55134,سید قمر علی نقوی البخاری،,سید قمر علی نقوی البخاری،,ur/ar,yes,SRC003 p.1 line 1765
VAR_74258A436A,ENT_65A7741E4A,سید قمر علی نے اپنے خاندانی اور اہل بیت سے جڑے روایتی مسلک کے برخلاف,سید قمر علی نے اپنے خاندانی اور اہلِ بیت سے جڑے روایتی مسلک کے برخلاف,ur/ar,yes,SRC003 p.1 line 1724
VAR_11F7CF2491,ENT_191FDE634F,سید قمر علی کسی رنجش کے باعث کھانے پر نہ ايے، تو سید امید علی,سید قمر علی کسی رنجش کے باعث کھانے پر نہ آئے، تو سید امید علی,ur/ar,yes,SRC003 p.1 line 1770
VAR_81B74341E8,ENT_4DDE395E0A,سید قمر علی کی جانب سے اس معاملے پر کیا ردعمل دیا گیا، اس کی,سید قمر علی کی جانب سے اس معاملے پر کیا ردعمل دیا گیا، اس کی,ur/ar,yes,SRC003 p.1 line 1855
VAR_B96DC00DB0,ENT_F0AA73DD0F,سید قمر علی کے اعتقادی انحراف اور متنازعہ طرز حیات کی بنا پر ان کی,سید قمر علی کے اعتقادی انحراف اور متنازعہ طرزِ حیات کی بنا پر ان کی,ur/ar,yes,SRC003 p.1 line 1727
VAR_A4F1E88D85,ENT_A89D645CD7,سید قمر علی کے بیٹے شجرہ طلب کر رہے ہیں، تو انہیں وہی خاندانی موقف,سید قمر علی کے بیٹے شجرہ طلب کر رہے ہیں، تو انہیں وہی خاندانی مؤقف,ur/ar,yes,SRC003 p.1 line 1727
VAR_A58419B416,ENT_09DB0E2744,سید قمر علی کے داماد ہیں نے مودبانہ انداز میں شجرہ دینے کی درخواست کی,سید قمر علی کے داماد ہیں نے مودبانہ انداز میں شجرہ دینے کی درخواست کی,ur/ar,yes,SRC003 p.1 line 1726
VAR_442875839E,ENT_169C0E84CF,سید قمر علی کے عقايد اور زندگی کے بعض معاملات پر خاندان میں شدید تحفظات,سید قمر علی کے عقائد اور زندگی کے بعض معاملات پر خاندان میں شدید تحفظات,ur/ar,yes,SRC003 p.1 line 1725
VAR_D594DD3B9D,ENT_E7E97FEB0E,سید قیصر علی نے خاندانی بنیاد پر بتایا ہمارے بزرگوں میں چار لوگ تھے جو,سید قیصر علی نے خاندانی بنیاد پر بتایا ہمارے بزرگوں میں چار لوگ تھے جو,ur/ar,yes,SRC003 p.1 line 1728
VAR_2D25C6E6BD,ENT_9402E3F7BC,سید قیصر علی کو خود بھی درست تاریخی معلومات نہیں تھیں اور انساب سادات پر,سید قیصر علی کو خود بھی درست تاریخی معلومات نہیں تھیں اور انسابِ سادات پر,ur/ar,yes,SRC003 p.1 line 1728
VAR_80B303E7D8,ENT_82F0A13BC6,سید قیصر علی کے مطابق چار بھايی تھے، ان میں سے صرف دو بھايیوں سے,سید قیصر علی کے مطابق چار بھائی تھے، ان میں سے صرف دو بھائیوں سے,ur/ar,yes,SRC003 p.1 line 1861
VAR_242C31C6AD,ENT_4A7844314C,سید قیصر علی، سید محسن علی، سید عاصم علی، سید فیصل علی، یہ امر بھی,سید قیصر علی، سید محسن علی، سید عاصم علی، سید فیصل علی، یہ امر بھی,ur/ar,yes,SRC003 p.1 line 1723
VAR_1B89050BD8,ENT_039C904996,سید قیوم اللہ,سید قیوم اللہ,ur/ar,yes,SRC003 p.1 line 1455
VAR_41361D4A8D,ENT_2115564D3F,سید ماجد علی کراچی میں اباد ہیں اپ کے تین بیٹے ہويے سید رافع علی,سید ماجد علی کراچی میں آباد ہیں آپ کے تین بیٹے ہوئے: سید رافع علی,ur/ar,yes,SRC003 p.1 line 1758
VAR_77F6566ADA,ENT_FE95BFCF6B,سید مالی شاہ اور سید شمس الدین شاہ۔,سید مالی شاہ اور سید شمس الدین شاہ۔,ur/ar,yes,SRC003 p.1 line 1566
VAR_2DE06422A3,ENT_30D9CF82FF,سید مان لوں گا۔,سید مان لوں گا۔,ur/ar,yes,SRC003 p.1 line 1245
VAR_E63195E9E8,ENT_98434F1468,سید محبت علی اور ان کے قریبی رشتہ داروں نے اس جگہ کو اپنے اجداد,سید محبت علی اور اُن کے قریبی رشتہ داروں نے اس جگہ کو اپنے اجداد,ur/ar,yes,SRC003 p.1 line 1895
VAR_C04F6221FC,ENT_F179D42733,سید محبت علی اور سید حفیظ علی عقیدہ اور شناخت سید محبت علی اور سید,سید محبت علی اور سید حفیظ علی عقیدہ اور شناخت سید محبت علی اور سید,ur/ar,yes,SRC003 p.1 line 1841
VAR_ACFDE7C58B,ENT_0E85DE0F13,سید محبت علی اور سید حفیظ علی نے خود تصوف سے تعلق قايم کیا ، پکا,سید محبت علی اور سید حفیظ علی نے خود تصوف سے تعلق قائم کیا ، پکا,ur/ar,yes,SRC003 p.1 line 1780
VAR_F961AF1CBE,ENT_3D64C24375,سید محبت علی اور سید حفیظ علی نے خود کو سنی قرار دیا، لیکن ان,سید محبت علی اور سید حفیظ علی نے خود کو سنی قرار دیا، لیکن ان,ur/ar,yes,SRC003 p.1 line 1845
VAR_216751EA73,ENT_75D933B475,سید محبت علی اور سید حفیظ علی نے سلسلہ قادریہ میں مریدی اختیار کی اپ,سید محبت علی اور سید حفیظ علی نے سلسلہ قادریہ میں مریدی اختیار کی آپ,ur/ar,yes,SRC003 p.1 line 1799
VAR_457540A119,ENT_F221F24D9F,سید محبت علی اور سید حفیظ علی نے فیروز اباد سے اگرہ ہجرت کی، اور,سید محبت علی اور سید حفیظ علی نے فیروز آباد سے آگرہ ہجرت کی، اور,ur/ar,yes,SRC003 p.1 line 1859
VAR_4AA660B68F,ENT_3FF864762A,سید محبت علی اور سید حفیظ علی نے کچھ عرصہ بعد جب بریلویت اختیار کی,سید محبت علی اور سید حفیظ علی نے کچھ عرصہ بعد جب بریلویت اختیار کی,ur/ar,yes,SRC003 p.1 line 1712
VAR_880C73FC1F,ENT_9FF6A35B67,سید محبت علی اور سید حفیظ علی کی جانیں بمشکل بچ سکیں۔,سید محبت علی اور سید حفیظ علی کی جانیں بمشکل بچ سکیں۔,ur/ar,yes,SRC003 p.1 line 1599
VAR_9665F03E2F,ENT_FE9195A850,سید محبت علی اور سید حفیظ علی کی مکمل اولاد نسل در نسل تفصیل سید,سید محبت علی اور سید حفیظ علی کی مکمل اولاد نسل در نسل تفصیل سید,ur/ar,yes,SRC003 p.1 line 1730
VAR_682E14810C,ENT_B019993D5E,سید محبت علی اور سید حفیظ علی کی نسل زیادہ تر حیدراباد پکا قلعہ اور,سید محبت علی اور سید حفیظ علی کی نسل زیادہ تر حیدرآباد پکا قلعہ اور,ur/ar,yes,SRC003 p.1 line 1777
VAR_9045A673CC,ENT_EC18F1F2D8,سید محبت علی اور سید حفیظ علی کے بارے میں واضح ذکر ملتا ہے کہ,سید محبت علی اور سید حفیظ علی کے بارے میں واضح ذکر ملتا ہے کہ,ur/ar,yes,SRC003 p.1 line 1801
VAR_ECD595EE4D,ENT_DE8D338FF6,سید محبت علی اور سید حفیظ علی کے خاندان کے ساتھ ہی ہجرت کرکے ايی,سید محبت علی اور سید حفیظ علی کے خاندان کے ساتھ ہی ہجرت کرکے آئی,ur/ar,yes,SRC003 p.1 line 1778
VAR_0DBC09AD14,ENT_568F485431,سید محبت علی اور سید حفیظ علی کے خاندانوں سے منقول ہیں مصنفین نے ان,سید محبّت علی اور سید حفیظ علی کے خاندانوں سے منقول ہیں مصنّفین نے ان,ur/ar,yes,SRC003 p.1 line 1878
VAR_C69D9B19B3,ENT_C4699EEFB5,سید محبت علی اور سید حفیظ علی کے ساتھ ہندوستان میں مقیم تھے، نیز وہ,سید محبت علی اور سید حفیظ علی کے ساتھ ہندوستان میں مقیم تھے، نیز وہ,ur/ar,yes,SRC003 p.1 line 1802
VAR_6220BC2795,ENT_9184D8428B,سید محبت علی اور سید حفیظ علی کے پیش رووں کے بارے میں یہ کہنا,سید محبت علی اور سید حفیظ علی کے پیش روؤں کے بارے میں یہ کہنا,ur/ar,yes,SRC003 p.1 line 1842
VAR_DD312CACAA,ENT_CDF7007D61,سید محبت علی اور سید حفیظ علی، اور ان کے ساتھ ان کے اگرہ کے,سید محبت علی اور سید حفیظ علی، اور ان کے ساتھ ان کے آگرہ کے,ur/ar,yes,SRC003 p.1 line 1880
VAR_0B6FFC50E3,ENT_92B7F57B81,سید محبت علی ایک عبادت گزار، درویش صفت اور خدمت خلق کی نمایاں مثال کے,سید محبت علی ایک عبادت گزار، درویش صفت اور خدمتِ خلق کی نمایاں مثال کے,ur/ar,yes,SRC003 p.1 line 1720
VAR_B28F164B97,ENT_E029EFF375,سید محبت علی بخوبی واقف تھے، مگر ان کے بعد کسی کو اس معاملے میں,سید محبت علی بخوبی واقف تھے، مگر ان کے بعد کسی کو اس معاملے میں,ur/ar,yes,SRC003 p.1 line 1803
VAR_4123933013,ENT_5EEE0ABE54,سید محبت علی بن سید نفیس علی بخاری کے بیٹے سید امید علی اور ان,سید محبت علی بن سید نفیس علی بخاری کے بیٹے سید امید علی اور ان,ur/ar,yes,SRC003 p.1 line 1605
VAR_3035DCB7C1,ENT_57663159BF,سید محبت علی بھی ایک انتہايی عبادت گزار اور زہد و تقوی کے حامل شخص,سید محبت علی بھی ایک انتہائی عبادت گزار اور زہد و تقویٰ کے حامل شخص,ur/ar,yes,SRC003 p.1 line 1707
VAR_99B1F3A744,ENT_40A205907B,سید محبت علی سے ان معلومات کے بارے میں جاننے کی کوشش نہ کی تاریخی,سید محبت علی سے ان معلومات کے بارے میں جاننے کی کوشش نہ کی تاریخی,ur/ar,yes,SRC003 p.1 line 1803
VAR_D920A235B2,ENT_596313BA2F,سید محبت علی سے منسوب روایت کے طور پر سامنے اتا ہے بعد ازاں موجودہ,سید محبت علی سے منسوب روایت کے طور پر سامنے آتا ہے بعد ازاں موجودہ,ur/ar,yes,SRC003 p.1 line 1816
VAR_55AF792671,ENT_20A6636517,سید محبت علی شاہ تک جاری رہتا ہے۔,سید محبت علی شاہ تک جاری رہتا ہے۔,ur/ar,yes,SRC003 p.1 line 1589
VAR_20CCB7C0F6,ENT_5FFD097EDD,سید محبت علی قیام پاکستان کے موقع پر ان تینوں بھايیوں نے اپنے اپنے اہل,سید محبت علی قیامِ پاکستان کے موقع پر ان تینوں بھائیوں نے اپنے اپنے اہلِ,ur/ar,yes,SRC003 p.1 line 1647
VAR_4E72C95849,ENT_EC5A6B2C72,سید محبت علی نقوی بخاری، خاندان سید حفیظ علی نقوی بخاری، خاندان سید امجد علی,سید محبت علی نقوی بخاری، خاندانِ سید حفیظ علی نقوی بخاری، خاندانِ سید امجد علی,ur/ar,yes,SRC003 p.1 line 1880
VAR_9AA9CAA539,ENT_744447DED8,سید محبت علی نے,سید محبت علی نے,ur/ar,yes,SRC003 p.1 line 1601
VAR_91908D94AD,ENT_D0E1BC97C7,سید محبت علی نے اوچ شریف کی طرف اپنے شجرو کی نقل بھیجوايی تھی مخدوم,سید محبت علی نے اُوچ شریف کی طرف اپنے شجرو کی نقل بھیجوائی تھی مخدوم,ur/ar,yes,SRC003 p.1 line 1896
VAR_856B8861E7,ENT_97D1D30854,سید محبت علی نے اپنی اولاد سے اس بارے میں بہت کم ذکر کیا، حالانکہ,سید محبت علی نے اپنی اولاد سے اس بارے میں بہت کم ذکر کیا، حالانکہ,ur/ar,yes,SRC003 p.1 line 1881
VAR_C3E85389F9,ENT_C3F8686277,سید محبت علی نے اپنے فرزند ان کو بتايی تھی کہ یہ وہ لوگ ہیں,سید محبت علی نے اپنے فرزند ان کو بتائی تھی کہ یہ وہ لوگ ہیں,ur/ar,yes,SRC003 p.1 line 1838
VAR_8390A2252B,ENT_FD79A932FD,سید محبت علی نے مسجد کی امامت اور دینی خدمات انجام دیں، جبکہ سید حفیظ,سید محبت علی نے مسجد کی امامت اور دینی خدمات انجام دیں، جبکہ سید حفیظ,ur/ar,yes,SRC003 p.1 line 1719
VAR_127DEF4DB9,ENT_A9B2FF6E5A,سید محبت علی نے کیا تھا، وہ سب انہی خاندانوں سے تعلق رکھتے ہیں، جیسے,سید محبت علی نے کیا تھا، وہ سب انہی خاندانوں سے تعلق رکھتے ہیں، جیسے,ur/ar,yes,SRC003 p.1 line 1839
VAR_7E985E1BE5,ENT_B9D14ED27E,سید محبت علی و سید حفیظ علی نے حیدراباد میں ولایت، امامت، اور باوقار سادگی,سید محبت علی و سید حفیظ علی نے حیدرآباد میں ولایت، امامت، اور باوقار سادگی,ur/ar,yes,SRC003 p.1 line 1877
VAR_83F47551F1,ENT_A0D7A98DA6,سید محبت علی کا انتقال بیماری اور تاریخی ورثے کا نقصان سید محبت علی ٹی,سید محبت علی کا انتقال بیماری اور تاریخی ورثے کا نقصان سید محبت علی ٹی,ur/ar,yes,SRC003 p.1 line 1715
VAR_13735F4B7F,ENT_E6A57EBFF1,سید محبت علی کا انتقال ہو چکا تھا، جس کی وجہ سے خاندان کو مزید,سید محبت علی کا انتقال ہو چکا تھا، جس کی وجہ سے خاندان کو مزید,ur/ar,yes,SRC003 p.1 line 1836
VAR_7BEBBB14AA,ENT_F55AA1312F,سید محبت علی کا انتقال ہو گیا نتیجتا، اپ ہی کو پورے خاندان، اپنے بہن,سید محبت علی کا انتقال ہو گیا نتیجتاً، آپ ہی کو پورے خاندان، اپنے بہن,ur/ar,yes,SRC003 p.1 line 1768
VAR_37A4DD9D44,ENT_FA966C792E,سید محبت علی کا تاج محل کی انتظامیہ اور اس کی روحانی حیثیت میں بھی,سید محبت علی کا تاج محل کی انتظامیہ اور اس کی روحانی حیثیت میں بھی,ur/ar,yes,SRC003 p.1 line 1699
VAR_0A012F53DB,ENT_BE9EF283C5,سید محبت علی کو دینی تعلیمات اور روحانی علم سے وابستہ سمجھا جاتا ہے ان,سید محبت علی کو دینی تعلیمات اور روحانی علم سے وابستہ سمجھا جاتا ہے ان,ur/ar,yes,SRC003 p.1 line 1848
VAR_28CE8DE7B7,ENT_2277DC15C2,سید محبت علی کو پاکستان ہجرت کے بعد بھی کسی نہ کسی شکل میں مالی,سید محبت علی کو پاکستان ہجرت کے بعد بھی کسی نہ کسی شکل میں مالی,ur/ar,yes,SRC003 p.1 line 1831
VAR_F7D1AB28A3,ENT_699929FF1A,سید محبت علی کی اسی گلی میں اباد ہے، جبکہ ان کی دوسری والدہ سے,سید محبت علی کی اسی گلی میں آباد ہے، جبکہ ان کی دوسری والدہ سے,ur/ar,yes,SRC003 p.1 line 1691
VAR_9026201F31,ENT_5709BDDF11,سید محبت علی کی اولاد و نسل کو بخوبی پہچانتے ہیں اور ان کی تاریخ,سید محبت علی کی اولاد و نسل کو بخوبی پہچانتے ہیں اور ان کی تاریخ,ur/ar,yes,SRC003 p.1 line 1834
VAR_F390A3FC90,ENT_5F98D93FBD,سید محبت علی کی اولاد کا کہنا تھا کہ ہم انہیں شروع سے ہی جانتے,سید محبت علی کی اولاد کا کہنا تھا کہ ہم انہیں شروع سے ہی جانتے,ur/ar,yes,SRC003 p.1 line 1763
VAR_445ED45F33,ENT_6F3230BF50,سید محبت علی کی جايیداد میں شامل ایک اہم حصہ پکا قلعہ، واقع جوتے سازی,سید محبت علی کی جائیداد میں شامل ایک اہم حصہ پکا قلعہ، واقع جوتے سازی,ur/ar,yes,SRC003 p.1 line 1769
VAR_EA7AF4D5AE,ENT_BA66840C35,سید محبت علی کی دینی خدمات حیدراباد پہنچ کر، سید محبت علی نے انتہايی سادہ,سید محبت علی کی دینی خدمات حیدرآباد پہنچ کر، سید محبت علی نے انتہائی سادہ,ur/ar,yes,SRC003 p.1 line 1713
VAR_278ECF7A23,ENT_2ED6FE174B,سید محبت علی کی ذکر کردہ خاندان اج بھی اوچ کے اطراف ہی میں اباد,سید محبت علی کی ذکر کردہ خاندان آج بھی اوچ کے اطراف ہی میں آباد,ur/ar,yes,SRC003 p.1 line 1839
VAR_41E80298F0,ENT_2B7EAB961A,سید محبت علی کی طبیعت خراب ہويی، تو گھر وا,سید محبت علی کی طبیعت خراب ہوئی، تو گھر وا,ur/ar,yes,SRC003 p.1 line 1835
VAR_4209E3638E,ENT_59A906EA22,سید محبت علی کی نسل اور گدی نشینی کا معاملہ اکثر سید محبت علی کی,سید محبت علی کی نسل اور گدی نشینی کا معاملہ اکثر سید محبت علی کی,ur/ar,yes,SRC003 p.1 line 1854
VAR_0545AAD652,ENT_DB21082976,سید محبت علی کی نسل سے تعلق قايم رہا، اور اوچ شریف کی قايم روایت,سید محبت علی کی نسل سے تعلق قائم رہا، اور اُوچ شریف کی قائم روایت,ur/ar,yes,SRC003 p.1 line 1601
VAR_05BB348620,ENT_50835E52C2,سید محبت علی کی نسل میں ان کے بڑے صاحبزادے سید امید علی کے فرزند،,سید محبت علی کی نسل میں ان کے بڑے صاحبزادے سید امید علی کے فرزند،,ur/ar,yes,SRC003 p.1 line 1873
VAR_3EB4C9B231,ENT_A5D4EA6B6B,سید محبت علی کی نسل میں دینی تعلیم کا تسلسل سید محبت علی کی نسل,سید محبت علی کی نسل میں دینی تعلیم کا تسلسل سید محبت علی کی نسل,ur/ar,yes,SRC003 p.1 line 1851
VAR_E4FA594093,ENT_B4CC279EF6,سید محبت علی کی نسل میں دینی تعلیم کا سلسلہ جاری رہا، جہاں افراد نے,سید محبت علی کی نسل میں دینی تعلیم کا سلسلہ جاری رہا، جہاں افراد نے,ur/ar,yes,SRC003 p.1 line 1853
VAR_3900039B0C,ENT_FD83C26207,سید محبت علی کی نسل کے سگے بھايی ہوں۔,سید محبت علی کی نسل کے سگے بھائی ہوں۔,ur/ar,yes,SRC003 p.1 line 1764
VAR_2F17A279F4,ENT_9D89CF659D,سید محبت علی کے انتقال کے بعد ان کی رہايش گاہ میں ایک چوری ہويی,سید محبت علی کے انتقال کے بعد ان کی رہائش گاہ میں ایک چوری ہوئی,ur/ar,yes,SRC003 p.1 line 1859
VAR_43DD9897B0,ENT_21896EA3FC,سید محبت علی کے انتقال کے بعد ان کے گھر میں چوری کی واردات ہويی،,سید محبت علی کے انتقال کے بعد ان کے گھر میں چوری کی واردات ہوئی،,ur/ar,yes,SRC003 p.1 line 1832
VAR_F3F10A8DE6,ENT_CA5C65CCD8,سید محبت علی کے انتقال کے بعد، جب دستاویزات چوری ہو گيیں اج کے دور,سید محبت علی کے انتقال کے بعد، جب دستاویزات چوری ہو گئیں آج کے دور,ur/ar,yes,SRC003 p.1 line 1817
VAR_C4CEFB3B6C,ENT_E69DDF852C,سید محبت علی کے انتقال کے وقت چوری ہونے والے تبرکات میں شامل تھے۔,سید محبت علی کے انتقال کے وقت چوری ہونے والے تبرکات میں شامل تھے۔,ur/ar,yes,SRC003 p.1 line 1672
VAR_991F0AA311,ENT_ABA79D5CEA,سید محبت علی کے انتقال کے وقت، ان کے گھر پر جو چوری ہويی، اس,سید محبت علی کے انتقال کے وقت، ان کے گھر پر جو چوری ہوئی، اس,ur/ar,yes,SRC003 p.1 line 1719
VAR_5825A51042,ENT_6D9ADC516E,سید محبت علی کے اہل محلہ، اپ کے دوست احباب اور وہ تمام رشتہ دارخصوصا,سید محبت علی کے اہلِ محلہ، آپ کے دوست احباب اور وہ تمام رشتہ دارخصوصاً,ur/ar,yes,SRC003 p.1 line 1766
VAR_FE24FB71A3,ENT_4AE71025E4,سید محبت علی کے ایک اور بیٹے سید اعجاز علی نے بھی سختی سے بتايی,سید محبت علی کے ایک اور بیٹے سید اعجاز علی نے بھی سختی سے بتائی,ur/ar,yes,SRC003 p.1 line 1883
VAR_D3A27BCFC2,ENT_7DA1E6F94B,سید محبت علی کے بیٹے سید امید علی نے بھی کی کہ ہمارے خاندان میں,سید محبت علی کے بیٹے سید امید علی نے بھی کی کہ ہمارے خاندان میں,ur/ar,yes,SRC003 p.1 line 1781
VAR_AA9C7600B2,ENT_788F445896,سید محبت علی کے خاندان میں عزاداری مکمل طور پر موجود تھی، یہاں تک کہ,سید محبت علی کے خاندان میں عزاداری مکمل طور پر موجود تھی، یہاں تک کہ,ur/ar,yes,SRC003 p.1 line 1780
VAR_81F0D5D220,ENT_99893B0314,سید محبت علی کے فرزند ان اور ان کے بعد انے والی نسلیں ، خاص طور,سید محبت علی کے فرزند ان اور ان کے بعد آنے والی نسلیں ، خاص طور,ur/ar,yes,SRC003 p.1 line 1843
VAR_92298C0B79,ENT_F1F06A8BFD,سید محبت علی کے قریبی تھےسید امید علی کے ساتھ بھی قربت رہی تھی یہ,سید محبت علی کے قریبی تھےسید امید علی کے ساتھ بھی قربت رہی تھی یہ,ur/ar,yes,SRC003 p.1 line 1892
VAR_CE14C29600,ENT_885A1DB20D,سید محبت علی کے پوتوں کو بھی ساتھ لے لیا تھا، کیونکہ ان کے خاندان,سید محبت علی کے پوتوں کو بھی ساتھ لے لیا تھا، کیونکہ ان کے خاندان,ur/ar,yes,SRC003 p.1 line 1778
VAR_65A93DE8C9,ENT_9CE69C2D91,سید محبت علی کے پوتوں کے بارے میں صرف اس لیے نہیں سوچا کہ ہم,سید محبت علی کے پوتوں )کے بارے میں صرف اس لیے نہیں سوچا کہ ہم,ur/ar,yes,SRC003 p.1 line 1778
VAR_A91F873B84,ENT_FA7D3B4E52,سید محبت علی کے پوتوں کے ساتھ پیش ایا واقعہ یہ واقعہ اس وقت پیش,سید محبت علی کے پوتوں کے ساتھ پیش آیا واقعہ یہ واقعہ اس وقت پیش,ur/ar,yes,SRC003 p.1 line 1778
VAR_07F464A126,ENT_7021EA3C3F,سید محبت علی کے پوتے اپنے پکا قلعہ کے ایک پڑوسی کی خاتون کے ساتھ,سید محبت علی کے پوتے اپنے پکا قلعہ کے ایک پڑوسی کی خاتون کے ساتھ,ur/ar,yes,SRC003 p.1 line 1778
VAR_A45116BD23,ENT_BAF8A2ACE3,سید محبت علی کے گھر ان سب گھر والوں کا کافی انا جانا تھا سید,سید محبت علی کے گھر ان سب گھر والوں کا کافی آنا جانا تھا سید,ur/ar,yes,SRC003 p.1 line 1762
VAR_B8505A872A,ENT_734D8A1289,سید محبت علی کے گھر میں یہ رواج نہیں تھا سید محبت علی اور سید,سید محبت علی کے گھر میں یہ رواج نہیں تھا سید محبت علی اور سید,ur/ar,yes,SRC003 p.1 line 1779
VAR_397E016E89,ENT_73F928643B,سید محبت علی کے گھر کی گلی میں مقیم، ہجرت کے وقت ان کے ساتھ,سید محبت علی کے گھر کی گلی میں مقیم، ہجرت کے وقت ان کے ساتھ,ur/ar,yes,SRC003 p.1 line 1802
VAR_5928068E14,ENT_C0D2640FFB,سید محبت علی کے گھر کے پڑوسی ہیں، جبکہ خود سید محبت علی کے گھر,سید محبت علی کے گھر کے پڑوسی ہیں، جبکہ خود سید محبت علی کے گھر,ur/ar,yes,SRC003 p.1 line 1690
VAR_48B877A66E,ENT_E303B96DC9,سید محبت علی کے ہاتھ سے لکھوا کر اوچ شریف میں جمع کرایا گیا دربار,سید محبت علی کے ہاتھ سے لکھوا کر اُوچ شریف میں جمع کرایا گیا دربارِ,ur/ar,yes,SRC003 p.1 line 1601
VAR_89D2CFA901,ENT_75D273C931,سید محبت علی کے، جن کا کہنا تھا کہ جب وہ بچپن میں ہندوستان گيے,سید محبت علی کے، جن کا کہنا تھا کہ جب وہ بچپن میں ہندوستان گئے,ur/ar,yes,SRC003 p.1 line 1666
VAR_B297F2289D,ENT_B22E8FD14E,سید محبت علی ہمیشہ یہ بتایا کرتے تھے کہ فیروزاباد کا سب سے بڑا عرس,سید محبت علی ہمیشہ یہ بتایا کرتے تھے کہ فیروزآباد کا سب سے بڑا عرس,ur/ar,yes,SRC003 p.1 line 1671
VAR_65B3D3EDE8,ENT_6DCD24DA2D,سید محبت علی ہی نے شروع کی تھی، اور ان کے وفات پر ادھوری رہ,سید محبت علی ہی نے شروع کی تھی، اور ان کے وفات پر ادھوری رہ,ur/ar,yes,SRC003 p.1 line 1889
VAR_7DFB6CD51A,ENT_AACE5BBFCA,سید محبت علی، سید امجد,سید محبت علی، سید امجد,ur/ar,yes,SRC003 p.1 line 1691
VAR_45195139C4,ENT_7DB8CB9818,سید محبت علی، سید حفیظ علی، اور سید شریف رضوی کے ساتھ ايے بیشتر خاندانوں,سید محبت علی، سید حفیظ علی، اور سید شریف رضوی کے ساتھ آئے بیشتر خاندانوں,ur/ar,yes,SRC003 p.1 line 1764
VAR_07543DA41D,ENT_4D8F816283,سید محبت علی، کو ان کے رشتہ داروں نے اپنی سرپرستی میں لے لیا، اگرچہ,سید محبت علی، کو ان کے رشتہ داروں نے اپنی سرپرستی میں لے لیا، اگرچہ,ur/ar,yes,SRC003 p.1 line 1679
VAR_6AB4636C41,ENT_0A72DF3AC7,سید محبوب علی شاہ، سید سلطان علی شاہ اور سید شیر علی شاہ۔,سید محبوب علی شاہ، سید سلطان علی شاہ اور سید شیر علی شاہ۔,ur/ar,yes,SRC003 p.1 line 1563
VAR_63797E3775,ENT_0B1C21AEB0,سید محسن امین سیر اعلام النبلاء، امام ذہبی اہل سنت حضرت امام محمد باقر علیہ,سید محسن امین سیر اعلام النبلاء، امام ذہبی (اہل سنت) حضرت امام محمد باقر علیہ,ur/ar,yes,SRC003 p.1 line 581
VAR_1D44646D2A,ENT_C0CC925FF5,سید محسن امین، جلد,سید محسن امین، جلد,ur/ar,yes,SRC003 p.1 line 291
VAR_ABB0E36F9F,ENT_C7582A4CE6,سید محسن اور ان کے بھايی اب تک اپنے نسبی شجرے کی تلاش میں ہیں،,سید محسن اور ان کے بھائی اب تک اپنے نسبی شجرے کی تلاش میں ہیں،,ur/ar,yes,SRC003 p.1 line 1727
VAR_67AA6D7FD4,ENT_FBFE7B7857,سید محسن علی بن سید قمر علی، اپنے بھايی سید فیصل علی کی شادی کا,سید محسن علی بن سید قمر علی، اپنے بھائی سید فیصل علی کی شادی کا,ur/ar,yes,SRC003 p.1 line 1726
VAR_05D1404B07,ENT_51250856AD,سید محسن علی نقوی البخاری،,سید محسن علی نقوی البخاری،,ur/ar,yes,SRC003 p.1 line 1765
VAR_5DAF70548D,ENT_D40F7B63F0,سید محسن علی نقوی بخاری بھی ساتھ تھے تو سید امید علی اور یہ خاندان,سید محسن علی نقوی بخاری بھی ساتھ تھے تو سید امید علی اور یہ خاندان,ur/ar,yes,SRC003 p.1 line 1762
VAR_19E87E5D96,ENT_C0C00C95E6,سید محمد بن سید محمود بن سید احمد بن سید عبداللہ بن سید علی اصغر,سید محمد بن سید محمود بن سید احمد بن سید عبداللہ بن سید علی اصغر,ur/ar,yes,SRC003 p.1 line 1190
VAR_BD550F8C64,ENT_BBCCFD8EF4,سید محمد بن سید محمود بن سید احمد شاہ بن سید عبداللہ بن علی اصغر,سید محمد بن سید محمود بن سید احمد شاہ بن سید عبداللہ بن علی اصغر,ur/ar,yes,SRC003 p.1 line 1159
VAR_B8C2ED25A4,ENT_D867967CE0,سید محمد علی جعفری بن سید ایوب جعفری کے بقول، دونوں بھايیوں نے ہجرت کے,سید محمد علی جعفری بن سید ایوب جعفری کے بقول، دونوں بھائیوں نے ہجرت کے,ur/ar,yes,SRC003 p.1 line 1802
VAR_A26A1C59A7,ENT_313A698249,سید محمد موج دریا، اور سید راجو شامل تھے۔,سید محمد موجِ دریا، اور سید راجو شامل تھے۔,ur/ar,yes,SRC003 p.1 line 1523
VAR_AEB65C6481,ENT_A2C1828BCB,سید محمد نوربخش سے منسوب یہ سلسلہ شیعہ مہدوی اور عرفانی افکار کا حامل ہے۔,سید محمد نوربخش سے منسوب یہ سلسلہ شیعہ مہدوی اور عرفانی افکار کا حامل ہے۔,ur/ar,yes,SRC003 p.1 line 979
VAR_95E8935E24,ENT_9F2273F230,سید محمد، سید محمود اور سید جعفر۔,سید محمد، سید محمود اور سید جعفر۔,ur/ar,yes,SRC003 p.1 line 839
VAR_E008947ED1,ENT_DBC56340C6,سید محمود بن سید احمد شاہ بن سید عبداللہ بن سید علی اصغر بن سید,سید محمود بن سید احمد شاہ بن سید عبداللہ بن سید علی اصغر بن سید,ur/ar,yes,SRC003 p.1 line 1646
VAR_C1B1A52682,ENT_EA47CE1B8E,سید محمود شاہ، سید محمد شاہ، سید جعفر شاہ، اور اخرکار حضرت سید ابو المويید,سید محمود شاہ، سید محمد شاہ، سید جعفر شاہ، اور آخرکار حضرت سید ابو الموئید,ur/ar,yes,SRC003 p.1 line 1146
VAR_478BE8FB1B,ENT_EEB474CB54,سید مرتضی اور شیخ طوسی عرفان کو نصوص اہل بیت سے مربوط رکھا،خواجہ نصیر الدین,سید مرتضیٰ اور شیخ طوسی عرفان کو نصوصِ اہلِ بیت سے مربوط رکھا،خواجہ نصیر الدین,ur/ar,yes,SRC003 p.1 line 966
VAR_6E65171BC3,ENT_EE46461AAD,سید مصطفی علی نقوی، سید حمزہ علی نقوی۔,سید مصطفیٰ علی نقوی، سید حمزہ علی نقوی۔,ur/ar,yes,SRC003 p.1 line 1758
VAR_60AC92C93C,ENT_D09AFE1AB2,سید مظہر علی نقوی البخاری،,سید مظہر علی نقوی البخاری،,ur/ar,yes,SRC003 p.1 line 1765
VAR_70BBAE941E,ENT_7D21EED56C,سید منا جعفری، جو اپنی والدہ کے ساتھ زندگی کے اخری وقت تک یہیں مقیم,سید منّا جعفری، جو اپنی والدہ کے ساتھ زندگی کے آخری وقت تک یہیں مقیم,ur/ar,yes,SRC003 p.1 line 1691
VAR_C8885762C8,ENT_0986BF7131,سید منا جعفری، خاندان سید محمد علی جعفری، خاندان سید شاہد جعفری اکبرابادی، خاندان سیدہ,سید منّا جعفری، خاندانِ سید محمد علی جعفری، خاندانِ سید شاہد جعفری اکبرآبادی، خاندانِ سیدہ,ur/ar,yes,SRC003 p.1 line 1880
VAR_0E0014F425,ENT_6425562F90,سید منور,سید منور,ur/ar,yes,SRC003 p.1 line 1485; SRC003 p.1 line 1487
VAR_31BA01937D,ENT_5E228CF1F9,سید موسی رحمۃ اللہ علیہ،,سید موسیٰ رحمۃ اللہ علیہ،,ur/ar,yes,SRC003 p.1 line 802
VAR_81C57AA010,ENT_59CED05427,سید موسی یہ تمام حضرات اپنے وقت میں علم، دیانت اور خاندانی وجاہت کے حامل,سید موسیٰ یہ تمام حضرات اپنے وقت میں علم، دیانت اور خاندانی وجاہت کے حامل,ur/ar,yes,SRC003 p.1 line 1485
VAR_0DC6F5C36E,ENT_C2199BC169,سید مہدی رجايی,سید مہدی رجائی,ur/ar,yes,SRC003 p.1 line 802
VAR_F647D3621E,ENT_6610BE137B,سید مہدی رجايی ، لباب الانساب ابن فندق بہقی ، تذکرہ سادات بخاریہ، قدیم خاندانی مشجرات اوچ,سید مہدی رجائی)، لباب الانساب (ابن فندق بہقی)، تذکرہ ساداتِ بخاریہ، قدیم خاندانی مشجرات اوچ,ur/ar,yes,SRC003 p.1 line 1157
VAR_4AA6FFBB3A,ENT_177E354789,سید مہدی رجايی، جلد دوم ، عمدة الطالب فی انساب ال ابی طالب ابن عنبہ الحسنی ،,سید مہدی رجائی، جلد دوم)، عمدة الطالب فی انساب آل ابی طالب (ابن عنبہ الحسنی)،,ur/ar,yes,SRC003 p.1 line 1147
VAR_C22790A5E7,ENT_BE7CBEEFDC,سید مہدی رجايی، جلد دوم، ص,سید مہدی رجائی، جلد دوم، ص,ur/ar,yes,SRC003 p.1 line 829
VAR_FDCFEE56C3,ENT_215C12CA24,سید مہدی رجايی، جلد دوم، صفحات ۳۳۰,سید مہدی رجائی، جلد دوم، صفحات ۳۳۰,ur/ar,yes,SRC003 p.1 line 951
VAR_511F3ABB94,ENT_9F5008A6CC,سید میراں محمد شاہ یہ شاخ علمی و روحانی خدمات کے باعث مختلف علاقوں میں,سید میراں محمد شاہ یہ شاخ علمی و روحانی خدمات کے باعث مختلف علاقوں میں,ur/ar,yes,SRC003 p.1 line 1486
VAR_52FF7F1C0E,ENT_8B6D14321D,سید نبی شاہ بن سید یار شاہ حیدر سید نبی شاہ کے تین صاحبزادے تھے,سید نبی شاہ بن سید یار شاہ حیدر سید نبی شاہ کے تین صاحبزادے تھے,ur/ar,yes,SRC003 p.1 line 1563
VAR_B632C2A462,ENT_F805D52493,سید نصیر علی بن سید محبت علی کے پانچ بیٹے ہیں سید فیضان علی ، سید,سید نصیر علی بن سید محبت علی کے پانچ بیٹے ہیں: سید فیضان علی ، سید,ur/ar,yes,SRC003 p.1 line 1748
VAR_BFAE987E7F,ENT_DF811B1A70,سید نصیر علی عرف کلو چچا، سیدہ افسری، سیدہ فیروزا، اور سیدہ بلقیس۔,سید نصیر علی عرف کلّو چچا، سیدہ افسری، سیدہ فیروزا، اور سیدہ بلقیس۔,ur/ar,yes,SRC003 p.1 line 1733
VAR_4BD8F64762,ENT_1D17AAC565,سید نظام الدین,سید نظام الدین,ur/ar,yes,SRC003 p.1 line 1486
VAR_3E76D0A53A,ENT_D4D14F0888,سید نظام الدین سادات نقوی بخاری کے ان جلیل القدر اکابر میں شمار ہوتے ہیں,سید نظام الدین ساداتِ نقوی بخاری کے اُن جلیل القدر اکابر میں شمار ہوتے ہیں,ur/ar,yes,SRC003 p.1 line 1512
VAR_429C2E91B5,ENT_8C8C25E7C5,سید نفیس علی اور ان کی اہلیہ کو شہید کر دیا گیا اس اندوهناک سانحے,سید نفیس علی اور اُن کی اہلیہ کو شہید کر دیا گیا اس اندوهناک سانحے,ur/ar,yes,SRC003 p.1 line 1681
VAR_48F9C76910,ENT_9427825C5A,سید نفیس علی شاہ بن سید عاشق علی شاہ دین اور محبت اہل بیت کے,سید نفیس علی شاہ بن سید عاشق علی شاہ دین اور محبتِ اہلِ بیت کے,ur/ar,yes,SRC003 p.1 line 1677
VAR_1C29EDFA4C,ENT_8671997C50,سید نفیس علی شاہ تھے۔,سید نفیس علی شاہ تھے۔,ur/ar,yes,SRC003 p.1 line 1646
VAR_2D55EE3CE7,ENT_0073D24114,سید نفیس علی شاہ کے تین صاحبزادے تھے حاجی سید حفیظ علی اور ان کے,سید نفیس علی شاہ کے تین صاحبزادے تھے: حاجی سید حفیظ علی اور ان کے,ur/ar,yes,SRC003 p.1 line 1647
VAR_7F8A6002E4,ENT_E688641E4B,سید نفیس علی کی بہن، جنہیں پھوپھی اماں کے نام سے یاد کیا جاتا ہے،,سید نفیس علی کی بہن، جنہیں پھوپھی اماں کے نام سے یاد کیا جاتا ہے،,ur/ar,yes,SRC003 p.1 line 1677
VAR_25717E66E9,ENT_4DCAC8799F,سید نفیس علی کی حیات مختصر مگر باوقار تھی بدقسمتی سے، فرقہ واریت کی بنیاد,سید نفیس علی کی حیات مختصر مگر باوقار تھی بدقسمتی سے، فرقہ واریت کی بنیاد,ur/ar,yes,SRC003 p.1 line 1677
VAR_33F3A108AC,ENT_29EB2A77E3,سید نفیس علی کی وفات کی وجہ سے، یہ ورثہ مکمل طور پر اگلی نسل,سید نفیس علی کی وفات کی وجہ سے، یہ ورثہ مکمل طور پر اگلی نسل,ur/ar,yes,SRC003 p.1 line 1859
VAR_98470C4657,ENT_504A9D4A6E,سید نفیس علی کی وفات کے ذکر میں ان کا کويی تذکرہ نہیں ملتا، کچھ,سید نفیس علی کی وفات کے ذکر میں ان کا کوئی تذکرہ نہیں ملتا، کچھ,ur/ar,yes,SRC003 p.1 line 1678
VAR_245688C956,ENT_BF454005ED,سید نفیس علی کی وہ بہن بھی پاکستان ايیں تھی اپنے بھتیجوں اور شوہر کے,سید نفیس علی کی وہ بہن بھی پاکستان آئیں تھی اپنے بھتیجوں اور شوہر کے,ur/ar,yes,SRC003 p.1 line 1687
VAR_C21814801A,ENT_BF531F729C,سید نفیس علی کے انتقال کے بعد، ان کے دونوں کمسن بیٹوں، سید حفیظ علی,سید نفیس علی کے انتقال کے بعد، ان کے دونوں کمسن بیٹوں، سید حفیظ علی,ur/ar,yes,SRC003 p.1 line 1679
VAR_2A3FDC9593,ENT_E88A4056CB,سید نفیس علی کے لیےایک چراغ راہ ہے جنہوں نے اپنی دینی، نسبی اور روحانی,سید نفیس علی کے لیےایک چراغِ راہ ہے جنہوں نے اپنی دینی، نسبی اور روحانی,ur/ar,yes,SRC003 p.1 line 7
VAR_B088E3CA00,ENT_F526C3343A,سید نفیس علی، اور ایک بیٹی سیدہ، جنہیں نسل میں,سید نفیس علی، اور ایک بیٹی سیدہ، جنہیں نسل میں,ur/ar,yes,SRC003 p.1 line 1676
VAR_F58D3BD936,ENT_EECFD27C2A,سید نفیس علی، جنہوں نے اپنے اباو اجداد کے روحانی ورثے کو نہایت اخلاص کے,سید نفیس علی، جنہوں نے اپنے آباؤ اجداد کے روحانی ورثے کو نہایت اخلاص کے,ur/ar,yes,SRC003 p.1 line 1677
VAR_1174158849,ENT_354F96E1A1,سید نوشاد علی نقوی البخاری،,سید نوشاد علی نقوی البخاری،,ur/ar,yes,SRC003 p.1 line 1765
VAR_0BE5EDF947,ENT_AB86634866,سید نیاز علی ایک ریٹايرڈ سرکاری ملازم ہیں اور ریٹايرمنٹ کے بعد ایک نجی کمپنی,سید نیاز علی ایک ریٹائرڈ سرکاری ملازم ہیں اور ریٹائرمنٹ کے بعد ایک نجی کمپنی,ur/ar,yes,SRC003 p.1 line 1850
VAR_0624901059,ENT_5BA4287C94,سید نیاز علی بن سید محبت علی دینی وراثت اور عملی زندگی سید نیاز علی,سید نیاز علی بن سید محبت علی دینی وراثت اور عملی زندگی سید نیاز علی,ur/ar,yes,SRC003 p.1 line 1848
VAR_C4142B4B3C,ENT_99D0469A69,سید نیاز علی بن سید محبت علی نے پرانی دستاویزات کو خود بھی پڑھا تھا،,سید نیاز علی بن سید محبت علی نے پرانی دستاویزات کو خود بھی پڑھا تھا،,ur/ar,yes,SRC003 p.1 line 1834
VAR_18C06F0628,ENT_FFA5EEF42C,سید نیاز علی بن سید محبت علی کی تین بیٹیاں ہیں خاندان کراچی میں اباد,سید نیاز علی بن سید محبت علی کی تین بیٹیاں ہیں خاندان کراچی میں آباد,ur/ar,yes,SRC003 p.1 line 1750
VAR_17FD39B490,ENT_97BE321A46,سید نیاز علی میں پايی گيی، تاہم سید نیاز علی کی تعلیم تصوف کے زیر,سید نیاز علی میں پائی گئی، تاہم سید نیاز علی کی تعلیم تصوف کے زیرِ,ur/ar,yes,SRC003 p.1 line 1775
VAR_F0A20D421A,ENT_EB08987F54,سید نیاز علی نسبی اور روحانی معاملات میں واقفیت رکھتے وہ عام زندگی بسر کرتے,سید نیاز علی نسبی اور روحانی معاملات میں واقفیت رکھتے وہ عام زندگی بسر کرتے,ur/ar,yes,SRC003 p.1 line 1849
VAR_4DC75566A0,ENT_B90888A9D6,سید نیاز علی نے ماسٹرز کیا اور ایک سرکاری ملازمت اختیار کی، سید قمر علی,سید نیاز علی نے ماسٹرز کیا اور ایک سرکاری ملازمت اختیار کی، سید قمر علی,ur/ar,yes,SRC003 p.1 line 1771
VAR_011441CB77,ENT_C596234C61,سید نیاز علی کو بتایا کہ ہمارے لوگ یہاں اباد ہیں جن کا علم ان,سید نیاز علی کو بتایا کہ ہمارے لوگ یہاں آباد ہیں جن کا علم ان,ur/ar,yes,SRC003 p.1 line 1601
VAR_31E3BD825A,ENT_3A0FC4410B,سید نیاز علی کے علاوہ، سید محبت علی کے بڑے بیٹے سید امید علی کے,سید نیاز علی کے علاوہ، سید محبت علی کے بڑے بیٹے سید امید علی کے,ur/ar,yes,SRC003 p.1 line 1851
VAR_D7C32C8913,ENT_2BB1244309,سید نیاز علی، سید اعجاز علی، سیدہ روبینہ، اور سید جاوید علی۔,سید نیاز علی، سید اعجاز علی، سیدہ روبینہ، اور سید جاوید علی۔,ur/ar,yes,SRC003 p.1 line 1734
VAR_521B62B861,ENT_CC9F94F602,سید وجاہت علی نقوی، سید حاشر علی نقوی اور سید حارس علی نقوی ہیں یہ,سید وجاہت علی نقوی، سید حاشر علی نقوی اور سید حارس علی نقوی ہیں یہ,ur/ar,yes,SRC003 p.1 line 1751
VAR_67EAAE11F2,ENT_4FFBDE5B71,سید وزیر علی شاہ اور سید سردار علی شاہ کی نسلیں بھی الگ الگ شاخوں,سید وزیر علی شاہ اور سید سردار علی شاہ کی نسلیں بھی الگ الگ شاخوں,ur/ar,yes,SRC003 p.1 line 1589
VAR_228304B557,ENT_5B3D651F44,سید پلوان شاہ کرم ایجنسی ، غازی بابا وڈپگہ شریف، پشاور سلسلہ روحانیت اپ سلسلہ,سید پَلوان شاہ (کرم ایجنسی) ، غازی بابا (وڈپگہ شریف، پشاور) سلسلہ روحانیت آپ سلسلہ,ur/ar,yes,SRC003 p.1 line 1206
VAR_E7CC2FE9DC,ENT_13E6309522,سید چلبی حسن اور ان کی نسل کے ذریعے جاری رہا۔,سید چلبی حسن اور ان کی نسل کے ذریعے جاری رہا۔,ur/ar,yes,SRC003 p.1 line 1480
VAR_07EC790746,ENT_EC1F9CC512,سید چلبی حسن رحمۃ اللہ علیہ اپ کے فرزند اور خلیفہ، جنہوں نے حضرت سید,سید چلبی حسن رحمۃ اللہ علیہ آپ کے فرزند اور خلیفہ، جنہوں نے حضرت سید,ur/ar,yes,SRC003 p.1 line 1473
VAR_D370443722,ENT_E0B8259F78,سید کاظم رشتی سید کاظم رشتی سید کاظم بن قاسم رشتی ، تیرہویں صدی ہجری کے,سید کاظم رشتی سید کاظم رشتی (سید کاظم بن قاسم رشتی)، تیرہویں صدی ہجری کے,ur/ar,yes,SRC003 p.1 line 1052
VAR_C463C9EC29,ENT_9A0EEB1743,سید کبیر شاہ بن سید شرف الدین شاہ بن سید شمس الدین شاہ بن سید,سید کبیر شاہ بن سید شرف الدین شاہ بن سید شمس الدین شاہ بن سید,ur/ar,yes,SRC003 p.1 line 1650
VAR_BA267F7FC3,ENT_A855C56A68,سید کبیر شاہ بن سید شرف الدین شاہ سید کبیر شاہ کے صاحبزادگان میں سید,سید کبیر شاہ بن سید شرف الدین شاہ سید کبیر شاہ کے صاحبزادگان میں سید,ur/ar,yes,SRC003 p.1 line 1574
VAR_40389B713B,ENT_CFCF9A1707,سید کبیر شاہ بن سید یار شاہ حیدر سید کبیر شاہ کے صاحبزادے سید شاہ,سید کبیر شاہ بن سید یار شاہ حیدر سید کبیر شاہ کے صاحبزادے سید شاہ,ur/ar,yes,SRC003 p.1 line 1565
VAR_F1E4D26E33,ENT_BA61E6AFB9,سید کبیر شاہ تھے۔,سید کبیر شاہ تھے۔,ur/ar,yes,SRC003 p.1 line 1572
VAR_3CB3FAEF61,ENT_201C507E2B,سید کرم حسین بخاری اوچوی,سید کرم حسین بخاری اوچوی,ur/ar,yes,SRC003 p.1 line 1465
VAR_CDB8C892CD,ENT_9A3156D905,سید کرم حسین بخاری اوچوی۔,سید کرم حسین بخاری اوچوی۔,ur/ar,yes,SRC003 p.1 line 1488
VAR_8822D781CE,ENT_FF5412C7E0,سید کمال الدین,سید کمال الدین,ur/ar,yes,SRC003 p.1 line 1451
VAR_6920E64829,ENT_570D6A8B3C,سید کو نقصان نہیں پہنچا سکتی اگر تم اس ازمايش پر پورے اتر جاو تو,سید کو نقصان نہیں پہنچا سکتی اگر تم اس آزمائش پر پورے اتر جاؤ تو,ur/ar,yes,SRC003 p.1 line 1245
VAR_92C4B1C51D,ENT_AA5EF965EC,سید کو پرکھنے کا کويی پیمانہ بھی ضرور ہونا چاہیے محض زبانی دعوی کیسے دلیل,سید کو پرکھنے کا کوئی پیمانہ بھی ضرور ہونا چاہیے محض زبانی دعویٰ کیسے دلیل,ur/ar,yes,SRC003 p.1 line 1245
VAR_B19231AB11,ENT_548FC7E7ED,سید کو پرکھنے کا کیا طریقہ ہے؟ حاکم نے جواب دیا میں نے سنا ہے,سید کو پرکھنے کا کیا طریقہ ہے؟ حاکم نے جواب دیا :میں نے سنا ہے,ur/ar,yes,SRC003 p.1 line 1245
VAR_8868A04D51,ENT_8B7F7EE047,سید کہتے ہیں، حالانکہ وہ سید نہیں ہوتے سید اور غیر سید میں کويی فرق,سید کہتے ہیں، حالانکہ وہ سید نہیں ہوتے سید اور غیر سید میں کوئی فرق,ur/ar,yes,SRC003 p.1 line 1245
VAR_82CE5146EC,ENT_93A83AE13C,سید کی تھی، جنہوں نے اہل بیت کی علمی و اخلاقی وراثت کو مختلف خطوں,سید کی تھی، جنہوں نے اہلِ بیت کی علمی و اخلاقی وراثت کو مختلف خطوں,ur/ar,yes,SRC003 p.1 line 1412
VAR_E72F2326ED,ENT_12132EB92C,سید ہادی بن سید مہدی بن سید منتخب بن سید غالب بن سید منصور بن,سید ہادی بن سید مہدی بن سید منتخب بن سید غالب بن سید منصور بن,ur/ar,yes,SRC003 p.1 line 896
VAR_C985F2B5E2,ENT_33CD4328F0,سید ہارون رحمۃ اللہ علیہ،,سید ہارون رحمۃ اللہ علیہ،,ur/ar,yes,SRC003 p.1 line 802; SRC003 p.1 line 803
VAR_BE36A225AA,ENT_47651CE369,سید ہو، اس کی کیا دلیل ہے؟ حضرت سید جلال الدین سرخ بخاری نے فرمایا,سید ہو، اس کی کیا دلیل ہے؟ حضرت سید جلال الدین سرخ بخاری نے فرمایا,ur/ar,yes,SRC003 p.1 line 1244
VAR_B5BD90341D,ENT_7AE4F14FEE,سید یار شاہ حیدر بن سید شاہ نظام بن سید زین العابدین بن سید علم,سید یار شاہ حیدر بن سید شاہ نظام بن سید زین العابدین بن سید علم,ur/ar,yes,SRC003 p.1 line 1650
VAR_388DF4186D,ENT_249DD52878,سید یار شاہ حیدر بن سید شاہ نظام سید شاہ نظام کے صاحبزادے سید یار,سید یار شاہ حیدر بن سید شاہ نظام سید شاہ نظام کے صاحبزادے سید یار,ur/ar,yes,SRC003 p.1 line 1558
VAR_6942C38319,ENT_0B2469BC04,سید یار شاہ حیدر سید یار شاہ حیدر کے صاحبزادگان میں سید نبی شاہ، سید,سید یار شاہ حیدر سید یار شاہ حیدر کے صاحبزادگان میں سید نبی شاہ، سید,ur/ar,yes,SRC003 p.1 line 1561
VAR_EBADE013CF,ENT_6CCE127D70,سید یحیی الدین جن کے متعلق بعض تذکروں میں کشمیر، دہلی یا جھنگ سے منسلک,سید یحییٰ الدین جن کے متعلق بعض تذکروں میں کشمیر، دہلی یا جھنگ سے منسلک,ur/ar,yes,SRC003 p.1 line 1391
VAR_4C95E8B7EC,ENT_78877B3C73,سید یحیی صوفی رحمۃ اللہ علیہ،,سید یحییٰ صوفی رحمۃ اللہ علیہ،,ur/ar,yes,SRC003 p.1 line 802
VAR_694CAF5139,ENT_5814FBC141,سید یحیی صوفی رحمۃ اللہ علیہ۔,سید یحییٰ صوفی رحمۃ اللہ علیہ۔,ur/ar,yes,SRC003 p.1 line 803
VAR_0F1C691B63,ENT_06E0C0914D,سید یحیی نسلی پھیلاو ان حضرات کی نسل مختلف ادوار میں برصغیر کے متعدد علاقوں,سید یحییٰ نسلی پھیلاؤ ان حضرات کی نسل مختلف ادوار میں برصغیر کے متعدد علاقوں,ur/ar,yes,SRC003 p.1 line 1487
VAR_A6ECB92F00,ENT_DEF2F660EB,سید یوسف علی کے بھايیوں کے نام سید منظور علی اور سید مبارک علی شاہ,سید یوسف علی کے بھائیوں کے نام سید منظور علی اور سید مبارک علی شاہ,ur/ar,yes,SRC003 p.1 line 1744
VAR_0940ED14C6,ENT_23A406979D,سید یونس علی، سید شاہد علی، سید زاہد علی اور سید وقار علی۔,سید یونس علی، سید شاہد علی، سید زاہد علی اور سید وقار علی۔,ur/ar,yes,SRC003 p.1 line 1746
VAR_45F47E0FF8,ENT_9B3DAB8B7C,سیدہ اثنا عشری عقیدے سے تعلق رکھتی تھیں یہ خاتون ہندوستان سے ہجرت کرکے پاکستان,سیدہ اثنا عشری عقیدے سے تعلق رکھتی تھیں یہ خاتون ہندوستان سے ہجرت کرکے پاکستان,ur/ar,yes,SRC003 p.1 line 1778
VAR_0E658CF1F2,ENT_759E313EDE,سیدہ اسماء،,سیدہ اسماء،,ur/ar,yes,SRC003 p.1 line 804
VAR_47B1A39305,ENT_086E52EF27,سیدہ افسری بنت سید محبت علی کے شوہر کا نام سید یوسف علی تھا۔,سیدہ افسری بنتِ سید محبت علی کے شوہر کا نام سید یوسف علی تھا۔,ur/ar,yes,SRC003 p.1 line 1743
VAR_88FD2F7820,ENT_DD197CDCE4,سیدہ افسری کے چھ بچے تھے دو بیٹیاں اور چار بیٹے۔,سیدہ افسری کے چھ بچے تھے: دو بیٹیاں اور چار بیٹے۔,ur/ar,yes,SRC003 p.1 line 1745
VAR_EF1747A475,ENT_09472B8EDC,سیدہ افسری، سیدہ فیروزا، سیدہ بلقیس، سیدہ نسیم، سیدہ امینہ اور سیدہ روبینہ۔,سیدہ افسری، سیدہ فیروزا، سیدہ بلقیس، سیدہ نسیم، سیدہ امینہ اور سیدہ روبینہ۔,ur/ar,yes,SRC003 p.1 line 1731
VAR_7F40B1F2CB,ENT_6E3C99E521,سیدہ النساء العالمین، حضرت فاطمہ الزہرا بنت رسول سلام اللہ علیہا پیدايش,سیدہ النساء العالمین، حضرت فاطمہ الزہرا بنتِ رسول سلامُ اللہ علیہا پیدائش,ur/ar,yes,SRC003 p.1 line 520
VAR_3226A8084C,ENT_1F894BB3B0,سیدہ النساء العالمین، خاتون جنت، سیدہ صدیقہ، طاہرہ، زکیہ، مرضیہ، رضیہ جیسے عظیم القابات سے,سیدہ النساء العالمین، خاتونِ جنت، سیدہ صدیقہ، طاہرہ، زکیہ، مرضیہ، رضیہ جیسے عظیم القابات سے,ur/ar,yes,SRC003 p.1 line 165
VAR_90DCB5020F,ENT_76981D34A5,سیدہ ام احمد،,سیدہ اُم احمد،,ur/ar,yes,SRC003 p.1 line 804
VAR_D390D8AD61,ENT_FBE5B3065C,سیدہ ام الخیر فاطمہ بنت سید عبد اللہ سومی بن امام علی رضا بن امام,سیدہ اُمّ الخیر فاطمہ بنت سید عبد اللہ سومی بن امام علی رضا بن امام,ur/ar,yes,SRC003 p.1 line 890
VAR_5024EF47D6,ENT_74CA6033CC,سیدہ ام الفضل،,سیدہ اُم الفضل،,ur/ar,yes,SRC003 p.1 line 804
VAR_1AE676F641,ENT_A8D261F48B,سیدہ ام القاسم،,سیدہ اُم القاسم،,ur/ar,yes,SRC003 p.1 line 804
VAR_DA71092ACA,ENT_0A95D594E5,سیدہ ام جعفر،,سیدہ اُم جعفر،,ur/ar,yes,SRC003 p.1 line 804
VAR_31F1611F3D,ENT_3BBA90AAD7,سیدہ ام حسن،,سیدہ اُم حسن،,ur/ar,yes,SRC003 p.1 line 804
VAR_40158A0B9B,ENT_C00B93CFF6,سیدہ ام حسین،,سیدہ اُم حسین،,ur/ar,yes,SRC003 p.1 line 804
VAR_D0844E6443,ENT_678DEC8B20,سیدہ ام سلمہ،,سیدہ اُم سلمہ،,ur/ar,yes,SRC003 p.1 line 804
VAR_234EC3C035,ENT_5C53A7185D,سیدہ ام عبداللہ،,سیدہ اُم عبداللہ،,ur/ar,yes,SRC003 p.1 line 804
VAR_3338C21680,ENT_22942024B7,سیدہ ام عیسی،,سیدہ اُم عیسیٰ،,ur/ar,yes,SRC003 p.1 line 804
VAR_6DABCA4789,ENT_D34BE5AF85,سیدہ ام فروہ،,سیدہ اُم فروہ،,ur/ar,yes,SRC003 p.1 line 804
VAR_EAF25812CF,ENT_E75225C1AF,سیدہ ام محمد،,سیدہ اُم محمد،,ur/ar,yes,SRC003 p.1 line 804
VAR_5DD3FE3BD7,ENT_961E7D9D58,سیدہ ام موسی،,سیدہ اُم موسیٰ،,ur/ar,yes,SRC003 p.1 line 804
VAR_50D61A3A46,ENT_1184D48679,سیدہ امنہ بخاری، اور تیسری کا نام معلوم نہیں ، اسکے باوجود خواتین کے ناموں پر,سیدہ آمنہ بخاری، اور تیسری کا نام معلوم نہیں ، اسکے باوجود خواتین کے ناموں پر,ur/ar,yes,SRC003 p.1 line 1676
VAR_988971200B,ENT_8AB1F8A321,سیدہ امنہ صغری،,سیدہ آمنہ صغری،,ur/ar,yes,SRC003 p.1 line 804
VAR_2E1DEADB0D,ENT_DDCFFE9803,سیدہ امنہ،,سیدہ آمنہ،,ur/ar,yes,SRC003 p.1 line 804
VAR_93B25F952E,ENT_7F014B8648,سیدہ امینہ،,سیدہ اُمینہ،,ur/ar,yes,SRC003 p.1 line 804
VAR_C0A3873871,ENT_1F74EA464B,سیدہ ایمن، سیدہ انعمتہ اور سیدہ انابیہ ہیں۔,سیدہ ایمن، سیدہ انعمتہ اور سیدہ انابیہ ہیں۔,ur/ar,yes,SRC003 p.1 line 1757
VAR_364E122FBC,ENT_72B109A5E7,سیدہ بلقیس بنت سید محبت علی کے شوہر سید شاہد حسین جعفری المعروف شاہد نیازمی,سیدہ بلقیس بنتِ سید محبت علی کے شوہر سید شاہد حسین جعفری المعروف شاہد نیازمی,ur/ar,yes,SRC003 p.1 line 1735
VAR_D4D67A6EBC,ENT_07AF73FC49,سیدہ جعفرہ رحمۃ اللہ علیہا,سیدہ جعفرہ رحمۃ اللہ علیہا,ur/ar,yes,SRC003 p.1 line 1363
VAR_C1AF470E6C,ENT_F255BDC0F5,سیدہ حبیبہ سعیدہ بنت بدرالدین بھاکری نسبی سلسلہ سید احمد کبیر بن سید جلال الدین,سیدہ حبیبہ سعیدہ بنت بدرالدین بھاکری نسبی سلسلہ سید احمد کبیر بن سید جلال الدین,ur/ar,yes,SRC003 p.1 line 1347
VAR_2E676F5061,ENT_FA0603126C,سیدہ حسنہ،,سیدہ حسنہ،,ur/ar,yes,SRC003 p.1 line 804
VAR_6150A5321C,ENT_8E2D53FF49,سیدہ حنا، سیدہ ثنا، سیدہ بشری، سیدہ حما، سیدہ ۔,سیدہ حنا، سیدہ ثنا، سیدہ بشریٰ، سیدہ حُما، سیدہ ۔,ur/ar,yes,SRC003 p.1 line 1749
VAR_17A0B6FBFD,ENT_D9673FF537,سیدہ خاتون کے طور پر جانا جانے لگا لیکن پھر کچھ ہی عرصے میں ان,سیدہ خاتون کے طور پر جانا جانے لگا لیکن پھر کچھ ہی عرصے میں اُن,ur/ar,yes,SRC003 p.1 line 1686
VAR_62A39CCD3C,ENT_58CCD2E19C,سیدہ خدیجہ،,سیدہ خدیجہ،,ur/ar,yes,SRC003 p.1 line 804
VAR_3D2CD2EE58,ENT_21ED2081BF,سیدہ خورشید خاتون سے صرف ایک بیٹی سیدہ سعیدہ ہويی سیدہ سعیدہ کے شوہر سید,سیدہ خورشید خاتون سے صرف ایک بیٹی سیدہ سعیدہ ہوئی سیدہ سعیدہ کے شوہر سید,ur/ar,yes,SRC003 p.1 line 1722
VAR_FD04153B27,ENT_47400A8626,سیدہ دریہ،,سیدہ دریّہ،,ur/ar,yes,SRC003 p.1 line 804
VAR_193F5C03F3,ENT_980D6EEB9F,سیدہ زینب کا مشہور روضہ ، مدینہ منورہ، مصر، اکثر مورخین اور اہل تشیع کے نزدیک,سیدہ زینب کا مشہور روضہ) ، مدینہ منورہ، مصر، اکثر مؤرخین اور اہلِ تشیع کے نزدیک,ur/ar,yes,SRC003 p.1 line 481
VAR_F4287EC3D7,ENT_33D94926DE,سیدہ زینب،,سیدہ زینب،,ur/ar,yes,SRC003 p.1 line 804
VAR_019EF05A0A,ENT_0DF81FCC38,سیدہ سلیل خاتون سلام اللہ علیہا تھیں، جو عبادت گزار اور فاضلہ خاتون تھیں، اور,سیدہ سلیل خاتون سلام اللہ علیہا تھیں، جو عبادت گزار اور فاضلہ خاتون تھیں، اور,ur/ar,yes,SRC003 p.1 line 739
VAR_DED3958951,ENT_6D2E03F74F,سیدہ سمانہ مغربیہ سلام اللہ علیہا سے ہويی، جن سے امام علی نقی علیہ السلام,سیدہ سمانہ مغربیہ سلام اللہ علیہا سے ہوئی، جن سے امام علی نقی علیہ السلام,ur/ar,yes,SRC003 p.1 line 714
VAR_A7ADB12A58,ENT_3AB10FEA24,سیدہ سمیہ۔,سیدہ سمیہ۔,ur/ar,yes,SRC003 p.1 line 804
VAR_501685BFB2,ENT_443B9D7627,سیدہ سندس,سیدہ سندس,ur/ar,yes,SRC003 p.1 line 1741
VAR_940B3337D5,ENT_D5FECA2826,سیدہ سکینہ،,سیدہ سکینہ،,ur/ar,yes,SRC003 p.1 line 804
VAR_92B6498FF2,ENT_854A96BCD9,سیدہ شیعہ خاتون کے بیٹے جعفری سید المعروف منا کا بھی یہی دعوی تھا وہ,سیدہ شیعہ خاتون کے بیٹے جعفری سید المعروف منا کا بھی یہی دعویٰ تھا وہ,ur/ar,yes,SRC003 p.1 line 1690
VAR_946A218977,ENT_78E60574A5,سیدہ عايشہ اور سیدہ سیما۔,سیدہ عائشہ اور سیدہ سیما۔,ur/ar,yes,SRC003 p.1 line 1747
VAR_38616AB98A,ENT_4068C1F35F,سیدہ فاطمہ الزہرا سلام اللہ علیہا کے فرزند ارجمند ہیں۔,سیدہ فاطمہ الزہرا سلامُ اللہ علیہا کے فرزندِ ارجمند ہیں۔,ur/ar,yes,SRC003 p.1 line 431
VAR_32B42A61A3,ENT_FCDECCED78,سیدہ فاطمہ بنت سید قاسم بخارا بیٹے سید علی، سید جعفر,سیدہ فاطمہ بنت سید قاسم (بخارا): بیٹے: سید علی، سید جعفر,ur/ar,yes,SRC003 p.1 line 1204
VAR_4036FF6D32,ENT_A584E0D99D,سیدہ فاطمہ بنت سید قاسم کی وفات کے بعد، اپنے دو بیٹوں علی اور جعفر,سیدہ فاطمہ بنت سید قاسم کی وفات کے بعد، اپنے دو بیٹوں علی اور جعفر,ur/ar,yes,SRC003 p.1 line 1200
VAR_B45987D00B,ENT_F5FCC91918,سیدہ فاطمہ حبیبہ سعیدہ دوسری بیٹی بدرالدین بھاکری بیٹے سید احمد کبیر والد مخدوم جہانیاں,سیدہ فاطمہ حبیبہ سعیدہ (دوسری بیٹی بدرالدین بھاکری): بیٹے: سید احمد کبیر (والدِ مخدوم جہانیاں,ur/ar,yes,SRC003 p.1 line 1206
VAR_C78A92A8E0,ENT_5C2C50E54B,سیدہ فاطمہ رحمۃ اللہ علیہا,سیدہ فاطمہ رحمۃ اللہ علیہا,ur/ar,yes,SRC003 p.1 line 1364
VAR_F7772ACC2E,ENT_FC0E99A5A4,سیدہ فریدہ، سیدہ فرحت، سیدہ شبنم، سیدہ کوثر اور سیدہ ندا ان میں سے سیدہ,سیدہ فریدہ، سیدہ فرحت، سیدہ شبنم، سیدہ کوثر اور سیدہ ندا ان میں سے سیدہ,ur/ar,yes,SRC003 p.1 line 1754
VAR_5CA44C8B6F,ENT_C8BD01B172,سیدہ قادری خاتون ، سید محبت علی کی دونوں ازواج کی سگی بہن تھیں۔,سیدہ قادری خاتون ، سیّد محبّت علی کی دونوں ازواج کی سگی بہن تھیں۔,ur/ar,yes,SRC003 p.1 line 1723
VAR_3463882E55,ENT_25ABF5AD0F,سیدہ قادری خاتون دوسری زوجہ سیدہ خورشید خاتون تھیں۔,سیدہ قادری خاتون دوسری زوجہ سیدہ خورشید خاتون تھیں۔,ur/ar,yes,SRC003 p.1 line 1721
VAR_F22A07BBA2,ENT_FF9A85C0DB,سیدہ قادری خاتون سے حاجی سید حفیظ علی کے ایک بیٹے اور چار بیٹیاں تھیں,سیدہ قادری خاتون سے حاجی سیّد حفیظ علی کے ایک بیٹے اور چار بیٹیاں تھیں,ur/ar,yes,SRC003 p.1 line 1722
VAR_ED173B4C71,ENT_3533499724,سیدہ لاریب سید شاہد حسین جعفری ایک ولی مزاج انسان تھے، جنہوں نے اپنی زندگی,سیدہ لاریب سید شاہد حسین جعفری ایک ولی مزاج انسان تھے، جنہوں نے اپنی زندگی,ur/ar,yes,SRC003 p.1 line 1741
VAR_9576622AFE,ENT_FCC6FCEABB,سیدہ مریم زیدی نام کے بارے میں اختلاف پایا جاتا ہے کا تعلق ایک معزز,سیدہ مریم زیدی) نام کے بارے میں اختلاف پایا جاتا ہے( کا تعلق ایک معزز,ur/ar,yes,SRC003 p.1 line 1626
VAR_192DF4240B,ENT_76402EE105,سیدہ مریم،,سیدہ مریم،,ur/ar,yes,SRC003 p.1 line 804
VAR_6D059C3E81,ENT_CC306CC30F,سیدہ منی خاتون کے بطن سے جو اولاد ہويی، وہ یہ ہیں سیدہ امینہ، سید,سیدہ مُنّی خاتون کے بطن سے جو اولاد ہوئی، وہ یہ ہیں: سیدہ امینہ، سید,ur/ar,yes,SRC003 p.1 line 1734
VAR_2DFFF69B20,ENT_F7B091E818,سیدہ میمونہ،,سیدہ میمونہ،,ur/ar,yes,SRC003 p.1 line 804
VAR_6D8A48A527,ENT_44D464AF69,سیدہ نادری خاتون تھا اور دوسری کو سیدہ منی خاتون کے نام سے جانا جاتا,سیدہ نادِرِی خاتون تھا اور دوسری کو سیدہ منی خاتون کے نام سے جانا جاتا,ur/ar,yes,SRC003 p.1 line 1730
VAR_FFADB81E59,ENT_86641D53B4,سیدہ نادری خاتون کے بطن سے سید محبت علی کی اولاد درج ذیل ہے سید,سیدہ نادرؔی خاتون کے بطن سے سید محبت علی کی اولاد درج ذیل ہے: سید,ur/ar,yes,SRC003 p.1 line 1733
VAR_F96E50BCB2,ENT_AC743DD91A,سیدہ ندا کے انتقال کے صدمے سے دوچار ہويے اس کے بعد اپ نے اپنا,سیدہ ندا کے انتقال کے صدمے سے دوچار ہوئے اس کے بعد آپ نے اپنا,ur/ar,yes,SRC003 p.1 line 1773
VAR_D4F94C8D57,ENT_F45E9A5517,سیدہ نساء العالمین، جن سے امام حسن، امام حسین، امام محسن علیہ السلام، حضرت زینب,سیدہ نساء العالمین، جن سے امام حسن، امام حسین، امام محسن علیہ السلام، حضرت زینب,ur/ar,yes,SRC003 p.1 line 238
VAR_2D47312388,ENT_0950D3BBB9,سیدہ نسرین,سیدہ نسرین,ur/ar,yes,SRC003 p.1 line 1741
VAR_06C32F16C1,ENT_E88DC68EE5,سیدہ کلثوم صغری،,سیدہ کلثوم صغری،,ur/ar,yes,SRC003 p.1 line 804
VAR_FB9945B9DA,ENT_10929C65DD,سیدہ کلیم، بیس سیدہ حکیمہ،,سیدہ کلیم، .بیس سیدہ حکیمہ،,ur/ar,yes,SRC003 p.1 line 804
VAR_414D603C0F,ENT_1EB9D639AF,شالخ,شالخ,ur/ar,yes,SRC003 Urdu text: Adam-to-Abdul-Muttalib arrow chain; SRC003 p.1 line 1
VAR_DDBC9F58D7,ENT_FE2CA6FBB3,شحن لقب جنود,شحن (لقب جنود),ur/ar,yes,SRC003 Urdu text: Adam-to-Abdul-Muttalib arrow chain; SRC003 p.1 line 1
VAR_C72F47164C,ENT_6D098DCAB0,شہید احمد پور شرقیہ ضلع بہاول پور,شہید احمد پور شرقیہ ضلع بہاول پور,ur/ar,yes,SRC003 p.1 line 4
VAR_0BDA42DE8E,ENT_7810CF298F,شہید بنگال کو فتح کی دعا دی، جنہوں نے بنگال میں شہادت پايی۔,شہید (بنگال) کو فتح کی دعا دی، جنہوں نے بنگال میں شہادت پائی۔,ur/ar,yes,SRC003 p.1 line 1216
VAR_B800B36061,ENT_67D3CEE7CD,شہید سید بشیر حسین بخاری رحمۃ اللہ علیہ حواشی و اضافات حافظ سید مہدی مرتضی,شہید سید بشیر حسین بخاری رحمۃ اللہ علیہ حواشی و اضافات: حافظ سید مہدی مرتضیٰ,ur/ar,yes,SRC003 p.1 line 951
VAR_781DA823BA,ENT_F35E0DE349,شہید سید بشیر حسین بخاری رحمۃ اللہ علیہ، مع حواشی و اضافات حافظ سید مہدی,شہید سید بشیر حسین بخاری رحمۃ اللہ علیہ، مع حواشی و اضافات حافظ سید مہدی,ur/ar,yes,SRC003 p.1 line 935
VAR_8C6CF9C624,ENT_31574698B6,شہید سید نفیس علی شاہ کے ذریعے سید امجد علی شاہ، سید حفیظ علی شاہ,شہید سید نفیس علی شاہ کے ذریعے سید امجد علی شاہ، سید حفیظ علی شاہ,ur/ar,yes,SRC003 p.1 line 1589
VAR_DC827ED743,ENT_08831E8A96,شہید کر دیا گیا۔,شہید کر دیا گیا۔,ur/ar,yes,SRC003 p.1 line 576
VAR_E03BB35B9F,ENT_94303EE22B,شہید کر دیے گيے ان کے اس سانحہ کے بعد ان کے کمسن بیٹے سید,شہید کر دیے گئے ان کے اس سانحہ کے بعد ان کے کمسن بیٹے سید,ur/ar,yes,SRC003 p.1 line 1677
VAR_A59FE2B8FB,ENT_8F0B218990,شہید کر دیے گيے شہادت کے بعد اپ کو اگرہ ہی میں سپرد خاک کیا,شہید کر دیے گئے شہادت کے بعد آپ کو آگرہ ہی میں سپردِ خاک کیا,ur/ar,yes,SRC003 p.1 line 1697
VAR_ADCA9FB872,ENT_19324B7488,شہید کرایا۔,شہید کرایا۔,ur/ar,yes,SRC003 p.1 line 635; SRC003 p.1 line 724
VAR_272E7E1E36,ENT_C522526E9B,شہید کیا گیا بیٹیاں,شہید کیا گیا بیٹیاں,ur/ar,yes,SRC003 p.1 line 532
VAR_FE9F29FF48,ENT_A9492C3332,شہید کیا گیا، تاکہ اس علمی بیداری کو روکا جا سکے۔,شہید کیا گیا، تاکہ اس علمی بیداری کو روکا جا سکے۔,ur/ar,yes,SRC003 p.1 line 607
VAR_A6F39214E5,ENT_7E3FC0A8F5,شہید کیا گیا، تاکہ اہل بیت کی قیادت کو کمزور کیا جا سکے۔,شہید کیا گیا، تاکہ اہلِ بیت کی قیادت کو کمزور کیا جا سکے۔,ur/ar,yes,SRC003 p.1 line 757
VAR_C4A4C559DE,ENT_4F30827BF5,شہید کیا گیا۔,شہید کیا گیا۔,ur/ar,yes,SRC003 p.1 line 574
VAR_7425AF8E97,ENT_D3BCA8D747,شہید ہو گيے۔,شہید ہو گئے۔,ur/ar,yes,SRC003 p.1 line 454; SRC003 p.1 line 782
VAR_E39520657F,ENT_08C7FF58C0,شہید ہونے کے بعد پروں سے بدل دیا، اور وہ جنت میں پرواز کرتے ہیں۔,شہید ہونے کے بعد پروں سے بدل دیا، اور وہ جنت میں پرواز کرتے ہیں۔,ur/ar,yes,SRC003 p.1 line 217
VAR_A974B372B3,ENT_CF136C9FC4,شہید ہويے,شہید ہوئے,ur/ar,yes,SRC003 p.1 line 531
VAR_06812535CA,ENT_94CC64074A,شہید ہويے۔,شہید ہوئے۔,ur/ar,yes,SRC003 p.1 line 216; SRC003 p.1 line 538; SRC003 p.1 line 639
VAR_804A01D789,ENT_145E49829B,شیبہ حضرت عبدالمطلب علیہ السلام,(شیبہ) حضرت عبدالمطلب علیہ السلام,ur/ar,yes,SRC003 Urdu text: Adam-to-Abdul-Muttalib arrow chain; SRC003 p.1 line 1
VAR_A557C06E8A,ENT_C2F9C369FB,شیث علیہ السلام,شیث علیہ السلام,ur/ar,yes,SRC003 Urdu text: Adam-to-Abdul-Muttalib arrow chain; SRC003 p.1 line 1
VAR_A4C73EFC56,ENT_A03F2B0134,صید لقب اسمعیل ذو الطبع,صید (لقب اسمعیل ذو الطبع),ur/ar,yes,SRC003 Urdu text: Adam-to-Abdul-Muttalib arrow chain; SRC003 p.1 line 1
VAR_6C8F524C4B,ENT_A23AD9928C,طايح طاب لقب صیقان,طائح (طاب) لقب صیقان,ur/ar,yes,SRC003 Urdu text: Adam-to-Abdul-Muttalib arrow chain; SRC003 p.1 line 1
VAR_B85EF64F75,ENT_97C340AEEE,عابر,عابر,ur/ar,yes,SRC003 Urdu text: Adam-to-Abdul-Muttalib arrow chain; SRC003 p.1 line 1
VAR_26EC338F0F,ENT_4F5CF6101E,عبد مناف,عبد مناف,ur/ar,yes,SRC003 Urdu text: Adam-to-Abdul-Muttalib arrow chain; SRC003 p.1 line 1
VAR_AD7817285C,ENT_5EA93393C9,عدنان,عدنان,ur/ar,yes,SRC003 Urdu text: Adam-to-Abdul-Muttalib arrow chain; SRC003 p.1 line 1
VAR_FB221F644B,ENT_D9F0028527,عزام عزام,عزام (عزام),ur/ar,yes,SRC003 Urdu text: Adam-to-Abdul-Muttalib arrow chain; SRC003 p.1 line 1
VAR_9DB11D92D7,ENT_74D7751851,عشی لقب عافی عقبر ابن الجن,عشی (لقب عافی عقبر ابن الجن),ur/ar,yes,SRC003 Urdu text: Adam-to-Abdul-Muttalib arrow chain; SRC003 p.1 line 1
VAR_FEB08FFFDC,ENT_FB370B023F,عقبر لقب ابراہم جابح اشمل,عقبر (لقب ابراہم جابح اشمل),ur/ar,yes,SRC003 Urdu text: Adam-to-Abdul-Muttalib arrow chain; SRC003 p.1 line 1
VAR_60D76D5E9E,ENT_B8F0AE0535,عوض لقب شمر منی,عوض (لقب شمر منی),ur/ar,yes,SRC003 Urdu text: Adam-to-Abdul-Muttalib arrow chain; SRC003 p.1 line 1
VAR_80F3CFD153,ENT_B41238F2D1,عیضنی لقب مافر,عیضنی (لقب مافر),ur/ar,yes,SRC003 Urdu text: Adam-to-Abdul-Muttalib arrow chain; SRC003 p.1 line 1
VAR_F47C94FEA9,ENT_DEA0785699,عیمر عامر لقب نیدوان ذوالا مد به,عیمر (عامر) لقب نیدوان ذوالا مد به,ur/ar,yes,SRC003 Urdu text: Adam-to-Abdul-Muttalib arrow chain; SRC003 p.1 line 1
VAR_E4819FBD4C,ENT_5D9780C533,غالب,غالب,ur/ar,yes,SRC003 Urdu text: Adam-to-Abdul-Muttalib arrow chain; SRC003 p.1 line 1
VAR_6C0CB1C4D0,ENT_C148DAE711,فالج,فالج,ur/ar,yes,SRC003 Urdu text: Adam-to-Abdul-Muttalib arrow chain; SRC003 p.1 line 1
VAR_9EC834596A,ENT_59FF4E0E44,فہر,فہر,ur/ar,yes,SRC003 Urdu text: Adam-to-Abdul-Muttalib arrow chain; SRC003 p.1 line 1
VAR_E339D6CA5A,ENT_49CB557406,قصی,قصی,ur/ar,yes,SRC003 Urdu text: Adam-to-Abdul-Muttalib arrow chain; SRC003 p.1 line 1
VAR_956D7BFE81,ENT_3DE32BF49E,قیدار دوباشرہ جزمی,قیدار (دوباشرہ جزمی),ur/ar,yes,SRC003 Urdu text: Adam-to-Abdul-Muttalib arrow chain; SRC003 p.1 line 1
VAR_A395C9B164,ENT_2DA26CB11C,قینان,قینان,ur/ar,yes,SRC003 Urdu text: Adam-to-Abdul-Muttalib arrow chain; SRC003 p.1 line 1
VAR_B05D61FFC9,ENT_657BD8404C,لامک,لامک,ur/ar,yes,SRC003 Urdu text: Adam-to-Abdul-Muttalib arrow chain; SRC003 p.1 line 1
VAR_2E89951216,ENT_2D9265F290,لوی,لؤی,ur/ar,yes,SRC003 Urdu text: Adam-to-Abdul-Muttalib arrow chain; SRC003 p.1 line 1
VAR_0B91469BBB,ENT_FD1155123A,ماضی لقب الظرب حالم النار,ماضی (لقب الظرب حالم النار),ur/ar,yes,SRC003 Urdu text: Adam-to-Abdul-Muttalib arrow chain; SRC003 p.1 line 1
VAR_442B993E73,ENT_491582910D,مالک,مالک,ur/ar,yes,SRC003 Urdu text: Adam-to-Abdul-Muttalib arrow chain; SRC003 p.1 line 1
VAR_EFF6779DED,ENT_7274590E62,متوشلخ,متوشلخ,ur/ar,yes,SRC003 Urdu text: Adam-to-Abdul-Muttalib arrow chain; SRC003 p.1 line 1
VAR_B29A4BB6AE,ENT_4975F7528D,مخدوم اعظم، جلال گنج، میر سرخ، شیر شاہ، قطب الاقطاب، سید الاولیا، پیر جلال، جلال,مخدوم اعظم، جلال گنج، میر سرخ، شیر شاہ، قطب الاقطاب، سید الاولیا، پیر جلال، جلال,ur/ar,yes,SRC003 p.1 line 1189
VAR_AE2EC44A06,ENT_9F05067E08,مخدوم الاعظم، سرخ پوش، حیدر ثانی اور جلال گنج جیسے القابات سے بھی معروف ہیں،,مخدوم الاعظم، سرخ پوش، حیدرِ ثانی اور جلال گنج جیسے القابات سے بھی معروف ہیں،,ur/ar,yes,SRC003 p.1 line 922
VAR_3D812DC00D,ENT_161F70D79D,مخدوم جہانیاں جہانگشت اسی شاخ کے فرد تھے اگرچہ بعد میں بعض شاخیں صوفی سنی,مخدوم جہانیاں جہانگشت اسی شاخ کے فرد تھے اگرچہ بعد میں بعض شاخیں صوفی سنی,ur/ar,yes,SRC003 p.1 line 1905
VAR_146D176C0F,ENT_D2A12E9389,مخدوم جہانیاں جہانگشت رحمۃ اللہ علیہ بن سید سلطان احمد کبیر بن حضرت سخی سید,مخدوم جہانیاں جہانگشت رحمۃ اللہ علیہ بن سید سلطان احمد کبیر بن حضرت سخی سید,ur/ar,yes,SRC003 p.1 line 1646
VAR_CB8FF70D01,ENT_3659D505E2,مخدوم جہانیاں جہاں گشت,مخدوم جہانیاں جہاں گشت,ur/ar,yes,SRC003 p.1 line 1465; SRC003 p.1 line 1488
VAR_FF091C89C6,ENT_CC3C10133A,مخدوم جہانیاں جہاں گشت از محمد ایوب قادری، مناقب قطبی، مراۃ الجلالی، سیر الاخیار، جلالی,مخدوم جہانیاں جہاں گشت از: محمد ایوب قادری، مناقبِ قطبی، مراۃ الجلالی، سیر الاخیار، جلالی,ur/ar,yes,SRC003 p.1 line 1368
VAR_E5CDB0013D,ENT_6DEEFBC187,مخدوم جہانیاں جہاں گشت بحر المطالب فی انساب ال ابی طالب از سید کرم حسین,مخدوم جہانیاں جہاں گشت بحر المطالب فی انساب آل ابی طالب از سید کرم حسین,ur/ar,yes,SRC003 p.1 line 1479
VAR_4B199A4A9B,ENT_E1778F2698,مخدوم جہانیاں جہاں گشت رحمۃ اللہ علیہ کے پوتے تھے۔,مخدوم جہانیاں جہاں گشت رحمۃ اللہ علیہ کے پوتے تھے۔,ur/ar,yes,SRC003 p.1 line 1466
VAR_FA69365D12,ENT_2D57C138BB,مخدوم جہانیاں جہاں گشت کی اصل تصانیف، خطوط، ملفوظات اور مرازعات جہاں گشت جیسے نایاب,مخدوم جہانیاں جہاں گشت کی اصل تصانیف، خطوط، ملفوظات اور مرازعاتِ جہاں گشت جیسے نایاب,ur/ar,yes,SRC003 p.1 line 1297
VAR_30CAB684FF,ENT_84DE2785D1,مخدوم جہانیاں جہاں گشت کے علمی و فکری سفر میں واضح طور پر نظر اتا,مخدوم جہانیاں جہاں گشت کے علمی و فکری سفر میں واضح طور پر نظر آتا,ur/ar,yes,SRC003 p.1 line 1357
VAR_083A66C57B,ENT_0D4D92094D,مخدوم جہانیاں جہاں گشت، ابو محمد عبداللہ برہان الدین قطب عالم ، شاہ عالم گجراتی,مخدوم جہانیاں جہاں گشت، ابو محمد عبداللہ (برہان الدین قطبِ عالم) ، شاہِ عالم گجراتی,ur/ar,yes,SRC003 p.1 line 1206
VAR_900894469F,ENT_8CA1B42B23,مخدوم جہانیاں جہاں گشت، تذکرہ اولیايے پاکستان جلد دوم ، سفرنامہ جہانیاں جہاں گشت۔,مخدوم جہانیاں جہاں گشت، تذکرہ اولیائے پاکستان (جلد دوم)، سفرنامہ جہانیاں جہاں گشت۔,ur/ar,yes,SRC003 p.1 line 1428
VAR_C7A2E8031B,ENT_B97DCE9159,مخدوم جہانیاں جہاں گشت، سیر الاخیار، عوارف المعارف کے دروس وصال و مزار اپ کا,مخدوم جہانیاں جہاں گشت، سیر الاخیار، عوارف المعارف کے دروس وصال و مزار آپ کا,ur/ar,yes,SRC003 p.1 line 1425
VAR_BC31AA6B21,ENT_B00626716A,مخدوم جہانیاں جہاں گشت، شیخ الاسلام، اور سیاح عالم کہا جاتا ہے اپ کا نام,مخدوم جہانیاں جہاں گشت، شیخ الاسلام، اور سیاحِ عالم کہا جاتا ہے آپ کا نام,ur/ar,yes,SRC003 p.1 line 1370
VAR_74B1DB6FD9,ENT_619522918C,مخدوم جہانیاں سے تعلیم حاصل کی۔,مخدوم جہانیاں) سے تعلیم حاصل کی۔,ur/ar,yes,SRC003 p.1 line 1473
VAR_0BD00AB27D,ENT_80601F44CE,مخدوم جہانیاں کے ہاتھوں اسلام ملا۔,مخدوم جہانیاں کے ہاتھوں اسلام ملا۔,ur/ar,yes,SRC003 p.1 line 1218
VAR_A10AD9828F,ENT_B845341F70,مخدوم حامد محمد نوبہار خامس المعروف مخدوم حضرت سید سلطان جہانیاں نقوی بخاری صاحب حافظ,مخدوم حامد محمد نوبہار خامس المعروف مخدوم حضرت سید سلطان جہانیاں نقوی بخاری صاحب حافظ,ur/ar,yes,SRC003 p.1 line 1836
VAR_2B547BCB8D,ENT_2F11047171,مخدوم حامد محمد نوبہار خامس المعروف مخدوم سید سلطان جہانیاں نقوی بخاری سجادہ نشین دربار,مخدوم حامد محمد نوبہار خامس المعروف مخدوم سید سلطان جہانیاں نقوی بخاری سجادہ نشین دربار,ur/ar,yes,SRC003 p.1 line 1833; SRC003 p.1 line 1834; SRC003 p.1 line 2
VAR_62136CF2BA,ENT_C0A748972F,مخدوم حمید نے دوبارہ تدفین کی اور پختہ عمارت بنوايی۔,مخدوم حمید نے دوبارہ تدفین کی اور پختہ عمارت بنوائی۔,ur/ar,yes,SRC003 p.1 line 1291
VAR_69CB35C86F,ENT_FEF1D5BF79,مخدوم وغیرہ میں۔,مخدوم وغیرہ میں۔,ur/ar,yes,SRC003 p.1 line 1178
VAR_392B522F63,ENT_C985835A83,مخدوم کبیر شمس الدین صاحب دستار,مخدوم کبیر شمس الدین (صاحبِ دستار,ur/ar,yes,SRC003 p.1 line 1448
VAR_E0E719F3D3,ENT_9B1C5B3F9C,مدرکہ,مدرکہ,ur/ar,yes,SRC003 Urdu text: Adam-to-Abdul-Muttalib arrow chain; SRC003 p.1 line 1
VAR_8248A68362,ENT_017995BB19,مرہ,مرہ,ur/ar,yes,SRC003 Urdu text: Adam-to-Abdul-Muttalib arrow chain; SRC003 p.1 line 1
VAR_E60E76AEFD,ENT_2A01406F8C,مزری برمز,مزری (برمز),ur/ar,yes,SRC003 Urdu text: Adam-to-Abdul-Muttalib arrow chain; SRC003 p.1 line 1
VAR_E708A8EDF1,ENT_FDB6430810,مضر,مضر,ur/ar,yes,SRC003 Urdu text: Adam-to-Abdul-Muttalib arrow chain; SRC003 p.1 line 1
VAR_C9E5611DFB,ENT_F05B7793B7,معد,معد,ur/ar,yes,SRC003 Urdu text: Adam-to-Abdul-Muttalib arrow chain; SRC003 p.1 line 1
VAR_00951D8B8C,ENT_9715AA24A8,مقصری لقب حسن ۔ زمل,مقصری (لقب حسن ۔ زمل),ur/ar,yes,SRC003 Urdu text: Adam-to-Abdul-Muttalib arrow chain; SRC003 p.1 line 1
VAR_0A43285892,ENT_DEF627BEDF,مقصری مقص,مقصری (مقص),ur/ar,yes,SRC003 Urdu text: Adam-to-Abdul-Muttalib arrow chain; SRC003 p.1 line 1
VAR_AA824DDB34,ENT_C70E40E7A5,مہلايیل,مہلائیل,ur/ar,yes,SRC003 Urdu text: Adam-to-Abdul-Muttalib arrow chain; SRC003 p.1 line 1
VAR_F82DD5425F,ENT_127B9C426B,ناحت,ناحت,ur/ar,yes,SRC003 Urdu text: Adam-to-Abdul-Muttalib arrow chain; SRC003 p.1 line 1
VAR_F9E3E32695,ENT_4F1FD9FC7D,ناحور,ناحور,ur/ar,yes,SRC003 Urdu text: Adam-to-Abdul-Muttalib arrow chain; SRC003 p.1 line 1
VAR_D51462E761,ENT_1A9887274D,ناخش لقب علقم,ناخش (لقب علقم),ur/ar,yes,SRC003 Urdu text: Adam-to-Abdul-Muttalib arrow chain; SRC003 p.1 line 1
VAR_11E35743A4,ENT_4345E89222,نزار,نزار,ur/ar,yes,SRC003 Urdu text: Adam-to-Abdul-Muttalib arrow chain; SRC003 p.1 line 1
VAR_5EC9F60007,ENT_2A674E114B,نضر,نضر,ur/ar,yes,SRC003 Urdu text: Adam-to-Abdul-Muttalib arrow chain; SRC003 p.1 line 1
VAR_6E61AD1E48,ENT_F161C9B3C3,پیر بن کر مریدین کے پیسوں پر پلنا ہے؟ یہی رویہ سید امید علی کا,پیر بن کر مریدین کے پیسوں پر پلنا ہے؟ یہی رویہ سید امید علی کا,ur/ar,yes,SRC003 p.1 line 1854
VAR_0C3EC7AFA1,ENT_77E574E256,پیر صاحب حضرت سید عبدالقادر جیلانی سے جا ملتا ہے، جو کہ سید حفیظ علی,پیر صاحب حضرت سید عبدالقادر جیلانی سے جا ملتا ہے، جو کہ سید حفیظ علی,ur/ar,yes,SRC003 p.1 line 1799
VAR_6CEA305D59,ENT_B6884B2C20,پیر طریقت سید ناصر الدین نقوی مودودی ہاشمی چشتی حسنی حسینی سجادہ نشین استانہ عالیہ,پیر طریقت سید ناصر الدین نقوی مودودی ہاشمی چشتی حسنی حسینی سجادہ نشین آستانہ عالیہ,ur/ar,yes,SRC003 p.1 line 1833
VAR_F0295153F9,ENT_0C6CFD4FDA,پیر عیدالاضحی کے دن ہوا۔,پیر عیدالاضحی کے دن ہوا۔,ur/ar,yes,SRC003 p.1 line 1425
VAR_28A111CC97,ENT_10B1BAAA76,پیر و مرشد سے جڑے رہ کر کچھ حکمت و علم سیکھ چکے ہیں۔,پیر و مرشد سے جُڑے رہ کر کچھ حکمت و علم سیکھ چکے ہیں۔,ur/ar,yes,SRC003 p.1 line 1849
VAR_76E92A0088,ENT_F704C40E9E,پیر و مریدین موجود ہیں جو فقہی اعتبار سے اثنا عشری تشیع سے وابستہ ہونے,پیر و مریدین موجود ہیں جو فقہی اعتبار سے اثنا عشری تشیع سے وابستہ ہونے,ur/ar,yes,SRC003 p.1 line 939
VAR_CC55874A25,ENT_76A4870E0F,پیر ڈاکٹر سید فہیم رضا کاظمی چشتی اجمیری حفظہ اللہ ، المعقبون من ال ابی طالب,پیر ڈاکٹر سید فہیم رضا کاظمی چشتی اجمیری حفظہ اللہ)، المعقبون من آل ابی طالب,ur/ar,yes,SRC003 p.1 line 951
VAR_0B59E13348,ENT_185955776C,ڈاکٹر غلام یزدانی، اثار متقدمین برصغیر، مطبوعہ محکمہ اثار قدیمہ پاکستان،,ڈاکٹر غلام یزدانی، آثارِ متقدمین برصغیر، مطبوعہ محکمہ آثار قدیمہ پاکستان،,ur/ar,yes,SRC003 p.1 line 1867
VAR_FA6D77635B,ENT_940A371E5A,ڈاکٹر محمد اقبال چشتی پی ایچ ڈی نظر ثانی پیر ڈاکٹر سید فہیم رضا کاظمی,ڈاکٹر محمد اقبال چشتی (پی ایچ ڈی) نظرِ ثانی : پیر ڈاکٹر سید فہیم رضا کاظمی,ur/ar,yes,SRC003 p.1 line 3
VAR_D75651D5EE,ENT_D8AF312171,ڈاکٹر کلب صادق اپنی کتاب عزاداری کا تاریخی پس منظر میں بیان کرتے ہیں کہ,ڈاکٹر کلبِ صادق اپنی کتاب عزاداری کا تاریخی پسِ منظر میں بیان کرتے ہیں کہ,ur/ar,yes,SRC003 p.1 line 1788
VAR_791B0067F1,ENT_83A1014E70,کعب,کعب,ur/ar,yes,SRC003 Urdu text: Adam-to-Abdul-Muttalib arrow chain; SRC003 p.1 line 1
VAR_2A9442C7B4,ENT_EB9489B9D5,کلاب,کلاب,ur/ar,yes,SRC003 Urdu text: Adam-to-Abdul-Muttalib arrow chain; SRC003 p.1 line 1
VAR_A4113E24FD,ENT_5839DDA1DB,کنانہ,کنانہ,ur/ar,yes,SRC003 Urdu text: Adam-to-Abdul-Muttalib arrow chain; SRC003 p.1 line 1
VAR_0AAE1F68A6,ENT_C2C019B6DB,کی شیبی لقب لجمھر,کی (شیبی) (لقب لجمھر),ur/ar,yes,SRC003 Urdu text: Adam-to-Abdul-Muttalib arrow chain; SRC003 p.1 line 1
VAR_558F360C8B,ENT_C4AAAE3AFC,ہاشم,ہاشم,ur/ar,yes,SRC003 Urdu text: Adam-to-Abdul-Muttalib arrow chain; SRC003 p.1 line 1
VAR_25D09B8145,ENT_E6851D93F0,یدلاف تلاف لقب رايمه,یدلاف (تلاف) لقب رائمه,ur/ar,yes,SRC003 Urdu text: Adam-to-Abdul-Muttalib arrow chain; SRC003 p.1 line 1
VAR_474A975704,ENT_045F6A0D09,یرد,یرد,ur/ar,yes,SRC003 Urdu text: Adam-to-Abdul-Muttalib arrow chain; SRC003 p.1 line 1
