edge_id,parent_entity_id,parent_entity_key,parent_name,child_entity_id,child_entity_key,child_name,relationship_type,certainty,source_id,page_number,line_number,source_ref,evidence_text,extraction_rule,wikidata_property_suggestion,privacy_review_required
EDGE_EDD3C61BE6,ENT_69D2568D6F,haider shah,Syed Haider Shah,ENT_E507D4C91F,ameer ali shah,Syed Ameer Ali Shah,father_of,high,SRC002,87,6,SRC002 p.87 line 6,Syed Ameer Ali Shah ibn Syed Haider Shah ibn Syed Qutb Shah ibn Syed Kabir Shah ibn Syed Sharaf ud Din Shah ibn Syed Shams ud Din Shah ibn Syed Jahangir Shah ibn Syed Yar Shah Haider ibn Syed Shah Nizam ibn Syed Zain ul Abideen ibn Syed Ilm ud Din ibn Syed Jalal ud Din Haider ibn Syed Safi ud Din ibn Syed Nizam ud Din ibn Syed Aleem ud Din ibn Syed Jalal ud Din ibn Syed Ilm ud Din Bukhari ibn Syed Mahmood Nar Nasir ud Din ibn Syed Jalal ud Din Hussain (Makhdoom Jahanian Jahan Gasht) ibn Syed Sultan Ahmed Kabir ibn Syed Jalal ud Din Surkh Posh Bukhari ibn Syed Qutb Kamal ibn Syed Ali al-Muayyad ibn Syed Jafar ibn Syed Muhammad Bukhari ibn Syed Mahmood ibn Syed Ahmed Shah ibn Syed Abdullah ibn Syed Ali Asghar ibn Syed Jafar Sani ibn Imam Ali Naqi (AS) ibn Imam Muhammad Taqi (AS) ibn Imam Ali Raza (AS) ibn Imam Musa Kazim (AS) ibn Imam Jafar Sadiq (AS) ibn Imam Muhammad Baqir (AS) ibn Imam Zain ul Abideen (AS) ibn Imam Hussain (AS) ibn Imam Ali (AS) ibn Abu Talib ibn Abdul Muttalib (A.S),primary_ibn_chain_adjacent,P22,no
EDGE_E586AD9890,ENT_26093C15EC,qutb shah,Syed Qutb Shah,ENT_69D2568D6F,haider shah,Syed Haider Shah,father_of,high,SRC002,87,7,SRC002 p.87 line 7,Syed Ameer Ali Shah ibn Syed Haider Shah ibn Syed Qutb Shah ibn Syed Kabir Shah ibn Syed Sharaf ud Din Shah ibn Syed Shams ud Din Shah ibn Syed Jahangir Shah ibn Syed Yar Shah Haider ibn Syed Shah Nizam ibn Syed Zain ul Abideen ibn Syed Ilm ud Din ibn Syed Jalal ud Din Haider ibn Syed Safi ud Din ibn Syed Nizam ud Din ibn Syed Aleem ud Din ibn Syed Jalal ud Din ibn Syed Ilm ud Din Bukhari ibn Syed Mahmood Nar Nasir ud Din ibn Syed Jalal ud Din Hussain (Makhdoom Jahanian Jahan Gasht) ibn Syed Sultan Ahmed Kabir ibn Syed Jalal ud Din Surkh Posh Bukhari ibn Syed Qutb Kamal ibn Syed Ali al-Muayyad ibn Syed Jafar ibn Syed Muhammad Bukhari ibn Syed Mahmood ibn Syed Ahmed Shah ibn Syed Abdullah ibn Syed Ali Asghar ibn Syed Jafar Sani ibn Imam Ali Naqi (AS) ibn Imam Muhammad Taqi (AS) ibn Imam Ali Raza (AS) ibn Imam Musa Kazim (AS) ibn Imam Jafar Sadiq (AS) ibn Imam Muhammad Baqir (AS) ibn Imam Zain ul Abideen (AS) ibn Imam Hussain (AS) ibn Imam Ali (AS) ibn Abu Talib ibn Abdul Muttalib (A.S),primary_ibn_chain_adjacent,P22,no
EDGE_434EB78DF7,ENT_0BBC5D8FB1,kabir shah,Syed Kabir Shah,ENT_26093C15EC,qutb shah,Syed Qutb Shah,father_of,high,SRC002,87,8,SRC002 p.87 line 8,Syed Ameer Ali Shah ibn Syed Haider Shah ibn Syed Qutb Shah ibn Syed Kabir Shah ibn Syed Sharaf ud Din Shah ibn Syed Shams ud Din Shah ibn Syed Jahangir Shah ibn Syed Yar Shah Haider ibn Syed Shah Nizam ibn Syed Zain ul Abideen ibn Syed Ilm ud Din ibn Syed Jalal ud Din Haider ibn Syed Safi ud Din ibn Syed Nizam ud Din ibn Syed Aleem ud Din ibn Syed Jalal ud Din ibn Syed Ilm ud Din Bukhari ibn Syed Mahmood Nar Nasir ud Din ibn Syed Jalal ud Din Hussain (Makhdoom Jahanian Jahan Gasht) ibn Syed Sultan Ahmed Kabir ibn Syed Jalal ud Din Surkh Posh Bukhari ibn Syed Qutb Kamal ibn Syed Ali al-Muayyad ibn Syed Jafar ibn Syed Muhammad Bukhari ibn Syed Mahmood ibn Syed Ahmed Shah ibn Syed Abdullah ibn Syed Ali Asghar ibn Syed Jafar Sani ibn Imam Ali Naqi (AS) ibn Imam Muhammad Taqi (AS) ibn Imam Ali Raza (AS) ibn Imam Musa Kazim (AS) ibn Imam Jafar Sadiq (AS) ibn Imam Muhammad Baqir (AS) ibn Imam Zain ul Abideen (AS) ibn Imam Hussain (AS) ibn Imam Ali (AS) ibn Abu Talib ibn Abdul Muttalib (A.S),primary_ibn_chain_adjacent,P22,no
EDGE_6DC54058F3,ENT_A3797F23D8,sharaf uddin din shah,Syed Sharaf ud Din Shah,ENT_0BBC5D8FB1,kabir shah,Syed Kabir Shah,father_of,high,SRC002,87,9,SRC002 p.87 line 9,Syed Ameer Ali Shah ibn Syed Haider Shah ibn Syed Qutb Shah ibn Syed Kabir Shah ibn Syed Sharaf ud Din Shah ibn Syed Shams ud Din Shah ibn Syed Jahangir Shah ibn Syed Yar Shah Haider ibn Syed Shah Nizam ibn Syed Zain ul Abideen ibn Syed Ilm ud Din ibn Syed Jalal ud Din Haider ibn Syed Safi ud Din ibn Syed Nizam ud Din ibn Syed Aleem ud Din ibn Syed Jalal ud Din ibn Syed Ilm ud Din Bukhari ibn Syed Mahmood Nar Nasir ud Din ibn Syed Jalal ud Din Hussain (Makhdoom Jahanian Jahan Gasht) ibn Syed Sultan Ahmed Kabir ibn Syed Jalal ud Din Surkh Posh Bukhari ibn Syed Qutb Kamal ibn Syed Ali al-Muayyad ibn Syed Jafar ibn Syed Muhammad Bukhari ibn Syed Mahmood ibn Syed Ahmed Shah ibn Syed Abdullah ibn Syed Ali Asghar ibn Syed Jafar Sani ibn Imam Ali Naqi (AS) ibn Imam Muhammad Taqi (AS) ibn Imam Ali Raza (AS) ibn Imam Musa Kazim (AS) ibn Imam Jafar Sadiq (AS) ibn Imam Muhammad Baqir (AS) ibn Imam Zain ul Abideen (AS) ibn Imam Hussain (AS) ibn Imam Ali (AS) ibn Abu Talib ibn Abdul Muttalib (A.S),primary_ibn_chain_adjacent,P22,no
EDGE_C30B6665E8,ENT_E833429C8C,shams uddin din shah,Syed Shams ud Din Shah,ENT_A3797F23D8,sharaf uddin din shah,Syed Sharaf ud Din Shah,father_of,high,SRC002,87,10,SRC002 p.87 line 10,Syed Ameer Ali Shah ibn Syed Haider Shah ibn Syed Qutb Shah ibn Syed Kabir Shah ibn Syed Sharaf ud Din Shah ibn Syed Shams ud Din Shah ibn Syed Jahangir Shah ibn Syed Yar Shah Haider ibn Syed Shah Nizam ibn Syed Zain ul Abideen ibn Syed Ilm ud Din ibn Syed Jalal ud Din Haider ibn Syed Safi ud Din ibn Syed Nizam ud Din ibn Syed Aleem ud Din ibn Syed Jalal ud Din ibn Syed Ilm ud Din Bukhari ibn Syed Mahmood Nar Nasir ud Din ibn Syed Jalal ud Din Hussain (Makhdoom Jahanian Jahan Gasht) ibn Syed Sultan Ahmed Kabir ibn Syed Jalal ud Din Surkh Posh Bukhari ibn Syed Qutb Kamal ibn Syed Ali al-Muayyad ibn Syed Jafar ibn Syed Muhammad Bukhari ibn Syed Mahmood ibn Syed Ahmed Shah ibn Syed Abdullah ibn Syed Ali Asghar ibn Syed Jafar Sani ibn Imam Ali Naqi (AS) ibn Imam Muhammad Taqi (AS) ibn Imam Ali Raza (AS) ibn Imam Musa Kazim (AS) ibn Imam Jafar Sadiq (AS) ibn Imam Muhammad Baqir (AS) ibn Imam Zain ul Abideen (AS) ibn Imam Hussain (AS) ibn Imam Ali (AS) ibn Abu Talib ibn Abdul Muttalib (A.S),primary_ibn_chain_adjacent,P22,no
EDGE_1B990B15C2,ENT_F900F392FC,jahangir shah,Syed Jahangir Shah,ENT_E833429C8C,shams uddin din shah,Syed Shams ud Din Shah,father_of,high,SRC002,87,11,SRC002 p.87 line 11,Syed Ameer Ali Shah ibn Syed Haider Shah ibn Syed Qutb Shah ibn Syed Kabir Shah ibn Syed Sharaf ud Din Shah ibn Syed Shams ud Din Shah ibn Syed Jahangir Shah ibn Syed Yar Shah Haider ibn Syed Shah Nizam ibn Syed Zain ul Abideen ibn Syed Ilm ud Din ibn Syed Jalal ud Din Haider ibn Syed Safi ud Din ibn Syed Nizam ud Din ibn Syed Aleem ud Din ibn Syed Jalal ud Din ibn Syed Ilm ud Din Bukhari ibn Syed Mahmood Nar Nasir ud Din ibn Syed Jalal ud Din Hussain (Makhdoom Jahanian Jahan Gasht) ibn Syed Sultan Ahmed Kabir ibn Syed Jalal ud Din Surkh Posh Bukhari ibn Syed Qutb Kamal ibn Syed Ali al-Muayyad ibn Syed Jafar ibn Syed Muhammad Bukhari ibn Syed Mahmood ibn Syed Ahmed Shah ibn Syed Abdullah ibn Syed Ali Asghar ibn Syed Jafar Sani ibn Imam Ali Naqi (AS) ibn Imam Muhammad Taqi (AS) ibn Imam Ali Raza (AS) ibn Imam Musa Kazim (AS) ibn Imam Jafar Sadiq (AS) ibn Imam Muhammad Baqir (AS) ibn Imam Zain ul Abideen (AS) ibn Imam Hussain (AS) ibn Imam Ali (AS) ibn Abu Talib ibn Abdul Muttalib (A.S),primary_ibn_chain_adjacent,P22,no
EDGE_62A5FDD86C,ENT_55369DBCA1,yar shah haider,Syed Yar Shah Haider,ENT_F900F392FC,jahangir shah,Syed Jahangir Shah,father_of,high,SRC002,87,12,SRC002 p.87 line 12,Syed Ameer Ali Shah ibn Syed Haider Shah ibn Syed Qutb Shah ibn Syed Kabir Shah ibn Syed Sharaf ud Din Shah ibn Syed Shams ud Din Shah ibn Syed Jahangir Shah ibn Syed Yar Shah Haider ibn Syed Shah Nizam ibn Syed Zain ul Abideen ibn Syed Ilm ud Din ibn Syed Jalal ud Din Haider ibn Syed Safi ud Din ibn Syed Nizam ud Din ibn Syed Aleem ud Din ibn Syed Jalal ud Din ibn Syed Ilm ud Din Bukhari ibn Syed Mahmood Nar Nasir ud Din ibn Syed Jalal ud Din Hussain (Makhdoom Jahanian Jahan Gasht) ibn Syed Sultan Ahmed Kabir ibn Syed Jalal ud Din Surkh Posh Bukhari ibn Syed Qutb Kamal ibn Syed Ali al-Muayyad ibn Syed Jafar ibn Syed Muhammad Bukhari ibn Syed Mahmood ibn Syed Ahmed Shah ibn Syed Abdullah ibn Syed Ali Asghar ibn Syed Jafar Sani ibn Imam Ali Naqi (AS) ibn Imam Muhammad Taqi (AS) ibn Imam Ali Raza (AS) ibn Imam Musa Kazim (AS) ibn Imam Jafar Sadiq (AS) ibn Imam Muhammad Baqir (AS) ibn Imam Zain ul Abideen (AS) ibn Imam Hussain (AS) ibn Imam Ali (AS) ibn Abu Talib ibn Abdul Muttalib (A.S),primary_ibn_chain_adjacent,P22,no
EDGE_470A8268DA,ENT_FE1182DCC5,shah nizam,Syed Shah Nizam,ENT_55369DBCA1,yar shah haider,Syed Yar Shah Haider,father_of,high,SRC002,87,13,SRC002 p.87 line 13,Syed Ameer Ali Shah ibn Syed Haider Shah ibn Syed Qutb Shah ibn Syed Kabir Shah ibn Syed Sharaf ud Din Shah ibn Syed Shams ud Din Shah ibn Syed Jahangir Shah ibn Syed Yar Shah Haider ibn Syed Shah Nizam ibn Syed Zain ul Abideen ibn Syed Ilm ud Din ibn Syed Jalal ud Din Haider ibn Syed Safi ud Din ibn Syed Nizam ud Din ibn Syed Aleem ud Din ibn Syed Jalal ud Din ibn Syed Ilm ud Din Bukhari ibn Syed Mahmood Nar Nasir ud Din ibn Syed Jalal ud Din Hussain (Makhdoom Jahanian Jahan Gasht) ibn Syed Sultan Ahmed Kabir ibn Syed Jalal ud Din Surkh Posh Bukhari ibn Syed Qutb Kamal ibn Syed Ali al-Muayyad ibn Syed Jafar ibn Syed Muhammad Bukhari ibn Syed Mahmood ibn Syed Ahmed Shah ibn Syed Abdullah ibn Syed Ali Asghar ibn Syed Jafar Sani ibn Imam Ali Naqi (AS) ibn Imam Muhammad Taqi (AS) ibn Imam Ali Raza (AS) ibn Imam Musa Kazim (AS) ibn Imam Jafar Sadiq (AS) ibn Imam Muhammad Baqir (AS) ibn Imam Zain ul Abideen (AS) ibn Imam Hussain (AS) ibn Imam Ali (AS) ibn Abu Talib ibn Abdul Muttalib (A.S),primary_ibn_chain_adjacent,P22,no
EDGE_AEA0FBBC79,ENT_3CE999689F,zainulabideen,Syed Zain ul Abideen,ENT_FE1182DCC5,shah nizam,Syed Shah Nizam,father_of,high,SRC002,87,14,SRC002 p.87 line 14,Syed Ameer Ali Shah ibn Syed Haider Shah ibn Syed Qutb Shah ibn Syed Kabir Shah ibn Syed Sharaf ud Din Shah ibn Syed Shams ud Din Shah ibn Syed Jahangir Shah ibn Syed Yar Shah Haider ibn Syed Shah Nizam ibn Syed Zain ul Abideen ibn Syed Ilm ud Din ibn Syed Jalal ud Din Haider ibn Syed Safi ud Din ibn Syed Nizam ud Din ibn Syed Aleem ud Din ibn Syed Jalal ud Din ibn Syed Ilm ud Din Bukhari ibn Syed Mahmood Nar Nasir ud Din ibn Syed Jalal ud Din Hussain (Makhdoom Jahanian Jahan Gasht) ibn Syed Sultan Ahmed Kabir ibn Syed Jalal ud Din Surkh Posh Bukhari ibn Syed Qutb Kamal ibn Syed Ali al-Muayyad ibn Syed Jafar ibn Syed Muhammad Bukhari ibn Syed Mahmood ibn Syed Ahmed Shah ibn Syed Abdullah ibn Syed Ali Asghar ibn Syed Jafar Sani ibn Imam Ali Naqi (AS) ibn Imam Muhammad Taqi (AS) ibn Imam Ali Raza (AS) ibn Imam Musa Kazim (AS) ibn Imam Jafar Sadiq (AS) ibn Imam Muhammad Baqir (AS) ibn Imam Zain ul Abideen (AS) ibn Imam Hussain (AS) ibn Imam Ali (AS) ibn Abu Talib ibn Abdul Muttalib (A.S),primary_ibn_chain_adjacent,P22,no
EDGE_67738AE8A2,ENT_537D23CBF7,ilm uddin din,Syed Ilm ud Din,ENT_3CE999689F,zainulabideen,Syed Zain ul Abideen,father_of,high,SRC002,87,15,SRC002 p.87 line 15,Syed Ameer Ali Shah ibn Syed Haider Shah ibn Syed Qutb Shah ibn Syed Kabir Shah ibn Syed Sharaf ud Din Shah ibn Syed Shams ud Din Shah ibn Syed Jahangir Shah ibn Syed Yar Shah Haider ibn Syed Shah Nizam ibn Syed Zain ul Abideen ibn Syed Ilm ud Din ibn Syed Jalal ud Din Haider ibn Syed Safi ud Din ibn Syed Nizam ud Din ibn Syed Aleem ud Din ibn Syed Jalal ud Din ibn Syed Ilm ud Din Bukhari ibn Syed Mahmood Nar Nasir ud Din ibn Syed Jalal ud Din Hussain (Makhdoom Jahanian Jahan Gasht) ibn Syed Sultan Ahmed Kabir ibn Syed Jalal ud Din Surkh Posh Bukhari ibn Syed Qutb Kamal ibn Syed Ali al-Muayyad ibn Syed Jafar ibn Syed Muhammad Bukhari ibn Syed Mahmood ibn Syed Ahmed Shah ibn Syed Abdullah ibn Syed Ali Asghar ibn Syed Jafar Sani ibn Imam Ali Naqi (AS) ibn Imam Muhammad Taqi (AS) ibn Imam Ali Raza (AS) ibn Imam Musa Kazim (AS) ibn Imam Jafar Sadiq (AS) ibn Imam Muhammad Baqir (AS) ibn Imam Zain ul Abideen (AS) ibn Imam Hussain (AS) ibn Imam Ali (AS) ibn Abu Talib ibn Abdul Muttalib (A.S),primary_ibn_chain_adjacent,P22,no
EDGE_245FB5CD8A,ENT_F84CE08476,jalal uddin din haider,Syed Jalal ud Din Haider,ENT_537D23CBF7,ilm uddin din,Syed Ilm ud Din,father_of,high,SRC002,87,16,SRC002 p.87 line 16,Syed Ameer Ali Shah ibn Syed Haider Shah ibn Syed Qutb Shah ibn Syed Kabir Shah ibn Syed Sharaf ud Din Shah ibn Syed Shams ud Din Shah ibn Syed Jahangir Shah ibn Syed Yar Shah Haider ibn Syed Shah Nizam ibn Syed Zain ul Abideen ibn Syed Ilm ud Din ibn Syed Jalal ud Din Haider ibn Syed Safi ud Din ibn Syed Nizam ud Din ibn Syed Aleem ud Din ibn Syed Jalal ud Din ibn Syed Ilm ud Din Bukhari ibn Syed Mahmood Nar Nasir ud Din ibn Syed Jalal ud Din Hussain (Makhdoom Jahanian Jahan Gasht) ibn Syed Sultan Ahmed Kabir ibn Syed Jalal ud Din Surkh Posh Bukhari ibn Syed Qutb Kamal ibn Syed Ali al-Muayyad ibn Syed Jafar ibn Syed Muhammad Bukhari ibn Syed Mahmood ibn Syed Ahmed Shah ibn Syed Abdullah ibn Syed Ali Asghar ibn Syed Jafar Sani ibn Imam Ali Naqi (AS) ibn Imam Muhammad Taqi (AS) ibn Imam Ali Raza (AS) ibn Imam Musa Kazim (AS) ibn Imam Jafar Sadiq (AS) ibn Imam Muhammad Baqir (AS) ibn Imam Zain ul Abideen (AS) ibn Imam Hussain (AS) ibn Imam Ali (AS) ibn Abu Talib ibn Abdul Muttalib (A.S),primary_ibn_chain_adjacent,P22,no
EDGE_166FFD6F0C,ENT_6A94F5D42B,safi uddin din,Syed Safi ud Din,ENT_F84CE08476,jalal uddin din haider,Syed Jalal ud Din Haider,father_of,high,SRC002,87,17,SRC002 p.87 line 17,Syed Ameer Ali Shah ibn Syed Haider Shah ibn Syed Qutb Shah ibn Syed Kabir Shah ibn Syed Sharaf ud Din Shah ibn Syed Shams ud Din Shah ibn Syed Jahangir Shah ibn Syed Yar Shah Haider ibn Syed Shah Nizam ibn Syed Zain ul Abideen ibn Syed Ilm ud Din ibn Syed Jalal ud Din Haider ibn Syed Safi ud Din ibn Syed Nizam ud Din ibn Syed Aleem ud Din ibn Syed Jalal ud Din ibn Syed Ilm ud Din Bukhari ibn Syed Mahmood Nar Nasir ud Din ibn Syed Jalal ud Din Hussain (Makhdoom Jahanian Jahan Gasht) ibn Syed Sultan Ahmed Kabir ibn Syed Jalal ud Din Surkh Posh Bukhari ibn Syed Qutb Kamal ibn Syed Ali al-Muayyad ibn Syed Jafar ibn Syed Muhammad Bukhari ibn Syed Mahmood ibn Syed Ahmed Shah ibn Syed Abdullah ibn Syed Ali Asghar ibn Syed Jafar Sani ibn Imam Ali Naqi (AS) ibn Imam Muhammad Taqi (AS) ibn Imam Ali Raza (AS) ibn Imam Musa Kazim (AS) ibn Imam Jafar Sadiq (AS) ibn Imam Muhammad Baqir (AS) ibn Imam Zain ul Abideen (AS) ibn Imam Hussain (AS) ibn Imam Ali (AS) ibn Abu Talib ibn Abdul Muttalib (A.S),primary_ibn_chain_adjacent,P22,no
EDGE_62A02B4CB4,ENT_6A49933660,nizam uddin din,Syed Nizam ud Din,ENT_6A94F5D42B,safi uddin din,Syed Safi ud Din,father_of,high,SRC002,87,18,SRC002 p.87 line 18,Syed Ameer Ali Shah ibn Syed Haider Shah ibn Syed Qutb Shah ibn Syed Kabir Shah ibn Syed Sharaf ud Din Shah ibn Syed Shams ud Din Shah ibn Syed Jahangir Shah ibn Syed Yar Shah Haider ibn Syed Shah Nizam ibn Syed Zain ul Abideen ibn Syed Ilm ud Din ibn Syed Jalal ud Din Haider ibn Syed Safi ud Din ibn Syed Nizam ud Din ibn Syed Aleem ud Din ibn Syed Jalal ud Din ibn Syed Ilm ud Din Bukhari ibn Syed Mahmood Nar Nasir ud Din ibn Syed Jalal ud Din Hussain (Makhdoom Jahanian Jahan Gasht) ibn Syed Sultan Ahmed Kabir ibn Syed Jalal ud Din Surkh Posh Bukhari ibn Syed Qutb Kamal ibn Syed Ali al-Muayyad ibn Syed Jafar ibn Syed Muhammad Bukhari ibn Syed Mahmood ibn Syed Ahmed Shah ibn Syed Abdullah ibn Syed Ali Asghar ibn Syed Jafar Sani ibn Imam Ali Naqi (AS) ibn Imam Muhammad Taqi (AS) ibn Imam Ali Raza (AS) ibn Imam Musa Kazim (AS) ibn Imam Jafar Sadiq (AS) ibn Imam Muhammad Baqir (AS) ibn Imam Zain ul Abideen (AS) ibn Imam Hussain (AS) ibn Imam Ali (AS) ibn Abu Talib ibn Abdul Muttalib (A.S),primary_ibn_chain_adjacent,P22,no
EDGE_51D6A3FF4A,ENT_444122D5FB,aleem uddin din,Syed Aleem ud Din,ENT_6A49933660,nizam uddin din,Syed Nizam ud Din,father_of,high,SRC002,87,19,SRC002 p.87 line 19,Syed Ameer Ali Shah ibn Syed Haider Shah ibn Syed Qutb Shah ibn Syed Kabir Shah ibn Syed Sharaf ud Din Shah ibn Syed Shams ud Din Shah ibn Syed Jahangir Shah ibn Syed Yar Shah Haider ibn Syed Shah Nizam ibn Syed Zain ul Abideen ibn Syed Ilm ud Din ibn Syed Jalal ud Din Haider ibn Syed Safi ud Din ibn Syed Nizam ud Din ibn Syed Aleem ud Din ibn Syed Jalal ud Din ibn Syed Ilm ud Din Bukhari ibn Syed Mahmood Nar Nasir ud Din ibn Syed Jalal ud Din Hussain (Makhdoom Jahanian Jahan Gasht) ibn Syed Sultan Ahmed Kabir ibn Syed Jalal ud Din Surkh Posh Bukhari ibn Syed Qutb Kamal ibn Syed Ali al-Muayyad ibn Syed Jafar ibn Syed Muhammad Bukhari ibn Syed Mahmood ibn Syed Ahmed Shah ibn Syed Abdullah ibn Syed Ali Asghar ibn Syed Jafar Sani ibn Imam Ali Naqi (AS) ibn Imam Muhammad Taqi (AS) ibn Imam Ali Raza (AS) ibn Imam Musa Kazim (AS) ibn Imam Jafar Sadiq (AS) ibn Imam Muhammad Baqir (AS) ibn Imam Zain ul Abideen (AS) ibn Imam Hussain (AS) ibn Imam Ali (AS) ibn Abu Talib ibn Abdul Muttalib (A.S),primary_ibn_chain_adjacent,P22,no
EDGE_698809F251,ENT_C45DDF5A04,jalal uddin din,Syed Jalal ud Din,ENT_444122D5FB,aleem uddin din,Syed Aleem ud Din,father_of,high,SRC002,87,20,SRC002 p.87 line 20,Syed Ameer Ali Shah ibn Syed Haider Shah ibn Syed Qutb Shah ibn Syed Kabir Shah ibn Syed Sharaf ud Din Shah ibn Syed Shams ud Din Shah ibn Syed Jahangir Shah ibn Syed Yar Shah Haider ibn Syed Shah Nizam ibn Syed Zain ul Abideen ibn Syed Ilm ud Din ibn Syed Jalal ud Din Haider ibn Syed Safi ud Din ibn Syed Nizam ud Din ibn Syed Aleem ud Din ibn Syed Jalal ud Din ibn Syed Ilm ud Din Bukhari ibn Syed Mahmood Nar Nasir ud Din ibn Syed Jalal ud Din Hussain (Makhdoom Jahanian Jahan Gasht) ibn Syed Sultan Ahmed Kabir ibn Syed Jalal ud Din Surkh Posh Bukhari ibn Syed Qutb Kamal ibn Syed Ali al-Muayyad ibn Syed Jafar ibn Syed Muhammad Bukhari ibn Syed Mahmood ibn Syed Ahmed Shah ibn Syed Abdullah ibn Syed Ali Asghar ibn Syed Jafar Sani ibn Imam Ali Naqi (AS) ibn Imam Muhammad Taqi (AS) ibn Imam Ali Raza (AS) ibn Imam Musa Kazim (AS) ibn Imam Jafar Sadiq (AS) ibn Imam Muhammad Baqir (AS) ibn Imam Zain ul Abideen (AS) ibn Imam Hussain (AS) ibn Imam Ali (AS) ibn Abu Talib ibn Abdul Muttalib (A.S),primary_ibn_chain_adjacent,P22,no
EDGE_688406D22E,ENT_2C7ED1C15C,ilm uddin din bukhari,Syed Ilm ud Din Bukhari,ENT_C45DDF5A04,jalal uddin din,Syed Jalal ud Din,father_of,high,SRC002,87,21,SRC002 p.87 line 21,Syed Ameer Ali Shah ibn Syed Haider Shah ibn Syed Qutb Shah ibn Syed Kabir Shah ibn Syed Sharaf ud Din Shah ibn Syed Shams ud Din Shah ibn Syed Jahangir Shah ibn Syed Yar Shah Haider ibn Syed Shah Nizam ibn Syed Zain ul Abideen ibn Syed Ilm ud Din ibn Syed Jalal ud Din Haider ibn Syed Safi ud Din ibn Syed Nizam ud Din ibn Syed Aleem ud Din ibn Syed Jalal ud Din ibn Syed Ilm ud Din Bukhari ibn Syed Mahmood Nar Nasir ud Din ibn Syed Jalal ud Din Hussain (Makhdoom Jahanian Jahan Gasht) ibn Syed Sultan Ahmed Kabir ibn Syed Jalal ud Din Surkh Posh Bukhari ibn Syed Qutb Kamal ibn Syed Ali al-Muayyad ibn Syed Jafar ibn Syed Muhammad Bukhari ibn Syed Mahmood ibn Syed Ahmed Shah ibn Syed Abdullah ibn Syed Ali Asghar ibn Syed Jafar Sani ibn Imam Ali Naqi (AS) ibn Imam Muhammad Taqi (AS) ibn Imam Ali Raza (AS) ibn Imam Musa Kazim (AS) ibn Imam Jafar Sadiq (AS) ibn Imam Muhammad Baqir (AS) ibn Imam Zain ul Abideen (AS) ibn Imam Hussain (AS) ibn Imam Ali (AS) ibn Abu Talib ibn Abdul Muttalib (A.S),primary_ibn_chain_adjacent,P22,no
EDGE_4D82CC8F3D,ENT_805277F46A,mahmood nar nasir uddin din,Syed Mahmood Nar Nasir ud Din,ENT_2C7ED1C15C,ilm uddin din bukhari,Syed Ilm ud Din Bukhari,father_of,high,SRC002,87,22,SRC002 p.87 line 22,Syed Ameer Ali Shah ibn Syed Haider Shah ibn Syed Qutb Shah ibn Syed Kabir Shah ibn Syed Sharaf ud Din Shah ibn Syed Shams ud Din Shah ibn Syed Jahangir Shah ibn Syed Yar Shah Haider ibn Syed Shah Nizam ibn Syed Zain ul Abideen ibn Syed Ilm ud Din ibn Syed Jalal ud Din Haider ibn Syed Safi ud Din ibn Syed Nizam ud Din ibn Syed Aleem ud Din ibn Syed Jalal ud Din ibn Syed Ilm ud Din Bukhari ibn Syed Mahmood Nar Nasir ud Din ibn Syed Jalal ud Din Hussain (Makhdoom Jahanian Jahan Gasht) ibn Syed Sultan Ahmed Kabir ibn Syed Jalal ud Din Surkh Posh Bukhari ibn Syed Qutb Kamal ibn Syed Ali al-Muayyad ibn Syed Jafar ibn Syed Muhammad Bukhari ibn Syed Mahmood ibn Syed Ahmed Shah ibn Syed Abdullah ibn Syed Ali Asghar ibn Syed Jafar Sani ibn Imam Ali Naqi (AS) ibn Imam Muhammad Taqi (AS) ibn Imam Ali Raza (AS) ibn Imam Musa Kazim (AS) ibn Imam Jafar Sadiq (AS) ibn Imam Muhammad Baqir (AS) ibn Imam Zain ul Abideen (AS) ibn Imam Hussain (AS) ibn Imam Ali (AS) ibn Abu Talib ibn Abdul Muttalib (A.S),primary_ibn_chain_adjacent,P22,no
EDGE_8149ED6880,ENT_7CF5F82F66,jalal uddin din husayn makhdoom jahanian jahan gasht,Syed Jalal ud Din Hussain (Makhdoom Jahanian Jahan Gasht),ENT_805277F46A,mahmood nar nasir uddin din,Syed Mahmood Nar Nasir ud Din,father_of,high,SRC002,87,23,SRC002 p.87 line 23,Syed Ameer Ali Shah ibn Syed Haider Shah ibn Syed Qutb Shah ibn Syed Kabir Shah ibn Syed Sharaf ud Din Shah ibn Syed Shams ud Din Shah ibn Syed Jahangir Shah ibn Syed Yar Shah Haider ibn Syed Shah Nizam ibn Syed Zain ul Abideen ibn Syed Ilm ud Din ibn Syed Jalal ud Din Haider ibn Syed Safi ud Din ibn Syed Nizam ud Din ibn Syed Aleem ud Din ibn Syed Jalal ud Din ibn Syed Ilm ud Din Bukhari ibn Syed Mahmood Nar Nasir ud Din ibn Syed Jalal ud Din Hussain (Makhdoom Jahanian Jahan Gasht) ibn Syed Sultan Ahmed Kabir ibn Syed Jalal ud Din Surkh Posh Bukhari ibn Syed Qutb Kamal ibn Syed Ali al-Muayyad ibn Syed Jafar ibn Syed Muhammad Bukhari ibn Syed Mahmood ibn Syed Ahmed Shah ibn Syed Abdullah ibn Syed Ali Asghar ibn Syed Jafar Sani ibn Imam Ali Naqi (AS) ibn Imam Muhammad Taqi (AS) ibn Imam Ali Raza (AS) ibn Imam Musa Kazim (AS) ibn Imam Jafar Sadiq (AS) ibn Imam Muhammad Baqir (AS) ibn Imam Zain ul Abideen (AS) ibn Imam Hussain (AS) ibn Imam Ali (AS) ibn Abu Talib ibn Abdul Muttalib (A.S),primary_ibn_chain_adjacent,P22,no
EDGE_000572F0E5,ENT_698277D940,sultan ahmed kabir,Syed Sultan Ahmed Kabir,ENT_7CF5F82F66,jalal uddin din husayn makhdoom jahanian jahan gasht,Syed Jalal ud Din Hussain (Makhdoom Jahanian Jahan Gasht),father_of,high,SRC002,87,24,SRC002 p.87 line 24,Syed Ameer Ali Shah ibn Syed Haider Shah ibn Syed Qutb Shah ibn Syed Kabir Shah ibn Syed Sharaf ud Din Shah ibn Syed Shams ud Din Shah ibn Syed Jahangir Shah ibn Syed Yar Shah Haider ibn Syed Shah Nizam ibn Syed Zain ul Abideen ibn Syed Ilm ud Din ibn Syed Jalal ud Din Haider ibn Syed Safi ud Din ibn Syed Nizam ud Din ibn Syed Aleem ud Din ibn Syed Jalal ud Din ibn Syed Ilm ud Din Bukhari ibn Syed Mahmood Nar Nasir ud Din ibn Syed Jalal ud Din Hussain (Makhdoom Jahanian Jahan Gasht) ibn Syed Sultan Ahmed Kabir ibn Syed Jalal ud Din Surkh Posh Bukhari ibn Syed Qutb Kamal ibn Syed Ali al-Muayyad ibn Syed Jafar ibn Syed Muhammad Bukhari ibn Syed Mahmood ibn Syed Ahmed Shah ibn Syed Abdullah ibn Syed Ali Asghar ibn Syed Jafar Sani ibn Imam Ali Naqi (AS) ibn Imam Muhammad Taqi (AS) ibn Imam Ali Raza (AS) ibn Imam Musa Kazim (AS) ibn Imam Jafar Sadiq (AS) ibn Imam Muhammad Baqir (AS) ibn Imam Zain ul Abideen (AS) ibn Imam Hussain (AS) ibn Imam Ali (AS) ibn Abu Talib ibn Abdul Muttalib (A.S),primary_ibn_chain_adjacent,P22,no
EDGE_15BD752E18,ENT_F4F0A7C060,jalal uddin din surkh posh bukhari,Syed Jalal ud Din Surkh Posh Bukhari,ENT_698277D940,sultan ahmed kabir,Syed Sultan Ahmed Kabir,father_of,high,SRC002,87,25,SRC002 p.87 line 25,Syed Ameer Ali Shah ibn Syed Haider Shah ibn Syed Qutb Shah ibn Syed Kabir Shah ibn Syed Sharaf ud Din Shah ibn Syed Shams ud Din Shah ibn Syed Jahangir Shah ibn Syed Yar Shah Haider ibn Syed Shah Nizam ibn Syed Zain ul Abideen ibn Syed Ilm ud Din ibn Syed Jalal ud Din Haider ibn Syed Safi ud Din ibn Syed Nizam ud Din ibn Syed Aleem ud Din ibn Syed Jalal ud Din ibn Syed Ilm ud Din Bukhari ibn Syed Mahmood Nar Nasir ud Din ibn Syed Jalal ud Din Hussain (Makhdoom Jahanian Jahan Gasht) ibn Syed Sultan Ahmed Kabir ibn Syed Jalal ud Din Surkh Posh Bukhari ibn Syed Qutb Kamal ibn Syed Ali al-Muayyad ibn Syed Jafar ibn Syed Muhammad Bukhari ibn Syed Mahmood ibn Syed Ahmed Shah ibn Syed Abdullah ibn Syed Ali Asghar ibn Syed Jafar Sani ibn Imam Ali Naqi (AS) ibn Imam Muhammad Taqi (AS) ibn Imam Ali Raza (AS) ibn Imam Musa Kazim (AS) ibn Imam Jafar Sadiq (AS) ibn Imam Muhammad Baqir (AS) ibn Imam Zain ul Abideen (AS) ibn Imam Hussain (AS) ibn Imam Ali (AS) ibn Abu Talib ibn Abdul Muttalib (A.S),primary_ibn_chain_adjacent,P22,no
EDGE_41806E9C06,ENT_DBE2D50B45,qutb kamal,Syed Qutb Kamal,ENT_F4F0A7C060,jalal uddin din surkh posh bukhari,Syed Jalal ud Din Surkh Posh Bukhari,father_of,high,SRC002,87,26,SRC002 p.87 line 26,Syed Ameer Ali Shah ibn Syed Haider Shah ibn Syed Qutb Shah ibn Syed Kabir Shah ibn Syed Sharaf ud Din Shah ibn Syed Shams ud Din Shah ibn Syed Jahangir Shah ibn Syed Yar Shah Haider ibn Syed Shah Nizam ibn Syed Zain ul Abideen ibn Syed Ilm ud Din ibn Syed Jalal ud Din Haider ibn Syed Safi ud Din ibn Syed Nizam ud Din ibn Syed Aleem ud Din ibn Syed Jalal ud Din ibn Syed Ilm ud Din Bukhari ibn Syed Mahmood Nar Nasir ud Din ibn Syed Jalal ud Din Hussain (Makhdoom Jahanian Jahan Gasht) ibn Syed Sultan Ahmed Kabir ibn Syed Jalal ud Din Surkh Posh Bukhari ibn Syed Qutb Kamal ibn Syed Ali al-Muayyad ibn Syed Jafar ibn Syed Muhammad Bukhari ibn Syed Mahmood ibn Syed Ahmed Shah ibn Syed Abdullah ibn Syed Ali Asghar ibn Syed Jafar Sani ibn Imam Ali Naqi (AS) ibn Imam Muhammad Taqi (AS) ibn Imam Ali Raza (AS) ibn Imam Musa Kazim (AS) ibn Imam Jafar Sadiq (AS) ibn Imam Muhammad Baqir (AS) ibn Imam Zain ul Abideen (AS) ibn Imam Hussain (AS) ibn Imam Ali (AS) ibn Abu Talib ibn Abdul Muttalib (A.S),primary_ibn_chain_adjacent,P22,no
EDGE_AD533761B9,ENT_58638DA14D,ali al muayyad,Syed Ali al-Muayyad,ENT_DBE2D50B45,qutb kamal,Syed Qutb Kamal,father_of,high,SRC002,87,27,SRC002 p.87 line 27,Syed Ameer Ali Shah ibn Syed Haider Shah ibn Syed Qutb Shah ibn Syed Kabir Shah ibn Syed Sharaf ud Din Shah ibn Syed Shams ud Din Shah ibn Syed Jahangir Shah ibn Syed Yar Shah Haider ibn Syed Shah Nizam ibn Syed Zain ul Abideen ibn Syed Ilm ud Din ibn Syed Jalal ud Din Haider ibn Syed Safi ud Din ibn Syed Nizam ud Din ibn Syed Aleem ud Din ibn Syed Jalal ud Din ibn Syed Ilm ud Din Bukhari ibn Syed Mahmood Nar Nasir ud Din ibn Syed Jalal ud Din Hussain (Makhdoom Jahanian Jahan Gasht) ibn Syed Sultan Ahmed Kabir ibn Syed Jalal ud Din Surkh Posh Bukhari ibn Syed Qutb Kamal ibn Syed Ali al-Muayyad ibn Syed Jafar ibn Syed Muhammad Bukhari ibn Syed Mahmood ibn Syed Ahmed Shah ibn Syed Abdullah ibn Syed Ali Asghar ibn Syed Jafar Sani ibn Imam Ali Naqi (AS) ibn Imam Muhammad Taqi (AS) ibn Imam Ali Raza (AS) ibn Imam Musa Kazim (AS) ibn Imam Jafar Sadiq (AS) ibn Imam Muhammad Baqir (AS) ibn Imam Zain ul Abideen (AS) ibn Imam Hussain (AS) ibn Imam Ali (AS) ibn Abu Talib ibn Abdul Muttalib (A.S),primary_ibn_chain_adjacent,P22,no
EDGE_3C7FBE6927,ENT_2C3E0A731E,jafar,Syed Jafar,ENT_58638DA14D,ali al muayyad,Syed Ali al-Muayyad,father_of,high,SRC002,87,28,SRC002 p.87 line 28,Syed Ameer Ali Shah ibn Syed Haider Shah ibn Syed Qutb Shah ibn Syed Kabir Shah ibn Syed Sharaf ud Din Shah ibn Syed Shams ud Din Shah ibn Syed Jahangir Shah ibn Syed Yar Shah Haider ibn Syed Shah Nizam ibn Syed Zain ul Abideen ibn Syed Ilm ud Din ibn Syed Jalal ud Din Haider ibn Syed Safi ud Din ibn Syed Nizam ud Din ibn Syed Aleem ud Din ibn Syed Jalal ud Din ibn Syed Ilm ud Din Bukhari ibn Syed Mahmood Nar Nasir ud Din ibn Syed Jalal ud Din Hussain (Makhdoom Jahanian Jahan Gasht) ibn Syed Sultan Ahmed Kabir ibn Syed Jalal ud Din Surkh Posh Bukhari ibn Syed Qutb Kamal ibn Syed Ali al-Muayyad ibn Syed Jafar ibn Syed Muhammad Bukhari ibn Syed Mahmood ibn Syed Ahmed Shah ibn Syed Abdullah ibn Syed Ali Asghar ibn Syed Jafar Sani ibn Imam Ali Naqi (AS) ibn Imam Muhammad Taqi (AS) ibn Imam Ali Raza (AS) ibn Imam Musa Kazim (AS) ibn Imam Jafar Sadiq (AS) ibn Imam Muhammad Baqir (AS) ibn Imam Zain ul Abideen (AS) ibn Imam Hussain (AS) ibn Imam Ali (AS) ibn Abu Talib ibn Abdul Muttalib (A.S),primary_ibn_chain_adjacent,P22,no
EDGE_5FB70AB589,ENT_188E233184,muhammad bukhari,Syed Muhammad Bukhari,ENT_2C3E0A731E,jafar,Syed Jafar,father_of,high,SRC002,87,29,SRC002 p.87 line 29,Syed Ameer Ali Shah ibn Syed Haider Shah ibn Syed Qutb Shah ibn Syed Kabir Shah ibn Syed Sharaf ud Din Shah ibn Syed Shams ud Din Shah ibn Syed Jahangir Shah ibn Syed Yar Shah Haider ibn Syed Shah Nizam ibn Syed Zain ul Abideen ibn Syed Ilm ud Din ibn Syed Jalal ud Din Haider ibn Syed Safi ud Din ibn Syed Nizam ud Din ibn Syed Aleem ud Din ibn Syed Jalal ud Din ibn Syed Ilm ud Din Bukhari ibn Syed Mahmood Nar Nasir ud Din ibn Syed Jalal ud Din Hussain (Makhdoom Jahanian Jahan Gasht) ibn Syed Sultan Ahmed Kabir ibn Syed Jalal ud Din Surkh Posh Bukhari ibn Syed Qutb Kamal ibn Syed Ali al-Muayyad ibn Syed Jafar ibn Syed Muhammad Bukhari ibn Syed Mahmood ibn Syed Ahmed Shah ibn Syed Abdullah ibn Syed Ali Asghar ibn Syed Jafar Sani ibn Imam Ali Naqi (AS) ibn Imam Muhammad Taqi (AS) ibn Imam Ali Raza (AS) ibn Imam Musa Kazim (AS) ibn Imam Jafar Sadiq (AS) ibn Imam Muhammad Baqir (AS) ibn Imam Zain ul Abideen (AS) ibn Imam Hussain (AS) ibn Imam Ali (AS) ibn Abu Talib ibn Abdul Muttalib (A.S),primary_ibn_chain_adjacent,P22,no
EDGE_AD720B2690,ENT_62203E42CE,mahmood,Syed Mahmood,ENT_188E233184,muhammad bukhari,Syed Muhammad Bukhari,father_of,high,SRC002,87,30,SRC002 p.87 line 30,Syed Ameer Ali Shah ibn Syed Haider Shah ibn Syed Qutb Shah ibn Syed Kabir Shah ibn Syed Sharaf ud Din Shah ibn Syed Shams ud Din Shah ibn Syed Jahangir Shah ibn Syed Yar Shah Haider ibn Syed Shah Nizam ibn Syed Zain ul Abideen ibn Syed Ilm ud Din ibn Syed Jalal ud Din Haider ibn Syed Safi ud Din ibn Syed Nizam ud Din ibn Syed Aleem ud Din ibn Syed Jalal ud Din ibn Syed Ilm ud Din Bukhari ibn Syed Mahmood Nar Nasir ud Din ibn Syed Jalal ud Din Hussain (Makhdoom Jahanian Jahan Gasht) ibn Syed Sultan Ahmed Kabir ibn Syed Jalal ud Din Surkh Posh Bukhari ibn Syed Qutb Kamal ibn Syed Ali al-Muayyad ibn Syed Jafar ibn Syed Muhammad Bukhari ibn Syed Mahmood ibn Syed Ahmed Shah ibn Syed Abdullah ibn Syed Ali Asghar ibn Syed Jafar Sani ibn Imam Ali Naqi (AS) ibn Imam Muhammad Taqi (AS) ibn Imam Ali Raza (AS) ibn Imam Musa Kazim (AS) ibn Imam Jafar Sadiq (AS) ibn Imam Muhammad Baqir (AS) ibn Imam Zain ul Abideen (AS) ibn Imam Hussain (AS) ibn Imam Ali (AS) ibn Abu Talib ibn Abdul Muttalib (A.S),primary_ibn_chain_adjacent,P22,no
EDGE_EB0C9CAF5E,ENT_13BE37EC7A,ahmed shah,Syed Ahmed Shah,ENT_62203E42CE,mahmood,Syed Mahmood,father_of,high,SRC002,87,31,SRC002 p.87 line 31,Syed Ameer Ali Shah ibn Syed Haider Shah ibn Syed Qutb Shah ibn Syed Kabir Shah ibn Syed Sharaf ud Din Shah ibn Syed Shams ud Din Shah ibn Syed Jahangir Shah ibn Syed Yar Shah Haider ibn Syed Shah Nizam ibn Syed Zain ul Abideen ibn Syed Ilm ud Din ibn Syed Jalal ud Din Haider ibn Syed Safi ud Din ibn Syed Nizam ud Din ibn Syed Aleem ud Din ibn Syed Jalal ud Din ibn Syed Ilm ud Din Bukhari ibn Syed Mahmood Nar Nasir ud Din ibn Syed Jalal ud Din Hussain (Makhdoom Jahanian Jahan Gasht) ibn Syed Sultan Ahmed Kabir ibn Syed Jalal ud Din Surkh Posh Bukhari ibn Syed Qutb Kamal ibn Syed Ali al-Muayyad ibn Syed Jafar ibn Syed Muhammad Bukhari ibn Syed Mahmood ibn Syed Ahmed Shah ibn Syed Abdullah ibn Syed Ali Asghar ibn Syed Jafar Sani ibn Imam Ali Naqi (AS) ibn Imam Muhammad Taqi (AS) ibn Imam Ali Raza (AS) ibn Imam Musa Kazim (AS) ibn Imam Jafar Sadiq (AS) ibn Imam Muhammad Baqir (AS) ibn Imam Zain ul Abideen (AS) ibn Imam Hussain (AS) ibn Imam Ali (AS) ibn Abu Talib ibn Abdul Muttalib (A.S),primary_ibn_chain_adjacent,P22,no
EDGE_B32B66407E,ENT_F2D3F09150,abdullah,Syed Abdullah,ENT_13BE37EC7A,ahmed shah,Syed Ahmed Shah,father_of,high,SRC002,87,32,SRC002 p.87 line 32,Syed Ameer Ali Shah ibn Syed Haider Shah ibn Syed Qutb Shah ibn Syed Kabir Shah ibn Syed Sharaf ud Din Shah ibn Syed Shams ud Din Shah ibn Syed Jahangir Shah ibn Syed Yar Shah Haider ibn Syed Shah Nizam ibn Syed Zain ul Abideen ibn Syed Ilm ud Din ibn Syed Jalal ud Din Haider ibn Syed Safi ud Din ibn Syed Nizam ud Din ibn Syed Aleem ud Din ibn Syed Jalal ud Din ibn Syed Ilm ud Din Bukhari ibn Syed Mahmood Nar Nasir ud Din ibn Syed Jalal ud Din Hussain (Makhdoom Jahanian Jahan Gasht) ibn Syed Sultan Ahmed Kabir ibn Syed Jalal ud Din Surkh Posh Bukhari ibn Syed Qutb Kamal ibn Syed Ali al-Muayyad ibn Syed Jafar ibn Syed Muhammad Bukhari ibn Syed Mahmood ibn Syed Ahmed Shah ibn Syed Abdullah ibn Syed Ali Asghar ibn Syed Jafar Sani ibn Imam Ali Naqi (AS) ibn Imam Muhammad Taqi (AS) ibn Imam Ali Raza (AS) ibn Imam Musa Kazim (AS) ibn Imam Jafar Sadiq (AS) ibn Imam Muhammad Baqir (AS) ibn Imam Zain ul Abideen (AS) ibn Imam Hussain (AS) ibn Imam Ali (AS) ibn Abu Talib ibn Abdul Muttalib (A.S),primary_ibn_chain_adjacent,P22,no
EDGE_36E9017BF7,ENT_F666017C7B,ali asghar,Syed Ali Asghar,ENT_F2D3F09150,abdullah,Syed Abdullah,father_of,high,SRC002,87,33,SRC002 p.87 line 33,Syed Ameer Ali Shah ibn Syed Haider Shah ibn Syed Qutb Shah ibn Syed Kabir Shah ibn Syed Sharaf ud Din Shah ibn Syed Shams ud Din Shah ibn Syed Jahangir Shah ibn Syed Yar Shah Haider ibn Syed Shah Nizam ibn Syed Zain ul Abideen ibn Syed Ilm ud Din ibn Syed Jalal ud Din Haider ibn Syed Safi ud Din ibn Syed Nizam ud Din ibn Syed Aleem ud Din ibn Syed Jalal ud Din ibn Syed Ilm ud Din Bukhari ibn Syed Mahmood Nar Nasir ud Din ibn Syed Jalal ud Din Hussain (Makhdoom Jahanian Jahan Gasht) ibn Syed Sultan Ahmed Kabir ibn Syed Jalal ud Din Surkh Posh Bukhari ibn Syed Qutb Kamal ibn Syed Ali al-Muayyad ibn Syed Jafar ibn Syed Muhammad Bukhari ibn Syed Mahmood ibn Syed Ahmed Shah ibn Syed Abdullah ibn Syed Ali Asghar ibn Syed Jafar Sani ibn Imam Ali Naqi (AS) ibn Imam Muhammad Taqi (AS) ibn Imam Ali Raza (AS) ibn Imam Musa Kazim (AS) ibn Imam Jafar Sadiq (AS) ibn Imam Muhammad Baqir (AS) ibn Imam Zain ul Abideen (AS) ibn Imam Hussain (AS) ibn Imam Ali (AS) ibn Abu Talib ibn Abdul Muttalib (A.S),primary_ibn_chain_adjacent,P22,no
EDGE_B501C61A8C,ENT_D09CF34D44,jafar sani,Syed Jafar Sani,ENT_F666017C7B,ali asghar,Syed Ali Asghar,father_of,high,SRC002,87,34,SRC002 p.87 line 34,Syed Ameer Ali Shah ibn Syed Haider Shah ibn Syed Qutb Shah ibn Syed Kabir Shah ibn Syed Sharaf ud Din Shah ibn Syed Shams ud Din Shah ibn Syed Jahangir Shah ibn Syed Yar Shah Haider ibn Syed Shah Nizam ibn Syed Zain ul Abideen ibn Syed Ilm ud Din ibn Syed Jalal ud Din Haider ibn Syed Safi ud Din ibn Syed Nizam ud Din ibn Syed Aleem ud Din ibn Syed Jalal ud Din ibn Syed Ilm ud Din Bukhari ibn Syed Mahmood Nar Nasir ud Din ibn Syed Jalal ud Din Hussain (Makhdoom Jahanian Jahan Gasht) ibn Syed Sultan Ahmed Kabir ibn Syed Jalal ud Din Surkh Posh Bukhari ibn Syed Qutb Kamal ibn Syed Ali al-Muayyad ibn Syed Jafar ibn Syed Muhammad Bukhari ibn Syed Mahmood ibn Syed Ahmed Shah ibn Syed Abdullah ibn Syed Ali Asghar ibn Syed Jafar Sani ibn Imam Ali Naqi (AS) ibn Imam Muhammad Taqi (AS) ibn Imam Ali Raza (AS) ibn Imam Musa Kazim (AS) ibn Imam Jafar Sadiq (AS) ibn Imam Muhammad Baqir (AS) ibn Imam Zain ul Abideen (AS) ibn Imam Hussain (AS) ibn Imam Ali (AS) ibn Abu Talib ibn Abdul Muttalib (A.S),primary_ibn_chain_adjacent,P22,no
EDGE_9C9DF28A38,ENT_802CAAE044,imam ali naqi,Imam Ali Naqi,ENT_D09CF34D44,jafar sani,Syed Jafar Sani,father_of,high,SRC002,87,35,SRC002 p.87 line 35,Syed Ameer Ali Shah ibn Syed Haider Shah ibn Syed Qutb Shah ibn Syed Kabir Shah ibn Syed Sharaf ud Din Shah ibn Syed Shams ud Din Shah ibn Syed Jahangir Shah ibn Syed Yar Shah Haider ibn Syed Shah Nizam ibn Syed Zain ul Abideen ibn Syed Ilm ud Din ibn Syed Jalal ud Din Haider ibn Syed Safi ud Din ibn Syed Nizam ud Din ibn Syed Aleem ud Din ibn Syed Jalal ud Din ibn Syed Ilm ud Din Bukhari ibn Syed Mahmood Nar Nasir ud Din ibn Syed Jalal ud Din Hussain (Makhdoom Jahanian Jahan Gasht) ibn Syed Sultan Ahmed Kabir ibn Syed Jalal ud Din Surkh Posh Bukhari ibn Syed Qutb Kamal ibn Syed Ali al-Muayyad ibn Syed Jafar ibn Syed Muhammad Bukhari ibn Syed Mahmood ibn Syed Ahmed Shah ibn Syed Abdullah ibn Syed Ali Asghar ibn Syed Jafar Sani ibn Imam Ali Naqi (AS) ibn Imam Muhammad Taqi (AS) ibn Imam Ali Raza (AS) ibn Imam Musa Kazim (AS) ibn Imam Jafar Sadiq (AS) ibn Imam Muhammad Baqir (AS) ibn Imam Zain ul Abideen (AS) ibn Imam Hussain (AS) ibn Imam Ali (AS) ibn Abu Talib ibn Abdul Muttalib (A.S),primary_ibn_chain_adjacent,P22,no
EDGE_4A7A0D0ABF,ENT_9F603D7A70,imam muhammad taqi,Imam Muhammad Taqi,ENT_802CAAE044,imam ali naqi,Imam Ali Naqi,father_of,high,SRC002,87,36,SRC002 p.87 line 36,Syed Ameer Ali Shah ibn Syed Haider Shah ibn Syed Qutb Shah ibn Syed Kabir Shah ibn Syed Sharaf ud Din Shah ibn Syed Shams ud Din Shah ibn Syed Jahangir Shah ibn Syed Yar Shah Haider ibn Syed Shah Nizam ibn Syed Zain ul Abideen ibn Syed Ilm ud Din ibn Syed Jalal ud Din Haider ibn Syed Safi ud Din ibn Syed Nizam ud Din ibn Syed Aleem ud Din ibn Syed Jalal ud Din ibn Syed Ilm ud Din Bukhari ibn Syed Mahmood Nar Nasir ud Din ibn Syed Jalal ud Din Hussain (Makhdoom Jahanian Jahan Gasht) ibn Syed Sultan Ahmed Kabir ibn Syed Jalal ud Din Surkh Posh Bukhari ibn Syed Qutb Kamal ibn Syed Ali al-Muayyad ibn Syed Jafar ibn Syed Muhammad Bukhari ibn Syed Mahmood ibn Syed Ahmed Shah ibn Syed Abdullah ibn Syed Ali Asghar ibn Syed Jafar Sani ibn Imam Ali Naqi (AS) ibn Imam Muhammad Taqi (AS) ibn Imam Ali Raza (AS) ibn Imam Musa Kazim (AS) ibn Imam Jafar Sadiq (AS) ibn Imam Muhammad Baqir (AS) ibn Imam Zain ul Abideen (AS) ibn Imam Hussain (AS) ibn Imam Ali (AS) ibn Abu Talib ibn Abdul Muttalib (A.S),primary_ibn_chain_adjacent,P22,no
EDGE_D57822F078,ENT_D67B0C59D6,imam ali raza,Imam Ali Raza,ENT_9F603D7A70,imam muhammad taqi,Imam Muhammad Taqi,father_of,high,SRC002,87,37,SRC002 p.87 line 37,Syed Ameer Ali Shah ibn Syed Haider Shah ibn Syed Qutb Shah ibn Syed Kabir Shah ibn Syed Sharaf ud Din Shah ibn Syed Shams ud Din Shah ibn Syed Jahangir Shah ibn Syed Yar Shah Haider ibn Syed Shah Nizam ibn Syed Zain ul Abideen ibn Syed Ilm ud Din ibn Syed Jalal ud Din Haider ibn Syed Safi ud Din ibn Syed Nizam ud Din ibn Syed Aleem ud Din ibn Syed Jalal ud Din ibn Syed Ilm ud Din Bukhari ibn Syed Mahmood Nar Nasir ud Din ibn Syed Jalal ud Din Hussain (Makhdoom Jahanian Jahan Gasht) ibn Syed Sultan Ahmed Kabir ibn Syed Jalal ud Din Surkh Posh Bukhari ibn Syed Qutb Kamal ibn Syed Ali al-Muayyad ibn Syed Jafar ibn Syed Muhammad Bukhari ibn Syed Mahmood ibn Syed Ahmed Shah ibn Syed Abdullah ibn Syed Ali Asghar ibn Syed Jafar Sani ibn Imam Ali Naqi (AS) ibn Imam Muhammad Taqi (AS) ibn Imam Ali Raza (AS) ibn Imam Musa Kazim (AS) ibn Imam Jafar Sadiq (AS) ibn Imam Muhammad Baqir (AS) ibn Imam Zain ul Abideen (AS) ibn Imam Hussain (AS) ibn Imam Ali (AS) ibn Abu Talib ibn Abdul Muttalib (A.S),primary_ibn_chain_adjacent,P22,no
EDGE_FAF5B409CD,ENT_50243DF89C,imam musa kazim,Imam Musa Kazim,ENT_D67B0C59D6,imam ali raza,Imam Ali Raza,father_of,high,SRC002,87,38,SRC002 p.87 line 38,Syed Ameer Ali Shah ibn Syed Haider Shah ibn Syed Qutb Shah ibn Syed Kabir Shah ibn Syed Sharaf ud Din Shah ibn Syed Shams ud Din Shah ibn Syed Jahangir Shah ibn Syed Yar Shah Haider ibn Syed Shah Nizam ibn Syed Zain ul Abideen ibn Syed Ilm ud Din ibn Syed Jalal ud Din Haider ibn Syed Safi ud Din ibn Syed Nizam ud Din ibn Syed Aleem ud Din ibn Syed Jalal ud Din ibn Syed Ilm ud Din Bukhari ibn Syed Mahmood Nar Nasir ud Din ibn Syed Jalal ud Din Hussain (Makhdoom Jahanian Jahan Gasht) ibn Syed Sultan Ahmed Kabir ibn Syed Jalal ud Din Surkh Posh Bukhari ibn Syed Qutb Kamal ibn Syed Ali al-Muayyad ibn Syed Jafar ibn Syed Muhammad Bukhari ibn Syed Mahmood ibn Syed Ahmed Shah ibn Syed Abdullah ibn Syed Ali Asghar ibn Syed Jafar Sani ibn Imam Ali Naqi (AS) ibn Imam Muhammad Taqi (AS) ibn Imam Ali Raza (AS) ibn Imam Musa Kazim (AS) ibn Imam Jafar Sadiq (AS) ibn Imam Muhammad Baqir (AS) ibn Imam Zain ul Abideen (AS) ibn Imam Hussain (AS) ibn Imam Ali (AS) ibn Abu Talib ibn Abdul Muttalib (A.S),primary_ibn_chain_adjacent,P22,no
EDGE_1FD95C3CC4,ENT_62587BEF0D,imam jafar sadiq,Imam Jafar Sadiq,ENT_50243DF89C,imam musa kazim,Imam Musa Kazim,father_of,high,SRC002,87,39,SRC002 p.87 line 39,Syed Ameer Ali Shah ibn Syed Haider Shah ibn Syed Qutb Shah ibn Syed Kabir Shah ibn Syed Sharaf ud Din Shah ibn Syed Shams ud Din Shah ibn Syed Jahangir Shah ibn Syed Yar Shah Haider ibn Syed Shah Nizam ibn Syed Zain ul Abideen ibn Syed Ilm ud Din ibn Syed Jalal ud Din Haider ibn Syed Safi ud Din ibn Syed Nizam ud Din ibn Syed Aleem ud Din ibn Syed Jalal ud Din ibn Syed Ilm ud Din Bukhari ibn Syed Mahmood Nar Nasir ud Din ibn Syed Jalal ud Din Hussain (Makhdoom Jahanian Jahan Gasht) ibn Syed Sultan Ahmed Kabir ibn Syed Jalal ud Din Surkh Posh Bukhari ibn Syed Qutb Kamal ibn Syed Ali al-Muayyad ibn Syed Jafar ibn Syed Muhammad Bukhari ibn Syed Mahmood ibn Syed Ahmed Shah ibn Syed Abdullah ibn Syed Ali Asghar ibn Syed Jafar Sani ibn Imam Ali Naqi (AS) ibn Imam Muhammad Taqi (AS) ibn Imam Ali Raza (AS) ibn Imam Musa Kazim (AS) ibn Imam Jafar Sadiq (AS) ibn Imam Muhammad Baqir (AS) ibn Imam Zain ul Abideen (AS) ibn Imam Hussain (AS) ibn Imam Ali (AS) ibn Abu Talib ibn Abdul Muttalib (A.S),primary_ibn_chain_adjacent,P22,no
EDGE_86B14F12ED,ENT_6737897D35,imam muhammad baqir,Imam Muhammad Baqir,ENT_62587BEF0D,imam jafar sadiq,Imam Jafar Sadiq,father_of,high,SRC002,87,40,SRC002 p.87 line 40,Syed Ameer Ali Shah ibn Syed Haider Shah ibn Syed Qutb Shah ibn Syed Kabir Shah ibn Syed Sharaf ud Din Shah ibn Syed Shams ud Din Shah ibn Syed Jahangir Shah ibn Syed Yar Shah Haider ibn Syed Shah Nizam ibn Syed Zain ul Abideen ibn Syed Ilm ud Din ibn Syed Jalal ud Din Haider ibn Syed Safi ud Din ibn Syed Nizam ud Din ibn Syed Aleem ud Din ibn Syed Jalal ud Din ibn Syed Ilm ud Din Bukhari ibn Syed Mahmood Nar Nasir ud Din ibn Syed Jalal ud Din Hussain (Makhdoom Jahanian Jahan Gasht) ibn Syed Sultan Ahmed Kabir ibn Syed Jalal ud Din Surkh Posh Bukhari ibn Syed Qutb Kamal ibn Syed Ali al-Muayyad ibn Syed Jafar ibn Syed Muhammad Bukhari ibn Syed Mahmood ibn Syed Ahmed Shah ibn Syed Abdullah ibn Syed Ali Asghar ibn Syed Jafar Sani ibn Imam Ali Naqi (AS) ibn Imam Muhammad Taqi (AS) ibn Imam Ali Raza (AS) ibn Imam Musa Kazim (AS) ibn Imam Jafar Sadiq (AS) ibn Imam Muhammad Baqir (AS) ibn Imam Zain ul Abideen (AS) ibn Imam Hussain (AS) ibn Imam Ali (AS) ibn Abu Talib ibn Abdul Muttalib (A.S),primary_ibn_chain_adjacent,P22,no
EDGE_4B6CCDDB10,ENT_174A3B739A,imam zainulabideen,Imam Zain ul Abideen,ENT_6737897D35,imam muhammad baqir,Imam Muhammad Baqir,father_of,high,SRC002,87,41,SRC002 p.87 line 41,Syed Ameer Ali Shah ibn Syed Haider Shah ibn Syed Qutb Shah ibn Syed Kabir Shah ibn Syed Sharaf ud Din Shah ibn Syed Shams ud Din Shah ibn Syed Jahangir Shah ibn Syed Yar Shah Haider ibn Syed Shah Nizam ibn Syed Zain ul Abideen ibn Syed Ilm ud Din ibn Syed Jalal ud Din Haider ibn Syed Safi ud Din ibn Syed Nizam ud Din ibn Syed Aleem ud Din ibn Syed Jalal ud Din ibn Syed Ilm ud Din Bukhari ibn Syed Mahmood Nar Nasir ud Din ibn Syed Jalal ud Din Hussain (Makhdoom Jahanian Jahan Gasht) ibn Syed Sultan Ahmed Kabir ibn Syed Jalal ud Din Surkh Posh Bukhari ibn Syed Qutb Kamal ibn Syed Ali al-Muayyad ibn Syed Jafar ibn Syed Muhammad Bukhari ibn Syed Mahmood ibn Syed Ahmed Shah ibn Syed Abdullah ibn Syed Ali Asghar ibn Syed Jafar Sani ibn Imam Ali Naqi (AS) ibn Imam Muhammad Taqi (AS) ibn Imam Ali Raza (AS) ibn Imam Musa Kazim (AS) ibn Imam Jafar Sadiq (AS) ibn Imam Muhammad Baqir (AS) ibn Imam Zain ul Abideen (AS) ibn Imam Hussain (AS) ibn Imam Ali (AS) ibn Abu Talib ibn Abdul Muttalib (A.S),primary_ibn_chain_adjacent,P22,no
EDGE_16F2458699,ENT_D0F5F6FFD4,imam husayn,Imam Hussain,ENT_174A3B739A,imam zainulabideen,Imam Zain ul Abideen,father_of,high,SRC002,87,42,SRC002 p.87 line 42,Syed Ameer Ali Shah ibn Syed Haider Shah ibn Syed Qutb Shah ibn Syed Kabir Shah ibn Syed Sharaf ud Din Shah ibn Syed Shams ud Din Shah ibn Syed Jahangir Shah ibn Syed Yar Shah Haider ibn Syed Shah Nizam ibn Syed Zain ul Abideen ibn Syed Ilm ud Din ibn Syed Jalal ud Din Haider ibn Syed Safi ud Din ibn Syed Nizam ud Din ibn Syed Aleem ud Din ibn Syed Jalal ud Din ibn Syed Ilm ud Din Bukhari ibn Syed Mahmood Nar Nasir ud Din ibn Syed Jalal ud Din Hussain (Makhdoom Jahanian Jahan Gasht) ibn Syed Sultan Ahmed Kabir ibn Syed Jalal ud Din Surkh Posh Bukhari ibn Syed Qutb Kamal ibn Syed Ali al-Muayyad ibn Syed Jafar ibn Syed Muhammad Bukhari ibn Syed Mahmood ibn Syed Ahmed Shah ibn Syed Abdullah ibn Syed Ali Asghar ibn Syed Jafar Sani ibn Imam Ali Naqi (AS) ibn Imam Muhammad Taqi (AS) ibn Imam Ali Raza (AS) ibn Imam Musa Kazim (AS) ibn Imam Jafar Sadiq (AS) ibn Imam Muhammad Baqir (AS) ibn Imam Zain ul Abideen (AS) ibn Imam Hussain (AS) ibn Imam Ali (AS) ibn Abu Talib ibn Abdul Muttalib (A.S),primary_ibn_chain_adjacent,P22,no
EDGE_A216218FBF,ENT_AAAF97554C,imam ali,Imam Ali,ENT_D0F5F6FFD4,imam husayn,Imam Hussain,father_of,high,SRC002,87,43,SRC002 p.87 line 43,Syed Ameer Ali Shah ibn Syed Haider Shah ibn Syed Qutb Shah ibn Syed Kabir Shah ibn Syed Sharaf ud Din Shah ibn Syed Shams ud Din Shah ibn Syed Jahangir Shah ibn Syed Yar Shah Haider ibn Syed Shah Nizam ibn Syed Zain ul Abideen ibn Syed Ilm ud Din ibn Syed Jalal ud Din Haider ibn Syed Safi ud Din ibn Syed Nizam ud Din ibn Syed Aleem ud Din ibn Syed Jalal ud Din ibn Syed Ilm ud Din Bukhari ibn Syed Mahmood Nar Nasir ud Din ibn Syed Jalal ud Din Hussain (Makhdoom Jahanian Jahan Gasht) ibn Syed Sultan Ahmed Kabir ibn Syed Jalal ud Din Surkh Posh Bukhari ibn Syed Qutb Kamal ibn Syed Ali al-Muayyad ibn Syed Jafar ibn Syed Muhammad Bukhari ibn Syed Mahmood ibn Syed Ahmed Shah ibn Syed Abdullah ibn Syed Ali Asghar ibn Syed Jafar Sani ibn Imam Ali Naqi (AS) ibn Imam Muhammad Taqi (AS) ibn Imam Ali Raza (AS) ibn Imam Musa Kazim (AS) ibn Imam Jafar Sadiq (AS) ibn Imam Muhammad Baqir (AS) ibn Imam Zain ul Abideen (AS) ibn Imam Hussain (AS) ibn Imam Ali (AS) ibn Abu Talib ibn Abdul Muttalib (A.S),primary_ibn_chain_adjacent,P22,no
EDGE_A8E4BC5C2D,ENT_5FACBC2357,abu talib,Abu Talib,ENT_AAAF97554C,imam ali,Imam Ali,father_of,high,SRC002,87,44,SRC002 p.87 line 44,Syed Ameer Ali Shah ibn Syed Haider Shah ibn Syed Qutb Shah ibn Syed Kabir Shah ibn Syed Sharaf ud Din Shah ibn Syed Shams ud Din Shah ibn Syed Jahangir Shah ibn Syed Yar Shah Haider ibn Syed Shah Nizam ibn Syed Zain ul Abideen ibn Syed Ilm ud Din ibn Syed Jalal ud Din Haider ibn Syed Safi ud Din ibn Syed Nizam ud Din ibn Syed Aleem ud Din ibn Syed Jalal ud Din ibn Syed Ilm ud Din Bukhari ibn Syed Mahmood Nar Nasir ud Din ibn Syed Jalal ud Din Hussain (Makhdoom Jahanian Jahan Gasht) ibn Syed Sultan Ahmed Kabir ibn Syed Jalal ud Din Surkh Posh Bukhari ibn Syed Qutb Kamal ibn Syed Ali al-Muayyad ibn Syed Jafar ibn Syed Muhammad Bukhari ibn Syed Mahmood ibn Syed Ahmed Shah ibn Syed Abdullah ibn Syed Ali Asghar ibn Syed Jafar Sani ibn Imam Ali Naqi (AS) ibn Imam Muhammad Taqi (AS) ibn Imam Ali Raza (AS) ibn Imam Musa Kazim (AS) ibn Imam Jafar Sadiq (AS) ibn Imam Muhammad Baqir (AS) ibn Imam Zain ul Abideen (AS) ibn Imam Hussain (AS) ibn Imam Ali (AS) ibn Abu Talib ibn Abdul Muttalib (A.S),primary_ibn_chain_adjacent,P22,no
EDGE_7E419FBE1E,ENT_4381A868B7,abdul muttalib,Abdul Muttalib,ENT_5FACBC2357,abu talib,Abu Talib,father_of,high,SRC002,87,45,SRC002 p.87 line 45,Syed Ameer Ali Shah ibn Syed Haider Shah ibn Syed Qutb Shah ibn Syed Kabir Shah ibn Syed Sharaf ud Din Shah ibn Syed Shams ud Din Shah ibn Syed Jahangir Shah ibn Syed Yar Shah Haider ibn Syed Shah Nizam ibn Syed Zain ul Abideen ibn Syed Ilm ud Din ibn Syed Jalal ud Din Haider ibn Syed Safi ud Din ibn Syed Nizam ud Din ibn Syed Aleem ud Din ibn Syed Jalal ud Din ibn Syed Ilm ud Din Bukhari ibn Syed Mahmood Nar Nasir ud Din ibn Syed Jalal ud Din Hussain (Makhdoom Jahanian Jahan Gasht) ibn Syed Sultan Ahmed Kabir ibn Syed Jalal ud Din Surkh Posh Bukhari ibn Syed Qutb Kamal ibn Syed Ali al-Muayyad ibn Syed Jafar ibn Syed Muhammad Bukhari ibn Syed Mahmood ibn Syed Ahmed Shah ibn Syed Abdullah ibn Syed Ali Asghar ibn Syed Jafar Sani ibn Imam Ali Naqi (AS) ibn Imam Muhammad Taqi (AS) ibn Imam Ali Raza (AS) ibn Imam Musa Kazim (AS) ibn Imam Jafar Sadiq (AS) ibn Imam Muhammad Baqir (AS) ibn Imam Zain ul Abideen (AS) ibn Imam Hussain (AS) ibn Imam Ali (AS) ibn Abu Talib ibn Abdul Muttalib (A.S),primary_ibn_chain_adjacent,P22,no
EDGE_786B9D44A5,ENT_0E18F44C1F,adam,Adam,ENT_25A3B6CC85,seth,Seth,father_of,high,SRC002,99,4,SRC002 p.99 line 4,2. Seth (A.S) son of Adam (A.S),numbered_son_of_chain,P22,no
EDGE_B835D1B663,ENT_25A3B6CC85,seth,Seth,ENT_44EE05C0A3,enosh,Enosh,father_of,high,SRC002,99,5,SRC002 p.99 line 5,3. Enosh son of Seth (A.S),numbered_son_of_chain,P22,no
EDGE_E8F571ED97,ENT_44EE05C0A3,enosh,Enosh,ENT_9176253DFC,kenan,Kenan,father_of,high,SRC002,99,6,SRC002 p.99 line 6,4. Kenan son of Enosh,numbered_son_of_chain,P22,no
EDGE_51A703F70E,ENT_9176253DFC,kenan,Kenan,ENT_93DD6DF5CA,mahalalel,Mahalalel,father_of,high,SRC002,99,7,SRC002 p.99 line 7,5. Mahalalel son of Kenan,numbered_son_of_chain,P22,no
EDGE_A3FD3915BB,ENT_93DD6DF5CA,mahalalel,Mahalalel,ENT_420D972351,jared,Jared,father_of,high,SRC002,99,8,SRC002 p.99 line 8,6. Jared son of Mahalalel,numbered_son_of_chain,P22,no
EDGE_B999C799FB,ENT_420D972351,jared,Jared,ENT_26B53FDCF6,enoch idris a s,Enoch (Idris A.S),father_of,high,SRC002,99,9,SRC002 p.99 line 9,7. Enoch (Idris A.S) son of Jared,numbered_son_of_chain,P22,no
EDGE_53799B7F0B,ENT_26B53FDCF6,enoch idris a s,Enoch (Idris A.S),ENT_F5B15C9C63,methuselah,Methuselah,father_of,high,SRC002,99,10,SRC002 p.99 line 10,8. Methuselah son of Enoch (Idris A.S),numbered_son_of_chain,P22,no
EDGE_E5BCA1A1D6,ENT_F5B15C9C63,methuselah,Methuselah,ENT_4BAF025D64,lamech,Lamech,father_of,high,SRC002,99,11,SRC002 p.99 line 11,9. Lamech son of Methuselah,numbered_son_of_chain,P22,no
EDGE_018BA6CF4E,ENT_4BAF025D64,lamech,Lamech,ENT_8943FD3D72,noah nuh a s,Noah (Nuh A.S),father_of,high,SRC002,99,12,SRC002 p.99 line 12,10. Noah (Nuh A.S) son of Lamech,numbered_son_of_chain,P22,no
EDGE_4A9B83D600,ENT_8943FD3D72,noah nuh a s,Noah (Nuh A.S),ENT_6C0C1DE7D1,shem,Shem,father_of,high,SRC002,99,13,SRC002 p.99 line 13,11. Shem son of Noah (Nuh A.S),numbered_son_of_chain,P22,no
EDGE_1FB2FA6288,ENT_6C0C1DE7D1,shem,Shem,ENT_00D7AAED4C,arphaxad,Arphaxad,father_of,high,SRC002,99,14,SRC002 p.99 line 14,12. Arphaxad son of Shem,numbered_son_of_chain,P22,no
EDGE_FBF4055198,ENT_00D7AAED4C,arphaxad,Arphaxad,ENT_E9E8557D82,shelah,Shelah,father_of,high,SRC002,99,15,SRC002 p.99 line 15,13. Shelah son of Arphaxad,numbered_son_of_chain,P22,no
EDGE_647423F976,ENT_E9E8557D82,shelah,Shelah,ENT_CDD4C0A110,eber,Eber,father_of,high,SRC002,99,16,SRC002 p.99 line 16,14. Eber son of Shelah,numbered_son_of_chain,P22,no
EDGE_CD46894650,ENT_CDD4C0A110,eber,Eber,ENT_724085DDAC,peleg,Peleg,father_of,high,SRC002,99,17,SRC002 p.99 line 17,15. Peleg son of Eber,numbered_son_of_chain,P22,no
EDGE_D1F87770F9,ENT_724085DDAC,peleg,Peleg,ENT_E7952F2C39,reu,Reu,father_of,high,SRC002,99,18,SRC002 p.99 line 18,16. Reu son of Peleg,numbered_son_of_chain,P22,no
EDGE_08C7F55003,ENT_E7952F2C39,reu,Reu,ENT_8C57DF227D,serug,Serug,father_of,high,SRC002,99,19,SRC002 p.99 line 19,17. Serug son of Reu,numbered_son_of_chain,P22,no
EDGE_60B66C3684,ENT_8C57DF227D,serug,Serug,ENT_A326B1F1A3,nahor,Nahor,father_of,high,SRC002,99,20,SRC002 p.99 line 20,18. Nahor son of Serug,numbered_son_of_chain,P22,no
EDGE_3019B95749,ENT_A326B1F1A3,nahor,Nahor,ENT_D135F41B1F,terah azar,Terah (Azar),father_of,high,SRC002,99,21,SRC002 p.99 line 21,19. Terah (Azar) son of Nahor,numbered_son_of_chain,P22,no
EDGE_046568A5D3,ENT_D135F41B1F,terah azar,Terah (Azar),ENT_04BBD3D882,ibrahim,Ibrahim,father_of,high,SRC002,99,22,SRC002 p.99 line 22,20. Ibrahim (A.S) son of Terah (Azar),numbered_son_of_chain,P22,no
EDGE_3497750702,ENT_04BBD3D882,ibrahim,Ibrahim,ENT_E327C9FB8E,ismail,Ismail,father_of,high,SRC002,99,23,SRC002 p.99 line 23,21. Ismail (A.S) son of Ibrahim (A.S),numbered_son_of_chain,P22,no
EDGE_9191FDC0F6,ENT_E327C9FB8E,ismail,Ismail,ENT_110F07804F,bashirli title bim al tab,Bashirli (title: Bim al-Tab‘),father_of,high,SRC002,99,24,SRC002 p.99 line 24,22. Bashirli (title: Bim al-Tab‘) son of Ismail (A.S),numbered_son_of_chain,P22,no
EDGE_E216AA45FC,ENT_C7142460B4,bashirli,Bashirli,ENT_FB5306435A,samir title bashimin mu azzam fi al kull,"Samir (title: Bashimin, Mu‘azzam fi al-Kull)",father_of,high,SRC002,99,25,SRC002 p.99 line 25,"23. Samir (title: Bashimin, Mu‘azzam fi al-Kull) son of Bashirli",numbered_son_of_chain,P22,no
EDGE_AEBC64D78E,ENT_8A018A44C3,samir,Samir,ENT_909A4A3623,hamran title ismail dhu al awj,Hamran (title: Ismail Dhu al-Awj),father_of,high,SRC002,99,26,SRC002 p.99 line 26,24. Hamran (title: Ismail Dhu al-Awj) son of Samir,numbered_son_of_chain,P22,no
EDGE_536F78144C,ENT_29E085E01C,hamran,Hamran,ENT_8B5389E4DE,al dariya title hijran al ta an,al-Dariya (title: Hijran al-Ta‘an),father_of,high,SRC002,99,27,SRC002 p.99 line 27,25. al-Dariya (title: Hijran al-Ta‘an) son of Hamran,numbered_son_of_chain,P22,no
EDGE_DC1F43E619,ENT_840E61F42B,al dariya,al-Dariya,ENT_91CE40DE57,sayd title ismail dhu al tab,Sayd (title: Ismail Dhu al-Tab‘),father_of,high,SRC002,99,28,SRC002 p.99 line 28,26. Sayd (title: Ismail Dhu al-Tab‘) son of al-Dariya,numbered_son_of_chain,P22,no
EDGE_BF0F30C4B1,ENT_4BAB638DF9,sayd,Sayd,ENT_78EC99D586,aqbar title ibrahim jabih ashmal,Aqbar (title: Ibrahim Jabih Ashmal),father_of,high,SRC002,99,29,SRC002 p.99 line 29,27. Aqbar (title: Ibrahim Jabih Ashmal) son of Sayd,numbered_son_of_chain,P22,no
EDGE_9AFE99C244,ENT_7F881BD018,aqbar,Aqbar,ENT_8EFC606F9F,ashi title afi aqbar ibn al jinn,‘Ashi (title: ‘Afi Aqbar ibn al-Jinn),father_of,high,SRC002,99,30,SRC002 p.99 line 30,28. ‘Ashi (title: ‘Afi Aqbar ibn al-Jinn) son of Aqbar,numbered_son_of_chain,P22,no
EDGE_0260ABF790,ENT_CEE322E977,ashi,‘Ashi,ENT_3047943CA9,madi title al zarb halim al nar,Madi (title: al-Zarb Halim al-Nar),father_of,high,SRC002,99,31,SRC002 p.99 line 31,29. Madi (title: al-Zarb Halim al-Nar) son of ‘Ashi,numbered_son_of_chain,P22,no
EDGE_905B7ACA6E,ENT_2ED1BF7F67,madi,Madi,ENT_0F20E110BB,nakhash title alqam,Nakhash (title: ‘Alqam),father_of,high,SRC002,99,32,SRC002 p.99 line 32,30. Nakhash (title: ‘Alqam) son of Madi,numbered_son_of_chain,P22,no
EDGE_92BA6B76F5,ENT_D88A68D63A,nakhash,Nakhash,ENT_1653162D5D,jam title alqam,Jam (title: ‘Alqam),father_of,high,SRC002,99,33,SRC002 p.99 line 33,31. Jam (title: ‘Alqam) son of Nakhash,numbered_son_of_chain,P22,no
EDGE_08007BBB4B,ENT_DA3DD5C265,jam,Jam,ENT_993B049C26,taih taab title sayqan,Taih (Taab) (title: Sayqan),father_of,high,SRC002,99,34,SRC002 p.99 line 34,32. Taih (Taab) (title: Sayqan) son of Jam,numbered_son_of_chain,P22,no
EDGE_08063798DE,ENT_2CDD05D141,taih,Taih,ENT_6A7C11C957,yadlaf talaf title ima,Yadlaf (Talaf) (title: Ra’ima),father_of,high,SRC002,99,35,SRC002 p.99 line 35,33. Yadlaf (Talaf) (title: Ra’ima) son of Taih,numbered_son_of_chain,P22,no
EDGE_D1E72CA079,ENT_CF0397E0F3,yadlaf,Yadlaf,ENT_30DE576CE6,baldas muhtal,Baldas (Muhtal),father_of,high,SRC002,99,36,SRC002 p.99 line 36,34. Baldas (Muhtal) son of Yadlaf,numbered_son_of_chain,P22,no
EDGE_245FBFE43F,ENT_4F3E8E9AC2,baldas,Baldas,ENT_B6AE4AB174,hara al awwam,Hara (al-‘Awwam),father_of,high,SRC002,100,3,SRC002 p.100 line 3,35. Hara (al-‘Awwam) son of Baldas,numbered_son_of_chain,P22,no
EDGE_F8415192D2,ENT_930DC1FDC2,hara,Hara,ENT_3D8612756F,qedar dhu basharah jazmi,Qedar (Dhu Basharah Jazmi),father_of,high,SRC002,100,4,SRC002 p.100 line 4,36. Qedar (Dhu Basharah Jazmi) son of Hara,numbered_son_of_chain,P22,no
EDGE_D6ACA7C85F,ENT_EF0924511F,qedar,Qedar,ENT_DBA988FE99,azam azam,‘Azam (Azam),father_of,high,SRC002,100,5,SRC002 p.100 line 5,37. ‘Azam (Azam) son of Qedar,numbered_son_of_chain,P22,no
EDGE_3EE74695D0,ENT_334AC1E326,azam,‘Azam,ENT_10AAD1ADD9,awad title shimar mani,‘Awad (title: Shimar Mani),father_of,high,SRC002,100,6,SRC002 p.100 line 6,38. ‘Awad (title: Shimar Mani) son of ‘Azam,numbered_son_of_chain,P22,no
EDGE_1500240472,ENT_A1290948A8,awad,‘Awad,ENT_A4550D26CA,mazri barmuz,Mazri (Barmuz),father_of,high,SRC002,100,7,SRC002 p.100 line 7,39. Mazri (Barmuz) son of ‘Awad,numbered_son_of_chain,P22,no
EDGE_CA1F5FEC4D,ENT_BB21C43ACB,mazri,Mazri,ENT_B0C262DF0D,ki shaibi title lajamhar,Ki (Shaibi) (title: Lajamhar),father_of,high,SRC002,100,8,SRC002 p.100 line 8,40. Ki (Shaibi) (title: Lajamhar) son of Mazri,numbered_son_of_chain,P22,no
EDGE_7F249C0768,ENT_81D211101E,ki,Ki,ENT_D6752DC056,zarh title qamar,Zarh (title: Qamar),father_of,high,SRC002,100,9,SRC002 p.100 line 9,41. Zarh (title: Qamar) son of Ki,numbered_son_of_chain,P22,no
EDGE_B772E42335,ENT_7468028160,zarh,Zarh,ENT_C3EF0451B2,nahat,Nahat,father_of,high,SRC002,100,10,SRC002 p.100 line 10,42. Nahat son of Zarh,numbered_son_of_chain,P22,no
EDGE_196B858EB7,ENT_C3EF0451B2,nahat,Nahat,ENT_3D80A4A34F,maqsari maqas,Maqsari (Maqas),father_of,high,SRC002,100,11,SRC002 p.100 line 11,43. Maqsari (Maqas) son of Nahat,numbered_son_of_chain,P22,no
EDGE_60A4B8EAB6,ENT_AB9712F718,maqsari,Maqsari,ENT_07AFC8B76A,maqsari title hasan zamal,"Maqsari (title: Hasan, Zamal)",father_of,high,SRC002,100,12,SRC002 p.100 line 12,"44. Maqsari (title: Hasan, Zamal) son of Maqsari",numbered_son_of_chain,P22,no
EDGE_E2CD275960,ENT_AB9712F718,maqsari,Maqsari,ENT_DC7F908660,abham ayami title daws al fan ahmal al falaq,"Abham (Ayami) (title: Daws al-Fan, Ahmal al-Falaq)",father_of,high,SRC002,100,13,SRC002 p.100 line 13,"45. Abham (Ayami) (title: Daws al-Fan, Ahmal al-Falaq) son of Maqsari",numbered_son_of_chain,P22,no
EDGE_26DBB465D4,ENT_E5BEF98238,abham,Abham,ENT_E147612F29,iqtad title liyamah,Iqtad (title: Liyamah),father_of,high,SRC002,100,14,SRC002 p.100 line 14,46. Iqtad (title: Liyamah) son of Abham,numbered_son_of_chain,P22,no
EDGE_EF1DA4C1C5,ENT_A624F55980,iqtad,Iqtad,ENT_6C2C21F0B6,aymar amir title nidwan dhu al amad,‘Aymar (Amir) (title: Nidwan Dhu al-Amad),father_of,high,SRC002,100,15,SRC002 p.100 line 15,47. ‘Aymar (Amir) (title: Nidwan Dhu al-Amad) son of Iqtad,numbered_son_of_chain,P22,no
EDGE_B699821AB5,ENT_722EC8A9CA,aymar,‘Aymar,ENT_26BAD8A9BA,dishan title azd ariyah,Dishan (title: Azd Ariyah),father_of,high,SRC002,100,16,SRC002 p.100 line 16,48. Dishan (title: Azd Ariyah) son of ‘Aymar,numbered_son_of_chain,P22,no
EDGE_8CA9D0AE1B,ENT_DC87CD2598,dishan,Dishan,ENT_2153CE593C,aydhani title mafir,‘Aydhani (title: Mafir),father_of,high,SRC002,100,17,SRC002 p.100 line 17,49. ‘Aydhani (title: Mafir) son of Dishan,numbered_son_of_chain,P22,no
EDGE_6BBE35C7A5,ENT_9C4B6FF9CE,aydhani,‘Aydhani,ENT_613C7F7C71,argha ruma title adwan,Argha (Ruma) (title: ‘Adwan),father_of,high,SRC002,100,18,SRC002 p.100 line 18,50. Argha (Ruma) (title: ‘Adwan) son of ‘Aydhani,numbered_son_of_chain,P22,no
EDGE_340C9C57C3,ENT_093180BE36,argha,Argha,ENT_8350923801,shahan title junud,Shahan (title: Junud),father_of,high,SRC002,100,19,SRC002 p.100 line 19,51. Shahan (title: Junud) son of Argha,numbered_son_of_chain,P22,no
EDGE_8CB3BEE2E7,ENT_B77BEBB523,shahan,Shahan,ENT_8C1792D17D,sanjun tahzan title tasawwur,Sanjun (Tahzan) (title: Tasawwur),father_of,high,SRC002,100,20,SRC002 p.100 line 20,52. Sanjun (Tahzan) (title: Tasawwur) son of Shahan,numbered_son_of_chain,P22,no
EDGE_194A7B63EF,ENT_AD9505F3C6,sanjun,Sanjun,ENT_110F07804F,bashirli title bim al tab,Bashirli (title: Bim al-Tab‘),father_of,high,SRC002,100,21,SRC002 p.100 line 21,53. Bashirli (title: Bim al-Tab‘) son of Sanjun,numbered_son_of_chain,P22,no
EDGE_0D9B0FC18E,ENT_C7142460B4,bashirli,Bashirli,ENT_E61E506CA0,aal,Aal,father_of,high,SRC002,100,22,SRC002 p.100 line 22,54. Aal son of Bashirli,numbered_son_of_chain,P22,no
EDGE_830E91521D,ENT_E61E506CA0,aal,Aal,ENT_CD29DE32D4,adnan,Adnan,father_of,high,SRC002,100,23,SRC002 p.100 line 23,55. Adnan son of Aal,numbered_son_of_chain,P22,no
EDGE_2042453140,ENT_E61E506CA0,aal,Aal,ENT_CD29DE32D4,adnan,Adnan,father_of,high,SRC002,100,24,SRC002 p.100 line 24,Descendants of Adnan bin Aal bin Bashirli (Adnan Forefather of all Northern Arab tribes known as adnani tribes),descendants_heading_child_bin_father,P22,no
EDGE_69FA973286,ENT_CD29DE32D4,adnan,Adnan,ENT_AFB0F81925,ma ad,Ma‘ad,father_of,medium_high,SRC002,100,27,SRC002 p.100 line 27,Descendants of Adnan bin Aal bin Bashirli (Adnan Forefather of all Northern Arab tribes known as adnani tribes) | child entry 56.1: Ma‘ad,descendant_child_under_current_heading,P22,no
EDGE_D073285746,ENT_CD29DE32D4,adnan,Adnan,ENT_91F3741BAB,akk,Akk,father_of,medium_high,SRC002,100,29,SRC002 p.100 line 29,Descendants of Adnan bin Aal bin Bashirli (Adnan Forefather of all Northern Arab tribes known as adnani tribes) | child entry 56.2: Akk,descendant_child_under_current_heading,P22,no
EDGE_2C1FB53426,ENT_CD29DE32D4,adnan,Adnan,ENT_AFB0F81925,ma ad,Ma‘ad,father_of,high,SRC002,100,30,SRC002 p.100 line 30,Descendants of Ma‘ad bin Adnan bin Aal,descendants_heading_child_bin_father,P22,no
EDGE_9E7057235B,ENT_AFB0F81925,ma ad,Ma‘ad,ENT_BB1965540B,nizar,Nizar,father_of,medium_high,SRC002,100,32,SRC002 p.100 line 32,Descendants of Ma‘ad bin Adnan bin Aal | child entry 57.1: Nizar,descendant_child_under_current_heading,P22,no
EDGE_25FB9ADF1B,ENT_AFB0F81925,ma ad,Ma‘ad,ENT_1B8A8B4280,quda a,Quda'a,father_of,medium_high,SRC002,100,34,SRC002 p.100 line 34,Descendants of Ma‘ad bin Adnan bin Aal | child entry 57.2: Quda'a,descendant_child_under_current_heading,P22,no
EDGE_C526D6822A,ENT_AFB0F81925,ma ad,Ma‘ad,ENT_D06B257E6C,qunus,Qunus,father_of,medium_high,SRC002,100,36,SRC002 p.100 line 36,Descendants of Ma‘ad bin Adnan bin Aal | child entry 57.3: Qunus,descendant_child_under_current_heading,P22,no
EDGE_6FB02E22B6,ENT_AFB0F81925,ma ad,Ma‘ad,ENT_51137A86E8,iyad,Iyad,father_of,medium_high,SRC002,100,38,SRC002 p.100 line 38,Descendants of Ma‘ad bin Adnan bin Aal | child entry 57.4: Iyad,descendant_child_under_current_heading,P22,no
EDGE_9048A586C4,ENT_AFB0F81925,ma ad,Ma‘ad,ENT_BB1965540B,nizar,Nizar,father_of,high,SRC002,100,39,SRC002 p.100 line 39,Descendants of Nizar bin Ma‘ad bin Adnan,descendants_heading_child_bin_father,P22,no
EDGE_2D03FF7D31,ENT_BB1965540B,nizar,Nizar,ENT_5A01A8AA76,mudar,Mudar,father_of,medium_high,SRC002,100,41,SRC002 p.100 line 41,Descendants of Nizar bin Ma‘ad bin Adnan | child entry 58.1: Mudar,descendant_child_under_current_heading,P22,no
EDGE_21DCF29CC3,ENT_BB1965540B,nizar,Nizar,ENT_769FD831EC,rabi a,Rabi‘a,father_of,medium_high,SRC002,100,43,SRC002 p.100 line 43,Descendants of Nizar bin Ma‘ad bin Adnan | child entry 58.2: Rabi‘a,descendant_child_under_current_heading,P22,no
EDGE_E316DC76B8,ENT_BB1965540B,nizar,Nizar,ENT_947F807885,anmar,Anmar,father_of,medium_high,SRC002,100,45,SRC002 p.100 line 45,Descendants of Nizar bin Ma‘ad bin Adnan | child entry 58.3: Anmar,descendant_child_under_current_heading,P22,no
EDGE_D0D3052B32,ENT_BB1965540B,nizar,Nizar,ENT_51137A86E8,iyad,Iyad,father_of,medium_high,SRC002,101,4,SRC002 p.101 line 4,Descendants of Nizar bin Ma‘ad bin Adnan | child entry 58.4: Iyad,descendant_child_under_current_heading,P22,no
EDGE_15748AADE6,ENT_BB1965540B,nizar,Nizar,ENT_5A01A8AA76,mudar,Mudar,father_of,high,SRC002,101,5,SRC002 p.101 line 5,Descendants of Mudar bin Nizar bin Ma‘ad,descendants_heading_child_bin_father,P22,no
EDGE_F0A8FEA04A,ENT_5A01A8AA76,mudar,Mudar,ENT_C953715F14,ilyas,Ilyas,father_of,medium_high,SRC002,101,7,SRC002 p.101 line 7,Descendants of Mudar bin Nizar bin Ma‘ad | child entry 59.1: Ilyas,descendant_child_under_current_heading,P22,no
EDGE_F6B06DD7AD,ENT_5A01A8AA76,mudar,Mudar,ENT_0FDCF24B82,aylan qays aylan,Aylan (Qays Aylan),father_of,medium_high,SRC002,101,9,SRC002 p.101 line 9,Descendants of Mudar bin Nizar bin Ma‘ad | child entry 59.2: Aylan (Qays Aylan),descendant_child_under_current_heading,P22,no
EDGE_672A8E3F87,ENT_5A01A8AA76,mudar,Mudar,ENT_C953715F14,ilyas,Ilyas,father_of,high,SRC002,101,10,SRC002 p.101 line 10,Descendants of Ilyas bin Mudar bin Nizar,descendants_heading_child_bin_father,P22,no
EDGE_A81028D456,ENT_C953715F14,ilyas,Ilyas,ENT_3BDAD1CF94,mudrikah amir,Mudrikah (Amir),father_of,medium_high,SRC002,101,12,SRC002 p.101 line 12,Descendants of Ilyas bin Mudar bin Nizar | child entry 60.1: Mudrikah (Amir),descendant_child_under_current_heading,P22,no
EDGE_2B11628396,ENT_C953715F14,ilyas,Ilyas,ENT_49A8B04F30,tabikha amr,Tabikha (‘Amr),father_of,medium_high,SRC002,101,14,SRC002 p.101 line 14,Descendants of Ilyas bin Mudar bin Nizar | child entry 60.2: Tabikha (‘Amr),descendant_child_under_current_heading,P22,no
EDGE_3AD30E9978,ENT_C953715F14,ilyas,Ilyas,ENT_736E1B55E9,qam ah umayr,Qam‘ah (Umayr),father_of,medium_high,SRC002,101,16,SRC002 p.101 line 16,Descendants of Ilyas bin Mudar bin Nizar | child entry 60.3: Qam‘ah (Umayr),descendant_child_under_current_heading,P22,no
EDGE_7F310A29DB,ENT_C953715F14,ilyas,Ilyas,ENT_090F23B06B,mudrika,Mudrika,father_of,high,SRC002,101,17,SRC002 p.101 line 17,Descendants of Mudrika bin Ilyas bin Mudar,descendants_heading_child_bin_father,P22,no
EDGE_6A4365EA25,ENT_090F23B06B,mudrika,Mudrika,ENT_EE4A6C1965,khuzayma,Khuzayma,father_of,medium_high,SRC002,101,19,SRC002 p.101 line 19,Descendants of Mudrika bin Ilyas bin Mudar | child entry 61.1: Khuzayma,descendant_child_under_current_heading,P22,no
EDGE_925DA692CD,ENT_090F23B06B,mudrika,Mudrika,ENT_605291B120,hudhayl,Hudhayl,father_of,medium_high,SRC002,101,21,SRC002 p.101 line 21,Descendants of Mudrika bin Ilyas bin Mudar | child entry 61.2: Hudhayl,descendant_child_under_current_heading,P22,no
EDGE_031A8F8457,ENT_090F23B06B,mudrika,Mudrika,ENT_EE4A6C1965,khuzayma,Khuzayma,father_of,high,SRC002,101,22,SRC002 p.101 line 22,Descendants of Khuzayma bin Mudrika bin Ilyas,descendants_heading_child_bin_father,P22,no
EDGE_3410BB1506,ENT_EE4A6C1965,khuzayma,Khuzayma,ENT_BBB098AB6F,kinana,Kinana,father_of,medium_high,SRC002,101,24,SRC002 p.101 line 24,Descendants of Khuzayma bin Mudrika bin Ilyas | child entry 62.1: Kinana,descendant_child_under_current_heading,P22,no
EDGE_D451CE62DA,ENT_EE4A6C1965,khuzayma,Khuzayma,ENT_8EFA565CA6,asad,Asad,father_of,medium_high,SRC002,101,26,SRC002 p.101 line 26,Descendants of Khuzayma bin Mudrika bin Ilyas | child entry 62.2: Asad,descendant_child_under_current_heading,P22,no
EDGE_6619F70DCF,ENT_EE4A6C1965,khuzayma,Khuzayma,ENT_0EDE441C2D,asadah,Asadah,father_of,medium_high,SRC002,101,28,SRC002 p.101 line 28,Descendants of Khuzayma bin Mudrika bin Ilyas | child entry 62.3: Asadah,descendant_child_under_current_heading,P22,no
EDGE_DE51B07AED,ENT_EE4A6C1965,khuzayma,Khuzayma,ENT_663DEB14EB,al hun,al-Hun,father_of,medium_high,SRC002,101,30,SRC002 p.101 line 30,Descendants of Khuzayma bin Mudrika bin Ilyas | child entry 62.4: al-Hun,descendant_child_under_current_heading,P22,no
EDGE_9E69D1E313,ENT_EE4A6C1965,khuzayma,Khuzayma,ENT_BBB098AB6F,kinana,Kinana,father_of,high,SRC002,101,31,SRC002 p.101 line 31,Descendants of Kinana bin Khuzayma bin Mudrika,descendants_heading_child_bin_father,P22,no
EDGE_B42C8998D3,ENT_BBB098AB6F,kinana,Kinana,ENT_253EB4D13B,nadr,Nadr,father_of,medium_high,SRC002,101,33,SRC002 p.101 line 33,Descendants of Kinana bin Khuzayma bin Mudrika | child entry 63.1: Nadr,descendant_child_under_current_heading,P22,no
EDGE_3A83689A86,ENT_BBB098AB6F,kinana,Kinana,ENT_0344526560,malik,Malik,father_of,medium_high,SRC002,101,35,SRC002 p.101 line 35,Descendants of Kinana bin Khuzayma bin Mudrika | child entry 63.2: Malik,descendant_child_under_current_heading,P22,no
EDGE_F6A438E084,ENT_BBB098AB6F,kinana,Kinana,ENT_3629FF3480,abd manat,Abd Manat,father_of,medium_high,SRC002,101,37,SRC002 p.101 line 37,Descendants of Kinana bin Khuzayma bin Mudrika | child entry 63.3: Abd Manat,descendant_child_under_current_heading,P22,no
EDGE_84C45B3648,ENT_BBB098AB6F,kinana,Kinana,ENT_26BB95E062,milkan,Milkan,father_of,medium_high,SRC002,101,39,SRC002 p.101 line 39,Descendants of Kinana bin Khuzayma bin Mudrika | child entry 63.4: Milkan,descendant_child_under_current_heading,P22,no
EDGE_B781E88D73,ENT_BBB098AB6F,kinana,Kinana,ENT_EDC2DF2877,al nadr,al-Nadr,father_of,high,SRC002,101,40,SRC002 p.101 line 40,Descendants of al-Nadr bin Kinana bin Khuzayma,descendants_heading_child_bin_father,P22,no
EDGE_502D633A23,ENT_EDC2DF2877,al nadr,al-Nadr,ENT_0344526560,malik,Malik,father_of,medium_high,SRC002,101,42,SRC002 p.101 line 42,Descendants of al-Nadr bin Kinana bin Khuzayma | child entry 64.1: Malik,descendant_child_under_current_heading,P22,no
EDGE_5A37B5576F,ENT_EDC2DF2877,al nadr,al-Nadr,ENT_0344526560,malik,Malik,father_of,high,SRC002,101,43,SRC002 p.101 line 43,Descendants of Malik bin al-Nadr bin Kinana,descendants_heading_child_bin_father,P22,no
EDGE_5F3B933755,ENT_0344526560,malik,Malik,ENT_FB17CBDCDB,fihr quraysh,Fihr (Quraysh),father_of,medium_high,SRC002,101,45,SRC002 p.101 line 45,Descendants of Malik bin al-Nadr bin Kinana | child entry 65.1: Fihr (Quraysh),descendant_child_under_current_heading,P22,no
EDGE_1B60C678B0,ENT_0344526560,malik,Malik,ENT_FB17CBDCDB,fihr quraysh,Fihr (Quraysh),father_of,high,SRC002,101,46,SRC002 p.101 line 46,Descendants of Fihr (Quraysh) bin Malik bin al-Nadr (Fihr Forefather and Founder of Quraysh tribal identity),descendants_heading_child_bin_father,P22,no
EDGE_8F2E425972,ENT_FB17CBDCDB,fihr quraysh,Fihr (Quraysh),ENT_52F9049F4E,ghalib qureshi,Ghalib Qureshi,father_of,medium_high,SRC002,101,49,SRC002 p.101 line 49,Descendants of Fihr (Quraysh) bin Malik bin al-Nadr (Fihr Forefather and Founder of Quraysh tribal identity) | child entry 66.1: Ghalib Qureshi,descendant_child_under_current_heading,P22,no
EDGE_10EEA08E9D,ENT_FB17CBDCDB,fihr quraysh,Fihr (Quraysh),ENT_793FBE137F,muharib qureshi,Muharib Qureshi,father_of,medium_high,SRC002,101,51,SRC002 p.101 line 51,Descendants of Fihr (Quraysh) bin Malik bin al-Nadr (Fihr Forefather and Founder of Quraysh tribal identity) | child entry 66.2: Muharib Qureshi,descendant_child_under_current_heading,P22,no
EDGE_0168908C81,ENT_FB17CBDCDB,fihr quraysh,Fihr (Quraysh),ENT_09763BA96E,harith qureshi,Harith Qureshi,father_of,medium_high,SRC002,101,53,SRC002 p.101 line 53,Descendants of Fihr (Quraysh) bin Malik bin al-Nadr (Fihr Forefather and Founder of Quraysh tribal identity) | child entry 66.3: Harith Qureshi,descendant_child_under_current_heading,P22,no
EDGE_8A94A02119,ENT_FB17CBDCDB,fihr quraysh,Fihr (Quraysh),ENT_0FB8005D59,ad qureshi,As‘ad Qureshi,father_of,medium_high,SRC002,101,55,SRC002 p.101 line 55,Descendants of Fihr (Quraysh) bin Malik bin al-Nadr (Fihr Forefather and Founder of Quraysh tribal identity) | child entry 66.4: As‘ad Qureshi,descendant_child_under_current_heading,P22,no
EDGE_2F961EDB19,ENT_FB17CBDCDB,fihr quraysh,Fihr (Quraysh),ENT_D4B19AE0EC,awf qureshi,Awf Qureshi,father_of,medium_high,SRC002,101,57,SRC002 p.101 line 57,Descendants of Fihr (Quraysh) bin Malik bin al-Nadr (Fihr Forefather and Founder of Quraysh tribal identity) | child entry 66.5: Awf Qureshi,descendant_child_under_current_heading,P22,no
EDGE_E19A6948C0,ENT_FB17CBDCDB,fihr quraysh,Fihr (Quraysh),ENT_83D7DF8C52,jawn qureshi,Jawn Qureshi,father_of,medium_high,SRC002,101,59,SRC002 p.101 line 59,Descendants of Fihr (Quraysh) bin Malik bin al-Nadr (Fihr Forefather and Founder of Quraysh tribal identity) | child entry 66.6: Jawn Qureshi,descendant_child_under_current_heading,P22,no
EDGE_9CD68C2A25,ENT_FB17CBDCDB,fihr quraysh,Fihr (Quraysh),ENT_16115008F9,dhi b qureshi,Dhi’b Qureshi,father_of,medium_high,SRC002,101,61,SRC002 p.101 line 61,Descendants of Fihr (Quraysh) bin Malik bin al-Nadr (Fihr Forefather and Founder of Quraysh tribal identity) | child entry 66.7: Dhi’b Qureshi,descendant_child_under_current_heading,P22,no
EDGE_6145B68FE1,ENT_37E92B2726,fihr,Fihr,ENT_769EFC58B1,ghalib,Ghalib,father_of,high,SRC002,102,3,SRC002 p.102 line 3,Descendants of Ghalib bin Fihr bin Malik,descendants_heading_child_bin_father,P22,no
EDGE_AC8D5BAF85,ENT_769EFC58B1,ghalib,Ghalib,ENT_083CA1C019,lu ayy,Lu’ayy,father_of,medium_high,SRC002,102,5,SRC002 p.102 line 5,Descendants of Ghalib bin Fihr bin Malik | child entry 67.1: Lu’ayy,descendant_child_under_current_heading,P22,no
EDGE_5C8E4FB843,ENT_769EFC58B1,ghalib,Ghalib,ENT_659F7C59FA,al adram,al-Adram,father_of,medium_high,SRC002,102,7,SRC002 p.102 line 7,Descendants of Ghalib bin Fihr bin Malik | child entry 67.2: al-Adram,descendant_child_under_current_heading,P22,no
EDGE_51750CBC9B,ENT_769EFC58B1,ghalib,Ghalib,ENT_083CA1C019,lu ayy,Lu’ayy,father_of,high,SRC002,102,8,SRC002 p.102 line 8,Descendants of Lu’ayy bin Ghalib bin Fihr,descendants_heading_child_bin_father,P22,no
EDGE_E79867C9D1,ENT_083CA1C019,lu ayy,Lu’ayy,ENT_DFF5D574A6,ka b,Ka‘b,father_of,medium_high,SRC002,102,10,SRC002 p.102 line 10,Descendants of Lu’ayy bin Ghalib bin Fihr | child entry 68.1: Ka‘b,descendant_child_under_current_heading,P22,no
EDGE_A43CDACCAC,ENT_083CA1C019,lu ayy,Lu’ayy,ENT_1DD89E5367,amir,Amir,father_of,medium_high,SRC002,102,12,SRC002 p.102 line 12,Descendants of Lu’ayy bin Ghalib bin Fihr | child entry 68.2: Amir,descendant_child_under_current_heading,P22,no
EDGE_0D099074E9,ENT_083CA1C019,lu ayy,Lu’ayy,ENT_F955D6D2F0,amr,Amr,father_of,medium_high,SRC002,102,14,SRC002 p.102 line 14,Descendants of Lu’ayy bin Ghalib bin Fihr | child entry 68.3: Amr,descendant_child_under_current_heading,P22,no
EDGE_B41BAF63CC,ENT_083CA1C019,lu ayy,Lu’ayy,ENT_743F66642F,awf,Awf,father_of,medium_high,SRC002,102,16,SRC002 p.102 line 16,Descendants of Lu’ayy bin Ghalib bin Fihr | child entry 68.4: Awf,descendant_child_under_current_heading,P22,no
EDGE_F8F784484A,ENT_083CA1C019,lu ayy,Lu’ayy,ENT_5D884A1104,sa d,Sa‘d,father_of,medium_high,SRC002,102,18,SRC002 p.102 line 18,Descendants of Lu’ayy bin Ghalib bin Fihr | child entry 68.5: Sa‘d,descendant_child_under_current_heading,P22,no
EDGE_6310DF5C60,ENT_083CA1C019,lu ayy,Lu’ayy,ENT_9907B4645D,samah,Samah,father_of,medium_high,SRC002,102,20,SRC002 p.102 line 20,Descendants of Lu’ayy bin Ghalib bin Fihr | child entry 68.6: Samah,descendant_child_under_current_heading,P22,no
EDGE_96F0CDDE16,ENT_083CA1C019,lu ayy,Lu’ayy,ENT_2D8D941739,khuzaymah,Khuzaymah,father_of,medium_high,SRC002,102,22,SRC002 p.102 line 22,Descendants of Lu’ayy bin Ghalib bin Fihr | child entry 68.7: Khuzaymah,descendant_child_under_current_heading,P22,no
EDGE_40236D7134,ENT_083CA1C019,lu ayy,Lu’ayy,ENT_FA2C04FF34,al harith,al-Harith,father_of,medium_high,SRC002,102,24,SRC002 p.102 line 24,Descendants of Lu’ayy bin Ghalib bin Fihr | child entry 68.8: al-Harith,descendant_child_under_current_heading,P22,no
EDGE_55A1CC8CC3,ENT_083CA1C019,lu ayy,Lu’ayy,ENT_545474A6A6,ka ab,Ka‘ab,father_of,high,SRC002,102,25,SRC002 p.102 line 25,Descendants of Ka‘ab bin Lu’ayy bin Ghalib,descendants_heading_child_bin_father,P22,no
EDGE_07B785F38C,ENT_545474A6A6,ka ab,Ka‘ab,ENT_FF0A324CB2,murrah,Murrah,father_of,medium_high,SRC002,102,27,SRC002 p.102 line 27,Descendants of Ka‘ab bin Lu’ayy bin Ghalib | child entry 69.1: Murrah,descendant_child_under_current_heading,P22,no
EDGE_0C6A3D0B04,ENT_545474A6A6,ka ab,Ka‘ab,ENT_B3E8FF7AC1,adi,Adi,father_of,medium_high,SRC002,102,29,SRC002 p.102 line 29,Descendants of Ka‘ab bin Lu’ayy bin Ghalib | child entry 69.2: Adi,descendant_child_under_current_heading,P22,no
EDGE_3E3C5E5FD0,ENT_545474A6A6,ka ab,Ka‘ab,ENT_B2CD6B5B55,husays,Husays,father_of,medium_high,SRC002,102,31,SRC002 p.102 line 31,Descendants of Ka‘ab bin Lu’ayy bin Ghalib | child entry 69.3: Husays,descendant_child_under_current_heading,P22,no
EDGE_892C8E7C6C,ENT_545474A6A6,ka ab,Ka‘ab,ENT_FF0A324CB2,murrah,Murrah,father_of,high,SRC002,102,32,SRC002 p.102 line 32,Descendants of Murrah bin Ka‘ab bin Lu’ayy,descendants_heading_child_bin_father,P22,no
EDGE_19D445F669,ENT_FF0A324CB2,murrah,Murrah,ENT_2A29B4B70D,kilab,Kilab,father_of,medium_high,SRC002,102,34,SRC002 p.102 line 34,Descendants of Murrah bin Ka‘ab bin Lu’ayy | child entry 70.1: Kilab,descendant_child_under_current_heading,P22,no
EDGE_5A1C150338,ENT_FF0A324CB2,murrah,Murrah,ENT_6A2C4EA059,taym,Taym,father_of,medium_high,SRC002,102,36,SRC002 p.102 line 36,Descendants of Murrah bin Ka‘ab bin Lu’ayy | child entry 70.2: Taym,descendant_child_under_current_heading,P22,no
EDGE_0BB3F85898,ENT_FF0A324CB2,murrah,Murrah,ENT_D528DD7921,yaqazah,Yaqazah,father_of,medium_high,SRC002,102,38,SRC002 p.102 line 38,Descendants of Murrah bin Ka‘ab bin Lu’ayy | child entry 70.3: Yaqazah,descendant_child_under_current_heading,P22,no
EDGE_C5B3AA157C,ENT_FF0A324CB2,murrah,Murrah,ENT_2A29B4B70D,kilab,Kilab,father_of,high,SRC002,102,39,SRC002 p.102 line 39,Descendants of Kilab bin Murrah bin Ka‘ab,descendants_heading_child_bin_father,P22,no
EDGE_7585D5486C,ENT_2A29B4B70D,kilab,Kilab,ENT_AC1FE2974C,qusay,Qusay,father_of,medium_high,SRC002,102,41,SRC002 p.102 line 41,Descendants of Kilab bin Murrah bin Ka‘ab | child entry 71.1: Qusay,descendant_child_under_current_heading,P22,no
EDGE_AF22C60382,ENT_2A29B4B70D,kilab,Kilab,ENT_6E633697D6,zuhrah,Zuhrah,father_of,medium_high,SRC002,102,43,SRC002 p.102 line 43,Descendants of Kilab bin Murrah bin Ka‘ab | child entry 71.2: Zuhrah,descendant_child_under_current_heading,P22,no
EDGE_188EB8C799,ENT_2A29B4B70D,kilab,Kilab,ENT_AC1FE2974C,qusay,Qusay,father_of,high,SRC002,102,44,SRC002 p.102 line 44,Descendants of Qusay bin Kilab bin Murrah (Organized Quraysh and established leadership in Makkah),descendants_heading_child_bin_father,P22,no
EDGE_23795F4BEC,ENT_AC1FE2974C,qusay,Qusay,ENT_737EAC3F98,abd al dar,Abd al-Dar,father_of,medium_high,SRC002,102,47,SRC002 p.102 line 47,Descendants of Qusay bin Kilab bin Murrah (Organized Quraysh and established leadership in Makkah) | child entry 72.1: Abd al-Dar,descendant_child_under_current_heading,P22,no
EDGE_BDB5F6329B,ENT_AC1FE2974C,qusay,Qusay,ENT_CFB9B5150C,abd manaf,Abd Manaf,father_of,medium_high,SRC002,102,49,SRC002 p.102 line 49,Descendants of Qusay bin Kilab bin Murrah (Organized Quraysh and established leadership in Makkah) | child entry 72.2: Abd Manaf,descendant_child_under_current_heading,P22,no
EDGE_3D9CF55DEB,ENT_AC1FE2974C,qusay,Qusay,ENT_FC6BD153F6,abd al uzza,Abd al-Uzza,father_of,medium_high,SRC002,102,51,SRC002 p.102 line 51,Descendants of Qusay bin Kilab bin Murrah (Organized Quraysh and established leadership in Makkah) | child entry 72.3: Abd al-Uzza,descendant_child_under_current_heading,P22,no
EDGE_E8A404130D,ENT_AC1FE2974C,qusay,Qusay,ENT_CB4CC28DF0,abd,Abd,father_of,medium_high,SRC002,102,53,SRC002 p.102 line 53,Descendants of Qusay bin Kilab bin Murrah (Organized Quraysh and established leadership in Makkah) | child entry 72.4: Abd,descendant_child_under_current_heading,P22,no
EDGE_BCCF5F9780,ENT_AC1FE2974C,qusay,Qusay,ENT_CFB9B5150C,abd manaf,Abd Manaf,father_of,high,SRC002,102,54,SRC002 p.102 line 54,Descendants of Abd Manaf bin Qusay bin Kilab,descendants_heading_child_bin_father,P22,no
EDGE_92F68F9511,ENT_CFB9B5150C,abd manaf,Abd Manaf,ENT_64AF4DB84C,hashim,Hashim,father_of,medium_high,SRC002,102,56,SRC002 p.102 line 56,Descendants of Abd Manaf bin Qusay bin Kilab | child entry 73.1: Hashim,descendant_child_under_current_heading,P22,no
EDGE_D32CFCE1E7,ENT_CFB9B5150C,abd manaf,Abd Manaf,ENT_11E24022CF,abd shams,Abd Shams,father_of,medium_high,SRC002,102,58,SRC002 p.102 line 58,Descendants of Abd Manaf bin Qusay bin Kilab | child entry 73.2: Abd Shams,descendant_child_under_current_heading,P22,no
EDGE_013F94A8FE,ENT_CFB9B5150C,abd manaf,Abd Manaf,ENT_460FBCAD79,muttalib,Muttalib,father_of,medium_high,SRC002,102,60,SRC002 p.102 line 60,Descendants of Abd Manaf bin Qusay bin Kilab | child entry 73.3: Muttalib,descendant_child_under_current_heading,P22,no
EDGE_CE177C7656,ENT_CFB9B5150C,abd manaf,Abd Manaf,ENT_0DB4D08645,nawfal,Nawfal,father_of,medium_high,SRC002,102,62,SRC002 p.102 line 62,Descendants of Abd Manaf bin Qusay bin Kilab | child entry 73.4: Nawfal,descendant_child_under_current_heading,P22,no
EDGE_1398D78CC9,ENT_CFB9B5150C,abd manaf,Abd Manaf,ENT_64AF4DB84C,hashim,Hashim,father_of,high,SRC002,103,3,SRC002 p.103 line 3,Descendants of Hashim bin Abd Manaf bin Qusay (Forefather of Hashmis & Founder of the Hashimite clan),descendants_heading_child_bin_father,P22,no
EDGE_AB428AAF2C,ENT_64AF4DB84C,hashim,Hashim,ENT_9F7D811430,shaybah abdul muttalib,Shaybah (Abdul Muttalib),father_of,medium_high,SRC002,103,6,SRC002 p.103 line 6,Descendants of Hashim bin Abd Manaf bin Qusay (Forefather of Hashmis & Founder of the Hashimite clan) | child entry 74.1: Shaybah (Abdul Muttalib),descendant_child_under_current_heading,P22,no
EDGE_99801AE11B,ENT_64AF4DB84C,hashim,Hashim,ENT_8EFA565CA6,asad,Asad,father_of,medium_high,SRC002,103,8,SRC002 p.103 line 8,Descendants of Hashim bin Abd Manaf bin Qusay (Forefather of Hashmis & Founder of the Hashimite clan) | child entry 74.2: Asad,descendant_child_under_current_heading,P22,no
EDGE_46685F3FF4,ENT_64AF4DB84C,hashim,Hashim,ENT_F5E515520A,abu saifi,Abu Saifi,father_of,medium_high,SRC002,103,10,SRC002 p.103 line 10,Descendants of Hashim bin Abd Manaf bin Qusay (Forefather of Hashmis & Founder of the Hashimite clan) | child entry 74.3: Abu Saifi,descendant_child_under_current_heading,P22,no
EDGE_86440C6239,ENT_64AF4DB84C,hashim,Hashim,ENT_821B09B1E8,nadlah,Nadlah,father_of,medium_high,SRC002,103,12,SRC002 p.103 line 12,Descendants of Hashim bin Abd Manaf bin Qusay (Forefather of Hashmis & Founder of the Hashimite clan) | child entry 74.4: Nadlah,descendant_child_under_current_heading,P22,no
EDGE_3D3DFA4027,ENT_64AF4DB84C,hashim,Hashim,ENT_F683C96F4B,abdul muttalib shaybah,Abdul Muttalib (Shaybah),father_of,high,SRC002,103,13,SRC002 p.103 line 13,Descendants of Abdul Muttalib (Shaybah) bin Hashim bin Abd Manaf,descendants_heading_child_bin_father,P22,no
EDGE_8925001E34,ENT_F683C96F4B,abdul muttalib shaybah,Abdul Muttalib (Shaybah),ENT_F2D3F09150,abdullah,Abdullah,father_of,medium_high,SRC002,103,15,SRC002 p.103 line 15,Descendants of Abdul Muttalib (Shaybah) bin Hashim bin Abd Manaf | child entry 75.1: Abdullah,descendant_child_under_current_heading,P22,no
EDGE_0195CC9ECF,ENT_F683C96F4B,abdul muttalib shaybah,Abdul Muttalib (Shaybah),ENT_5FACBC2357,abu talib,Abu Talib,father_of,medium_high,SRC002,103,17,SRC002 p.103 line 17,Descendants of Abdul Muttalib (Shaybah) bin Hashim bin Abd Manaf | child entry 75.2: Abu Talib,descendant_child_under_current_heading,P22,no
EDGE_EB36FC88A6,ENT_F683C96F4B,abdul muttalib shaybah,Abdul Muttalib (Shaybah),ENT_B6737FC736,hamza,Hamza,father_of,medium_high,SRC002,103,19,SRC002 p.103 line 19,Descendants of Abdul Muttalib (Shaybah) bin Hashim bin Abd Manaf | child entry 75.3: Hamza,descendant_child_under_current_heading,P22,no
EDGE_11D6692ECB,ENT_F683C96F4B,abdul muttalib shaybah,Abdul Muttalib (Shaybah),ENT_592A598416,abbas,Abbas,father_of,medium_high,SRC002,103,21,SRC002 p.103 line 21,Descendants of Abdul Muttalib (Shaybah) bin Hashim bin Abd Manaf | child entry 75.4: Abbas,descendant_child_under_current_heading,P22,no
EDGE_7E8D378F5B,ENT_F683C96F4B,abdul muttalib shaybah,Abdul Muttalib (Shaybah),ENT_02A3D68EFE,harith,Harith,father_of,medium_high,SRC002,103,23,SRC002 p.103 line 23,Descendants of Abdul Muttalib (Shaybah) bin Hashim bin Abd Manaf | child entry 75.5: Harith,descendant_child_under_current_heading,P22,no
EDGE_973F079AED,ENT_F683C96F4B,abdul muttalib shaybah,Abdul Muttalib (Shaybah),ENT_8922E6E61F,zubayr,Zubayr,father_of,medium_high,SRC002,103,25,SRC002 p.103 line 25,Descendants of Abdul Muttalib (Shaybah) bin Hashim bin Abd Manaf | child entry 75.6: Zubayr,descendant_child_under_current_heading,P22,no
EDGE_084EB3B3A7,ENT_F683C96F4B,abdul muttalib shaybah,Abdul Muttalib (Shaybah),ENT_E460C084F6,abu lahab,Abu Lahab,father_of,medium_high,SRC002,103,27,SRC002 p.103 line 27,Descendants of Abdul Muttalib (Shaybah) bin Hashim bin Abd Manaf | child entry 75.7: Abu Lahab,descendant_child_under_current_heading,P22,no
EDGE_547905E72D,ENT_F683C96F4B,abdul muttalib shaybah,Abdul Muttalib (Shaybah),ENT_9B6E33C740,dirar,Dirar,father_of,medium_high,SRC002,103,29,SRC002 p.103 line 29,Descendants of Abdul Muttalib (Shaybah) bin Hashim bin Abd Manaf | child entry 75.8: Dirar,descendant_child_under_current_heading,P22,no
EDGE_78265239EB,ENT_F683C96F4B,abdul muttalib shaybah,Abdul Muttalib (Shaybah),ENT_D33EF06798,muqawwim,Muqawwim,father_of,medium_high,SRC002,103,31,SRC002 p.103 line 31,Descendants of Abdul Muttalib (Shaybah) bin Hashim bin Abd Manaf | child entry 75.9: Muqawwim,descendant_child_under_current_heading,P22,no
EDGE_54CEDC0997,ENT_4381A868B7,abdul muttalib,Abdul Muttalib,ENT_F2D3F09150,abdullah,Hazrat Abdullah,father_of,high,SRC002,103,35,SRC002 p.103 line 35,Descendants of Hazrat Abdullah (R.A) bin Abdul Muttalib (Shaybah) bin Hashim,descendants_heading_child_bin_father,P22,no
EDGE_590EB73147,ENT_F2D3F09150,abdullah,Hazrat Abdullah,ENT_3492169A0C,prophet muhammad,Prophet Muhammad ( ),father_of,medium_high,SRC002,103,38,SRC002 p.103 line 38,Descendants of Hazrat Abdullah (R.A) bin Abdul Muttalib (Shaybah) bin Hashim | child entry 76.1: Prophet Muhammad ( )ﷺ,descendant_child_under_current_heading,P22,no
EDGE_A61F90DE11,ENT_4381A868B7,abdul muttalib,Abdul Muttalib,ENT_543D924833,prophet muhammad bin abdullah,Prophet Muhammad ( )bin Hazrat Abdullah,father_of,high,SRC002,103,39,SRC002 p.103 line 39,Descendants of Prophet Muhammad ( )ﷺbin Hazrat Abdullah (R.A) bin Abdul Muttalib (Shaybah) (Forefather of Aal-e-Rasul SAW),descendants_heading_child_bin_father,P22,no
EDGE_DD931FF51F,ENT_543D924833,prophet muhammad bin abdullah,Prophet Muhammad ( )bin Hazrat Abdullah,ENT_03326D236C,qasim a s,Qasim A.S,father_of,medium_high,SRC002,103,42,SRC002 p.103 line 42,Descendants of Prophet Muhammad ( )ﷺbin Hazrat Abdullah (R.A) bin Abdul Muttalib (Shaybah) (Forefather of Aal-e-Rasul SAW) | child entry 77.1: Qasim A.S,descendant_child_under_current_heading,P22,no
EDGE_9F09B22E81,ENT_543D924833,prophet muhammad bin abdullah,Prophet Muhammad ( )bin Hazrat Abdullah,ENT_CC4357ADF1,abdullah a s also called tayyib tahir,Abdullah A.S (also called Tayyib / Tahir),father_of,medium_high,SRC002,103,44,SRC002 p.103 line 44,Descendants of Prophet Muhammad ( )ﷺbin Hazrat Abdullah (R.A) bin Abdul Muttalib (Shaybah) (Forefather of Aal-e-Rasul SAW) | child entry 77.2: Abdullah A.S (also called Tayyib / Tahir),descendant_child_under_current_heading,P22,no
EDGE_03341A5CCC,ENT_543D924833,prophet muhammad bin abdullah,Prophet Muhammad ( )bin Hazrat Abdullah,ENT_E46B4C7636,ibrahim a s,Ibrahim A.S,father_of,medium_high,SRC002,103,46,SRC002 p.103 line 46,Descendants of Prophet Muhammad ( )ﷺbin Hazrat Abdullah (R.A) bin Abdul Muttalib (Shaybah) (Forefather of Aal-e-Rasul SAW) | child entry 77.3: Ibrahim A.S,descendant_child_under_current_heading,P22,no
EDGE_43D0888931,ENT_543D924833,prophet muhammad bin abdullah,Prophet Muhammad ( )bin Hazrat Abdullah,ENT_2DA5E38CA0,bibi fatima zahra s a,Bibi Fatima Zahra S.A,father_of,medium_high,SRC002,103,48,SRC002 p.103 line 48,Descendants of Prophet Muhammad ( )ﷺbin Hazrat Abdullah (R.A) bin Abdul Muttalib (Shaybah) (Forefather of Aal-e-Rasul SAW) | child entry 77.4: Bibi Fatima Zahra S.A,descendant_child_under_current_heading,P22,no
EDGE_C4D1489D12,ENT_543D924833,prophet muhammad bin abdullah,Prophet Muhammad ( )bin Hazrat Abdullah,ENT_383509B319,imam hasan,Imam Hasan,father_of,medium_high,SRC002,103,52,SRC002 p.103 line 52,Descendants of Bibi Fatima al-Zahra (A.S) bint Prophet Muhammad ( )ﷺbin Hazrat Abdullah (R.A) | child entry 78.1: Imam Hasan (A.S),descendant_child_under_current_heading,P22,no
EDGE_6499D3A154,ENT_543D924833,prophet muhammad bin abdullah,Prophet Muhammad ( )bin Hazrat Abdullah,ENT_D0F5F6FFD4,imam husayn,Imam Hussain,father_of,medium_high,SRC002,103,54,SRC002 p.103 line 54,Descendants of Bibi Fatima al-Zahra (A.S) bint Prophet Muhammad ( )ﷺbin Hazrat Abdullah (R.A) | child entry 78.2: Imam Hussain (A.S),descendant_child_under_current_heading,P22,no
EDGE_C058D6C702,ENT_543D924833,prophet muhammad bin abdullah,Prophet Muhammad ( )bin Hazrat Abdullah,ENT_60120C5B2B,muhsin,Muhsin,father_of,medium_high,SRC002,103,56,SRC002 p.103 line 56,Descendants of Bibi Fatima al-Zahra (A.S) bint Prophet Muhammad ( )ﷺbin Hazrat Abdullah (R.A) | child entry 78.3: Muhsin (A.S),descendant_child_under_current_heading,P22,no
EDGE_94D3531FB8,ENT_543D924833,prophet muhammad bin abdullah,Prophet Muhammad ( )bin Hazrat Abdullah,ENT_F870A097E6,bibi zainab s a,Bibi Zainab S.A,father_of,medium_high,SRC002,103,58,SRC002 p.103 line 58,Descendants of Bibi Fatima al-Zahra (A.S) bint Prophet Muhammad ( )ﷺbin Hazrat Abdullah (R.A) | child entry 78.4: Bibi Zainab S.A,descendant_child_under_current_heading,P22,no
EDGE_6920D63401,ENT_543D924833,prophet muhammad bin abdullah,Prophet Muhammad ( )bin Hazrat Abdullah,ENT_2542D74CBF,bibi umm e qulsom s a,Bibi Umm e Qulsom S.A,father_of,medium_high,SRC002,104,4,SRC002 p.104 line 4,Descendants of Bibi Fatima al-Zahra (A.S) bint Prophet Muhammad ( )ﷺbin Hazrat Abdullah (R.A) | child entry 78.5: Bibi Umm e Qulsom S.A,descendant_child_under_current_heading,P22,no
EDGE_F18EF758BD,ENT_4381A868B7,abdul muttalib,Abdul Muttalib,ENT_5FACBC2357,abu talib,Abu Talib,father_of,high,SRC002,104,5,SRC002 p.104 line 5,Descendants of Abu Talib bin Abdul Muttalib bin Hashim (Forefather of Talibi Hashmis),descendants_heading_child_bin_father,P22,no
EDGE_5E376F2946,ENT_5FACBC2357,abu talib,Abu Talib,ENT_22C049924A,talib,Talib,father_of,medium_high,SRC002,104,8,SRC002 p.104 line 8,Descendants of Abu Talib bin Abdul Muttalib bin Hashim (Forefather of Talibi Hashmis) | child entry 79.1: Talib,descendant_child_under_current_heading,P22,no
EDGE_73ED44388F,ENT_5FACBC2357,abu talib,Abu Talib,ENT_EA888D548D,aqil,Aqil,father_of,medium_high,SRC002,104,10,SRC002 p.104 line 10,Descendants of Abu Talib bin Abdul Muttalib bin Hashim (Forefather of Talibi Hashmis) | child entry 79.2: Aqil,descendant_child_under_current_heading,P22,no
EDGE_A96563E89B,ENT_5FACBC2357,abu talib,Abu Talib,ENT_33B38EBE53,ja far,Ja‘far,father_of,medium_high,SRC002,104,12,SRC002 p.104 line 12,Descendants of Abu Talib bin Abdul Muttalib bin Hashim (Forefather of Talibi Hashmis) | child entry 79.3: Ja‘far,descendant_child_under_current_heading,P22,no
EDGE_C4F87C4916,ENT_5FACBC2357,abu talib,Abu Talib,ENT_AAAF97554C,imam ali,Imam Ali,father_of,high,SRC002,104,15,SRC002 p.104 line 15,Descendants of Imam Ali (A.S) bin Abu Talib bin Abdul Muttalib (Forefather of Gher Fatimi Alavis & Fatimis Sadaat),descendants_heading_child_bin_father,P22,no
EDGE_B5BD8FFC7A,ENT_AAAF97554C,imam ali,Imam Ali,ENT_B49B0B7881,hasan,Hasan,father_of,medium_high,SRC002,104,18,SRC002 p.104 line 18,Descendants of Imam Ali (A.S) bin Abu Talib bin Abdul Muttalib (Forefather of Gher Fatimi Alavis & Fatimis Sadaat) | child entry 80.1: Hasan (A.S),descendant_child_under_current_heading,P22,no
EDGE_908770965B,ENT_AAAF97554C,imam ali,Imam Ali,ENT_919A801DF3,husayn,Hussain,father_of,medium_high,SRC002,104,20,SRC002 p.104 line 20,Descendants of Imam Ali (A.S) bin Abu Talib bin Abdul Muttalib (Forefather of Gher Fatimi Alavis & Fatimis Sadaat) | child entry 80.2: Hussain (A.S),descendant_child_under_current_heading,P22,no
EDGE_A88FDEB7E5,ENT_AAAF97554C,imam ali,Imam Ali,ENT_60120C5B2B,muhsin,Muhsin,father_of,medium_high,SRC002,104,22,SRC002 p.104 line 22,Descendants of Imam Ali (A.S) bin Abu Talib bin Abdul Muttalib (Forefather of Gher Fatimi Alavis & Fatimis Sadaat) | child entry 80.3: Muhsin (A.S),descendant_child_under_current_heading,P22,no
EDGE_AAD93872DA,ENT_AAAF97554C,imam ali,Imam Ali,ENT_40BD3D98A9,muhammad ibn al hanafiyyah,Muhammad ibn al-Hanafiyyah,father_of,medium_high,SRC002,104,24,SRC002 p.104 line 24,Descendants of Imam Ali (A.S) bin Abu Talib bin Abdul Muttalib (Forefather of Gher Fatimi Alavis & Fatimis Sadaat) | child entry 80.4: Muhammad ibn al-Hanafiyyah,descendant_child_under_current_heading,P22,no
EDGE_6E0A75B6CB,ENT_AAAF97554C,imam ali,Imam Ali,ENT_592A598416,abbas,Abbas,father_of,medium_high,SRC002,104,26,SRC002 p.104 line 26,Descendants of Imam Ali (A.S) bin Abu Talib bin Abdul Muttalib (Forefather of Gher Fatimi Alavis & Fatimis Sadaat) | child entry 80.5: Abbas,descendant_child_under_current_heading,P22,no
EDGE_71217BE0F2,ENT_AAAF97554C,imam ali,Imam Ali,ENT_F2D3F09150,abdullah,Abdullah,father_of,medium_high,SRC002,104,28,SRC002 p.104 line 28,Descendants of Imam Ali (A.S) bin Abu Talib bin Abdul Muttalib (Forefather of Gher Fatimi Alavis & Fatimis Sadaat) | child entry 80.6: Abdullah,descendant_child_under_current_heading,P22,no
EDGE_ED7C0AC19E,ENT_AAAF97554C,imam ali,Imam Ali,ENT_33B38EBE53,ja far,Ja‘far,father_of,medium_high,SRC002,104,30,SRC002 p.104 line 30,Descendants of Imam Ali (A.S) bin Abu Talib bin Abdul Muttalib (Forefather of Gher Fatimi Alavis & Fatimis Sadaat) | child entry 80.7: Ja‘far,descendant_child_under_current_heading,P22,no
EDGE_458203E413,ENT_AAAF97554C,imam ali,Imam Ali,ENT_0F4E0BBB6C,uthman,Uthman,father_of,medium_high,SRC002,104,32,SRC002 p.104 line 32,Descendants of Imam Ali (A.S) bin Abu Talib bin Abdul Muttalib (Forefather of Gher Fatimi Alavis & Fatimis Sadaat) | child entry 80.8: Uthman,descendant_child_under_current_heading,P22,no
EDGE_EC08B3B2B7,ENT_AAAF97554C,imam ali,Imam Ali,ENT_885C14C883,umar,Umar,father_of,medium_high,SRC002,104,34,SRC002 p.104 line 34,Descendants of Imam Ali (A.S) bin Abu Talib bin Abdul Muttalib (Forefather of Gher Fatimi Alavis & Fatimis Sadaat) | child entry 80.9: Umar,descendant_child_under_current_heading,P22,no
EDGE_F07DD76C3C,ENT_AAAF97554C,imam ali,Imam Ali,ENT_D0F5F6FFD4,imam husayn,Imam Hussain,father_of,high,SRC002,104,44,SRC002 p.104 line 44,Descendants of Imam Hussain (A.S) bin Imam Ali (A.S) bin Abu Talib,descendants_heading_child_bin_father,P22,no
EDGE_576ABDAF6A,ENT_D0F5F6FFD4,imam husayn,Imam Hussain,ENT_DFD295CAE2,ali zainulabideen a s,Ali Zain al-Abideen A.S,father_of,medium_high,SRC002,104,46,SRC002 p.104 line 46,Descendants of Imam Hussain (A.S) bin Imam Ali (A.S) bin Abu Talib | child entry 81.1: Ali Zain al-Abideen A.S,descendant_child_under_current_heading,P22,no
EDGE_760625B62D,ENT_D0F5F6FFD4,imam husayn,Imam Hussain,ENT_4D251B98A6,ali al akbar a s,Ali al-Akbar A.S,father_of,medium_high,SRC002,104,48,SRC002 p.104 line 48,Descendants of Imam Hussain (A.S) bin Imam Ali (A.S) bin Abu Talib | child entry 81.2: Ali al-Akbar A.S,descendant_child_under_current_heading,P22,no
EDGE_919455FE70,ENT_D0F5F6FFD4,imam husayn,Imam Hussain,ENT_804B41E729,ali al asghar abdullah a s,Ali al-Asghar (Abdullah) A.S,father_of,medium_high,SRC002,104,50,SRC002 p.104 line 50,Descendants of Imam Hussain (A.S) bin Imam Ali (A.S) bin Abu Talib | child entry 81.3: Ali al-Asghar (Abdullah) A.S,descendant_child_under_current_heading,P22,no
EDGE_D96E83889C,ENT_D0F5F6FFD4,imam husayn,Imam Hussain,ENT_DDA9986615,ja far a s,Ja‘far A.S,father_of,medium_high,SRC002,104,52,SRC002 p.104 line 52,Descendants of Imam Hussain (A.S) bin Imam Ali (A.S) bin Abu Talib | child entry 81.4: Ja‘far A.S,descendant_child_under_current_heading,P22,no
EDGE_21F20CB68D,ENT_D0F5F6FFD4,imam husayn,Imam Hussain,ENT_9154172691,muhammad a s,Muhammad A.S,father_of,medium_high,SRC002,104,54,SRC002 p.104 line 54,Descendants of Imam Hussain (A.S) bin Imam Ali (A.S) bin Abu Talib | child entry 81.5: Muhammad A.S,descendant_child_under_current_heading,P22,no
EDGE_643269A6EA,ENT_D0F5F6FFD4,imam husayn,Imam Hussain,ENT_174A3B739A,imam zainulabideen,Imam Zain ul Abideen,father_of,high,SRC002,105,3,SRC002 p.105 line 3,Descendants of Imam Zain ul Abideen (A.S) bin Imam Hussain (A.S) bin Imam Ali (A.S),descendants_heading_child_bin_father,P22,no
EDGE_6196317614,ENT_174A3B739A,imam zainulabideen,Imam Zain ul Abideen,ENT_DBB176462B,imam muhammad al baqir,Imam Muhammad al-Baqir,father_of,medium_high,SRC002,105,6,SRC002 p.105 line 6,Descendants of Imam Zain ul Abideen (A.S) bin Imam Hussain (A.S) bin Imam Ali (A.S) | child entry 82.1: Imam Muhammad al-Baqir (A.S),descendant_child_under_current_heading,P22,no
EDGE_CFACA9BF4C,ENT_174A3B739A,imam zainulabideen,Imam Zain ul Abideen,ENT_7BB718E9D6,imam zayd,Imam Zayd,father_of,medium_high,SRC002,105,8,SRC002 p.105 line 8,Descendants of Imam Zain ul Abideen (A.S) bin Imam Hussain (A.S) bin Imam Ali (A.S) | child entry 82.2: Imam Zayd (A.S),descendant_child_under_current_heading,P22,no
EDGE_5FC28B129E,ENT_174A3B739A,imam zainulabideen,Imam Zain ul Abideen,ENT_F2D3F09150,abdullah,Abdullah,father_of,medium_high,SRC002,105,10,SRC002 p.105 line 10,Descendants of Imam Zain ul Abideen (A.S) bin Imam Hussain (A.S) bin Imam Ali (A.S) | child entry 82.3: Abdullah,descendant_child_under_current_heading,P22,no
EDGE_97F4A07641,ENT_174A3B739A,imam zainulabideen,Imam Zain ul Abideen,ENT_885C14C883,umar,Umar,father_of,medium_high,SRC002,105,12,SRC002 p.105 line 12,Descendants of Imam Zain ul Abideen (A.S) bin Imam Hussain (A.S) bin Imam Ali (A.S) | child entry 82.4: Umar,descendant_child_under_current_heading,P22,no
EDGE_DC44068F56,ENT_174A3B739A,imam zainulabideen,Imam Zain ul Abideen,ENT_B49B0B7881,hasan,Hasan,father_of,medium_high,SRC002,105,14,SRC002 p.105 line 14,Descendants of Imam Zain ul Abideen (A.S) bin Imam Hussain (A.S) bin Imam Ali (A.S) | child entry 82.5: Hasan,descendant_child_under_current_heading,P22,no
EDGE_FC676F9A49,ENT_174A3B739A,imam zainulabideen,Imam Zain ul Abideen,ENT_919A801DF3,husayn,Hussain,father_of,medium_high,SRC002,105,16,SRC002 p.105 line 16,Descendants of Imam Zain ul Abideen (A.S) bin Imam Hussain (A.S) bin Imam Ali (A.S) | child entry 82.6: Hussain,descendant_child_under_current_heading,P22,no
EDGE_CF7E5B5211,ENT_174A3B739A,imam zainulabideen,Imam Zain ul Abideen,ENT_CF6BA6236C,abdur rahman,Abdur Rahman,father_of,medium_high,SRC002,105,18,SRC002 p.105 line 18,Descendants of Imam Zain ul Abideen (A.S) bin Imam Hussain (A.S) bin Imam Ali (A.S) | child entry 82.7: Abdur Rahman,descendant_child_under_current_heading,P22,no
EDGE_A3B8038C61,ENT_174A3B739A,imam zainulabideen,Imam Zain ul Abideen,ENT_C59D73AA39,suleiman,Suleiman,father_of,medium_high,SRC002,105,20,SRC002 p.105 line 20,Descendants of Imam Zain ul Abideen (A.S) bin Imam Hussain (A.S) bin Imam Ali (A.S) | child entry 82.8: Suleiman,descendant_child_under_current_heading,P22,no
EDGE_F2B77B3A2C,ENT_174A3B739A,imam zainulabideen,Imam Zain ul Abideen,ENT_6737897D35,imam muhammad baqir,Imam Muhammad Baqir,father_of,high,SRC002,105,30,SRC002 p.105 line 30,Descendants of Imam Muhammad Baqir (A.S) bin Imam Zain ul Abideen (A.S) bin Imam Hussain (A.S),descendants_heading_child_bin_father,P22,no
EDGE_AE96B6A6F3,ENT_6737897D35,imam muhammad baqir,Imam Muhammad Baqir,ENT_DCF45C9AF0,imam ja far al sadiq,Imam Ja‘far al-Sadiq,father_of,medium_high,SRC002,105,33,SRC002 p.105 line 33,Descendants of Imam Muhammad Baqir (A.S) bin Imam Zain ul Abideen (A.S) bin Imam Hussain (A.S) | child entry 83.1: Imam Ja‘far al-Sadiq (A.S),descendant_child_under_current_heading,P22,no
EDGE_9DD8A33681,ENT_6737897D35,imam muhammad baqir,Imam Muhammad Baqir,ENT_0B4A627614,abdullah alaftah,Abdullah Alaftah,father_of,medium_high,SRC002,105,35,SRC002 p.105 line 35,Descendants of Imam Muhammad Baqir (A.S) bin Imam Zain ul Abideen (A.S) bin Imam Hussain (A.S) | child entry 83.2: Abdullah Alaftah,descendant_child_under_current_heading,P22,no
EDGE_DE876F0370,ENT_6737897D35,imam muhammad baqir,Imam Muhammad Baqir,ENT_04BBD3D882,ibrahim,Ibrahim,father_of,medium_high,SRC002,105,37,SRC002 p.105 line 37,Descendants of Imam Muhammad Baqir (A.S) bin Imam Zain ul Abideen (A.S) bin Imam Hussain (A.S) | child entry 83.3: Ibrahim,descendant_child_under_current_heading,P22,no
EDGE_87EEB50A17,ENT_6737897D35,imam muhammad baqir,Imam Muhammad Baqir,ENT_8E5F8686FE,ubaydullah,Ubaydullah,father_of,medium_high,SRC002,105,39,SRC002 p.105 line 39,Descendants of Imam Muhammad Baqir (A.S) bin Imam Zain ul Abideen (A.S) bin Imam Hussain (A.S) | child entry 83.4: Ubaydullah,descendant_child_under_current_heading,P22,no
EDGE_A2962CD044,ENT_6737897D35,imam muhammad baqir,Imam Muhammad Baqir,ENT_62587BEF0D,imam jafar sadiq,Imam Jafar Sadiq,father_of,high,SRC002,105,40,SRC002 p.105 line 40,Descendants of Imam Jafar Sadiq (A.S) bin Imam Muhammad Baqir (A.S) bin Imam Zain ul Abideen (A.S),descendants_heading_child_bin_father,P22,no
EDGE_C0E2D8AC67,ENT_62587BEF0D,imam jafar sadiq,Imam Jafar Sadiq,ENT_7B57102DEA,imam musa al kazim,Imam Musa al-Kazim,father_of,medium_high,SRC002,105,43,SRC002 p.105 line 43,Descendants of Imam Jafar Sadiq (A.S) bin Imam Muhammad Baqir (A.S) bin Imam Zain ul Abideen (A.S) | child entry 84.1: Imam Musa al-Kazim (A.S),descendant_child_under_current_heading,P22,no
EDGE_8FA61C83CA,ENT_62587BEF0D,imam jafar sadiq,Imam Jafar Sadiq,ENT_E327C9FB8E,ismail,Ismail,father_of,medium_high,SRC002,105,45,SRC002 p.105 line 45,Descendants of Imam Jafar Sadiq (A.S) bin Imam Muhammad Baqir (A.S) bin Imam Zain ul Abideen (A.S) | child entry 84.2: Ismail,descendant_child_under_current_heading,P22,no
EDGE_CCB06E07D3,ENT_62587BEF0D,imam jafar sadiq,Imam Jafar Sadiq,ENT_AD94B8D05E,abdullah al aftah,Abdullah (al-Aftah),father_of,medium_high,SRC002,105,47,SRC002 p.105 line 47,Descendants of Imam Jafar Sadiq (A.S) bin Imam Muhammad Baqir (A.S) bin Imam Zain ul Abideen (A.S) | child entry 84.3: Abdullah (al-Aftah),descendant_child_under_current_heading,P22,no
EDGE_9F2B3F20F3,ENT_62587BEF0D,imam jafar sadiq,Imam Jafar Sadiq,ENT_D2A487B69D,muhammad debaj,Muhammad Debaj,father_of,medium_high,SRC002,105,49,SRC002 p.105 line 49,Descendants of Imam Jafar Sadiq (A.S) bin Imam Muhammad Baqir (A.S) bin Imam Zain ul Abideen (A.S) | child entry 84.4: Muhammad Debaj,descendant_child_under_current_heading,P22,no
EDGE_61AE40C1F5,ENT_62587BEF0D,imam jafar sadiq,Imam Jafar Sadiq,ENT_D68ADED6E6,ishaq,Ishaq,father_of,medium_high,SRC002,105,51,SRC002 p.105 line 51,Descendants of Imam Jafar Sadiq (A.S) bin Imam Muhammad Baqir (A.S) bin Imam Zain ul Abideen (A.S) | child entry 84.5: Ishaq,descendant_child_under_current_heading,P22,no
EDGE_0D330861FC,ENT_62587BEF0D,imam jafar sadiq,Imam Jafar Sadiq,ENT_CF5B211A40,ali uraydi,Ali Uraydi,father_of,medium_high,SRC002,105,53,SRC002 p.105 line 53,Descendants of Imam Jafar Sadiq (A.S) bin Imam Muhammad Baqir (A.S) bin Imam Zain ul Abideen (A.S) | child entry 84.6: Ali Uraydi,descendant_child_under_current_heading,P22,no
EDGE_63A850A87E,ENT_62587BEF0D,imam jafar sadiq,Imam Jafar Sadiq,ENT_592A598416,abbas,Abbas,father_of,medium_high,SRC002,105,55,SRC002 p.105 line 55,Descendants of Imam Jafar Sadiq (A.S) bin Imam Muhammad Baqir (A.S) bin Imam Zain ul Abideen (A.S) | child entry 84.7: Abbas,descendant_child_under_current_heading,P22,no
EDGE_BE92B16ADC,ENT_62587BEF0D,imam jafar sadiq,Imam Jafar Sadiq,ENT_FD9A51AAC5,yahya,Yahya,father_of,medium_high,SRC002,105,57,SRC002 p.105 line 57,Descendants of Imam Jafar Sadiq (A.S) bin Imam Muhammad Baqir (A.S) bin Imam Zain ul Abideen (A.S) | child entry 84.8: Yahya,descendant_child_under_current_heading,P22,no
EDGE_FBE2987794,ENT_62587BEF0D,imam jafar sadiq,Imam Jafar Sadiq,ENT_B6737FC736,hamza,Hamza,father_of,medium_high,SRC002,106,4,SRC002 p.106 line 4,Descendants of Imam Jafar Sadiq (A.S) bin Imam Muhammad Baqir (A.S) bin Imam Zain ul Abideen (A.S) | child entry 84.9: Hamza,descendant_child_under_current_heading,P22,no
EDGE_EBAD2FDECF,ENT_62587BEF0D,imam jafar sadiq,Imam Jafar Sadiq,ENT_50243DF89C,imam musa kazim,Imam Musa Kazim,father_of,high,SRC002,106,7,SRC002 p.106 line 7,Descendants of Imam Musa Kazim (A.S) bin Imam Jafar Sadiq (A.S) bin Imam Muhammad Baqir (A.S),descendants_heading_child_bin_father,P22,no
EDGE_97498CA8B2,ENT_50243DF89C,imam musa kazim,Imam Musa Kazim,ENT_D396EB5D47,imam ali al ridha,Imam Ali al-Ridha,father_of,medium_high,SRC002,106,10,SRC002 p.106 line 10,Descendants of Imam Musa Kazim (A.S) bin Imam Jafar Sadiq (A.S) bin Imam Muhammad Baqir (A.S) | child entry 85.1: Imam Ali al-Ridha (A.S),descendant_child_under_current_heading,P22,no
EDGE_664818C6B6,ENT_50243DF89C,imam musa kazim,Imam Musa Kazim,ENT_04BBD3D882,ibrahim,Ibrahim,father_of,medium_high,SRC002,106,12,SRC002 p.106 line 12,Descendants of Imam Musa Kazim (A.S) bin Imam Jafar Sadiq (A.S) bin Imam Muhammad Baqir (A.S) | child entry 85.2: Ibrahim,descendant_child_under_current_heading,P22,no
EDGE_7433A7A04B,ENT_50243DF89C,imam musa kazim,Imam Musa Kazim,ENT_592A598416,abbas,Abbas,father_of,medium_high,SRC002,106,14,SRC002 p.106 line 14,Descendants of Imam Musa Kazim (A.S) bin Imam Jafar Sadiq (A.S) bin Imam Muhammad Baqir (A.S) | child entry 85.3: Abbas,descendant_child_under_current_heading,P22,no
EDGE_835E4FFD21,ENT_50243DF89C,imam musa kazim,Imam Musa Kazim,ENT_CCBCF39AF4,qasim,Qasim,father_of,medium_high,SRC002,106,16,SRC002 p.106 line 16,Descendants of Imam Musa Kazim (A.S) bin Imam Jafar Sadiq (A.S) bin Imam Muhammad Baqir (A.S) | child entry 85.4: Qasim,descendant_child_under_current_heading,P22,no
EDGE_C4F97778ED,ENT_50243DF89C,imam musa kazim,Imam Musa Kazim,ENT_E327C9FB8E,ismail,Ismail,father_of,medium_high,SRC002,106,18,SRC002 p.106 line 18,Descendants of Imam Musa Kazim (A.S) bin Imam Jafar Sadiq (A.S) bin Imam Muhammad Baqir (A.S) | child entry 85.5: Ismail,descendant_child_under_current_heading,P22,no
EDGE_F1F11F8003,ENT_50243DF89C,imam musa kazim,Imam Musa Kazim,ENT_33B38EBE53,ja far,Ja‘far,father_of,medium_high,SRC002,106,20,SRC002 p.106 line 20,Descendants of Imam Musa Kazim (A.S) bin Imam Jafar Sadiq (A.S) bin Imam Muhammad Baqir (A.S) | child entry 85.6: Ja‘far,descendant_child_under_current_heading,P22,no
EDGE_F728AFDCE1,ENT_50243DF89C,imam musa kazim,Imam Musa Kazim,ENT_678551FA73,harun,Harun,father_of,medium_high,SRC002,106,22,SRC002 p.106 line 22,Descendants of Imam Musa Kazim (A.S) bin Imam Jafar Sadiq (A.S) bin Imam Muhammad Baqir (A.S) | child entry 85.7: Harun,descendant_child_under_current_heading,P22,no
EDGE_B111204154,ENT_50243DF89C,imam musa kazim,Imam Musa Kazim,ENT_F2D3F09150,abdullah,Abdullah,father_of,medium_high,SRC002,106,24,SRC002 p.106 line 24,Descendants of Imam Musa Kazim (A.S) bin Imam Jafar Sadiq (A.S) bin Imam Muhammad Baqir (A.S) | child entry 85.8: Abdullah,descendant_child_under_current_heading,P22,no
EDGE_1B403B5EAD,ENT_50243DF89C,imam musa kazim,Imam Musa Kazim,ENT_D68ADED6E6,ishaq,Ishaq,father_of,medium_high,SRC002,106,26,SRC002 p.106 line 26,Descendants of Imam Musa Kazim (A.S) bin Imam Jafar Sadiq (A.S) bin Imam Muhammad Baqir (A.S) | child entry 85.9: Ishaq,descendant_child_under_current_heading,P22,no
EDGE_D85E3F6B1D,ENT_50243DF89C,imam musa kazim,Imam Musa Kazim,ENT_D67B0C59D6,imam ali raza,Imam Ali Raza,father_of,high,SRC002,106,31,SRC002 p.106 line 31,Descendants of Imam Ali Raza (A.S) bin Imam Musa Kazim (A.S) bin Imam Jafar Sadiq (A.S),descendants_heading_child_bin_father,P22,no
EDGE_29166718DA,ENT_D67B0C59D6,imam ali raza,Imam Ali Raza,ENT_688AD719B3,imam muhammad al taqi al jawad,Imam Muhammad al-Taqi al-Jawad,father_of,medium_high,SRC002,106,34,SRC002 p.106 line 34,Descendants of Imam Ali Raza (A.S) bin Imam Musa Kazim (A.S) bin Imam Jafar Sadiq (A.S) | child entry 86.1: Imam Muhammad al-Taqi al-Jawad (A.S),descendant_child_under_current_heading,P22,no
EDGE_6DBC4B6E23,ENT_D67B0C59D6,imam ali raza,Imam Ali Raza,ENT_C50C4E0F7F,musa,Musa,father_of,medium_high,SRC002,106,36,SRC002 p.106 line 36,Descendants of Imam Ali Raza (A.S) bin Imam Musa Kazim (A.S) bin Imam Jafar Sadiq (A.S) | child entry 86.2: Musa,descendant_child_under_current_heading,P22,no
EDGE_2888E0E1CE,ENT_D67B0C59D6,imam ali raza,Imam Ali Raza,ENT_B49B0B7881,hasan,Hasan,father_of,medium_high,SRC002,106,38,SRC002 p.106 line 38,Descendants of Imam Ali Raza (A.S) bin Imam Musa Kazim (A.S) bin Imam Jafar Sadiq (A.S) | child entry 86.3: Hasan,descendant_child_under_current_heading,P22,no
EDGE_7809CD61FA,ENT_D67B0C59D6,imam ali raza,Imam Ali Raza,ENT_04BBD3D882,ibrahim,Ibrahim,father_of,medium_high,SRC002,106,40,SRC002 p.106 line 40,Descendants of Imam Ali Raza (A.S) bin Imam Musa Kazim (A.S) bin Imam Jafar Sadiq (A.S) | child entry 86.4: Ibrahim,descendant_child_under_current_heading,P22,no
EDGE_64B9F63D38,ENT_D67B0C59D6,imam ali raza,Imam Ali Raza,ENT_7DD624535B,imam muhammad taqi al jawad,Imam Muhammad Taqi al-Jawad,father_of,high,SRC002,106,41,SRC002 p.106 line 41,Descendants of Imam Muhammad Taqi al-Jawad (A.S) bin Imam Ali Raza (A.S) bin Imam Musa Kazim (A.S),descendants_heading_child_bin_father,P22,no
EDGE_1041DEC636,ENT_7DD624535B,imam muhammad taqi al jawad,Imam Muhammad Taqi al-Jawad,ENT_F550C93AC1,imam ali al naqi al hadi,Imam Ali al-Naqi al-Hadi,father_of,medium_high,SRC002,106,44,SRC002 p.106 line 44,Descendants of Imam Muhammad Taqi al-Jawad (A.S) bin Imam Ali Raza (A.S) bin Imam Musa Kazim (A.S) | child entry 87.1: Imam Ali al-Naqi al-Hadi (A.S),descendant_child_under_current_heading,P22,no
EDGE_1E7BF7AA19,ENT_7DD624535B,imam muhammad taqi al jawad,Imam Muhammad Taqi al-Jawad,ENT_C50C4E0F7F,musa,Musa,father_of,medium_high,SRC002,106,46,SRC002 p.106 line 46,Descendants of Imam Muhammad Taqi al-Jawad (A.S) bin Imam Ali Raza (A.S) bin Imam Musa Kazim (A.S) | child entry 87.2: Musa,descendant_child_under_current_heading,P22,no
EDGE_97541CAC98,ENT_7DD624535B,imam muhammad taqi al jawad,Imam Muhammad Taqi al-Jawad,ENT_5880BB84DA,muhammad,Muhammad,father_of,medium_high,SRC002,106,48,SRC002 p.106 line 48,Descendants of Imam Muhammad Taqi al-Jawad (A.S) bin Imam Ali Raza (A.S) bin Imam Musa Kazim (A.S) | child entry 87.3: Muhammad,descendant_child_under_current_heading,P22,no
EDGE_836C314C4F,ENT_7DD624535B,imam muhammad taqi al jawad,Imam Muhammad Taqi al- Jawad,ENT_9952008F20,imam ali naqi al hadi,Imam Ali Naqi al-Hadi,father_of,high,SRC002,106,49,SRC002 p.106 line 49,Descendants of Imam Ali Naqi al-Hadi (A.S) bin Imam Muhammad Taqi al- Jawad (A.S) bin Imam Ali Raza (A.S),descendants_heading_child_bin_father,P22,no
EDGE_36A537FCDD,ENT_9952008F20,imam ali naqi al hadi,Imam Ali Naqi al-Hadi,ENT_D1770F9CDE,imam hasan al askari,Imam Hasan al-Askari,father_of,medium_high,SRC002,106,52,SRC002 p.106 line 52,Descendants of Imam Ali Naqi al-Hadi (A.S) bin Imam Muhammad Taqi al- Jawad (A.S) bin Imam Ali Raza (A.S) | child entry 88.1: Imam Hasan al-Askari (A.S),descendant_child_under_current_heading,P22,no
EDGE_6626FCE3C6,ENT_9952008F20,imam ali naqi al hadi,Imam Ali Naqi al-Hadi,ENT_33B38EBE53,ja far,Ja‘far,father_of,medium_high,SRC002,106,54,SRC002 p.106 line 54,Descendants of Imam Ali Naqi al-Hadi (A.S) bin Imam Muhammad Taqi al- Jawad (A.S) bin Imam Ali Raza (A.S) | child entry 88.2: Ja‘far,descendant_child_under_current_heading,P22,no
EDGE_A37804FE1A,ENT_9952008F20,imam ali naqi al hadi,Imam Ali Naqi al-Hadi,ENT_D09CF34D44,jafar sani,Syed Jafar Sani,father_of,high,SRC002,107,3,SRC002 p.107 line 3,Descendants of Syed Jafar Sani bin Imam Ali Naqi al-Hadi (A.S) bin Imam Muhammad Taqi al-Jawad (A.S),descendants_heading_child_bin_father,P22,no
EDGE_176F998987,ENT_D09CF34D44,jafar sani,Syed Jafar Sani,ENT_7C33E8A2A7,ali asghar ashqar,Syed Ali Asghar/Ashqar,father_of,medium_high,SRC002,107,6,SRC002 p.107 line 6,Descendants of Syed Jafar Sani bin Imam Ali Naqi al-Hadi (A.S) bin Imam Muhammad Taqi al-Jawad (A.S) | child entry 89.1: Syed Ali Asghar/Ashqar,descendant_child_under_current_heading,P22,no
EDGE_74969D4C65,ENT_D09CF34D44,jafar sani,Syed Jafar Sani,ENT_4D4D22563C,ali akbar,Syed Ali Akbar,father_of,medium_high,SRC002,107,8,SRC002 p.107 line 8,Descendants of Syed Jafar Sani bin Imam Ali Naqi al-Hadi (A.S) bin Imam Muhammad Taqi al-Jawad (A.S) | child entry 89.2: Syed Ali Akbar,descendant_child_under_current_heading,P22,no
EDGE_688758949B,ENT_D09CF34D44,jafar sani,Syed Jafar Sani,ENT_B49B0B7881,hasan,Syed Hasan,father_of,medium_high,SRC002,107,10,SRC002 p.107 line 10,Descendants of Syed Jafar Sani bin Imam Ali Naqi al-Hadi (A.S) bin Imam Muhammad Taqi al-Jawad (A.S) | child entry 89.3: Syed Hasan,descendant_child_under_current_heading,P22,no
EDGE_2C8FB5BF85,ENT_D09CF34D44,jafar sani,Syed Jafar Sani,ENT_919A801DF3,husayn,Syed Hussain,father_of,medium_high,SRC002,107,12,SRC002 p.107 line 12,Descendants of Syed Jafar Sani bin Imam Ali Naqi al-Hadi (A.S) bin Imam Muhammad Taqi al-Jawad (A.S) | child entry 89.4: Syed Hussain,descendant_child_under_current_heading,P22,no
EDGE_2CAA5847D9,ENT_D09CF34D44,jafar sani,Syed Jafar Sani,ENT_A53A33601B,ahmad,Syed Ahmad,father_of,medium_high,SRC002,107,14,SRC002 p.107 line 14,Descendants of Syed Jafar Sani bin Imam Ali Naqi al-Hadi (A.S) bin Imam Muhammad Taqi al-Jawad (A.S) | child entry 89.5: Syed Ahmad,descendant_child_under_current_heading,P22,no
EDGE_22B229F768,ENT_D09CF34D44,jafar sani,Syed Jafar Sani,ENT_5880BB84DA,muhammad,Syed Muhammad,father_of,medium_high,SRC002,107,16,SRC002 p.107 line 16,Descendants of Syed Jafar Sani bin Imam Ali Naqi al-Hadi (A.S) bin Imam Muhammad Taqi al-Jawad (A.S) | child entry 89.6: Syed Muhammad,descendant_child_under_current_heading,P22,no
EDGE_1986AF9391,ENT_D09CF34D44,jafar sani,Syed Jafar Sani,ENT_F2D3F09150,abdullah,Syed Abdullah,father_of,medium_high,SRC002,107,18,SRC002 p.107 line 18,Descendants of Syed Jafar Sani bin Imam Ali Naqi al-Hadi (A.S) bin Imam Muhammad Taqi al-Jawad (A.S) | child entry 89.7: Syed Abdullah,descendant_child_under_current_heading,P22,no
EDGE_1A9455548E,ENT_D09CF34D44,jafar sani,Syed Jafar Sani,ENT_04BBD3D882,ibrahim,Syed Ibrahim,father_of,medium_high,SRC002,107,20,SRC002 p.107 line 20,Descendants of Syed Jafar Sani bin Imam Ali Naqi al-Hadi (A.S) bin Imam Muhammad Taqi al-Jawad (A.S) | child entry 89.8: Syed Ibrahim,descendant_child_under_current_heading,P22,no
EDGE_AE7578C899,ENT_D09CF34D44,jafar sani,Syed Jafar Sani,ENT_E327C9FB8E,ismail,Syed Ismail,father_of,medium_high,SRC002,107,22,SRC002 p.107 line 22,Descendants of Syed Jafar Sani bin Imam Ali Naqi al-Hadi (A.S) bin Imam Muhammad Taqi al-Jawad (A.S) | child entry 89.9: Syed Ismail,descendant_child_under_current_heading,P22,no
EDGE_E2865CE5A7,ENT_D09CF34D44,jafar sani,Syed Jafar Sani,ENT_6151F84957,abul hasan ali asghar,Syed Abul Hasan Ali Asghar,father_of,high,SRC002,107,32,SRC002 p.107 line 32,Descendants of Syed Abul Hasan Ali Asghar bin Syed Jafar Sani bin Imam Ali al-Naqi (A.S),descendants_heading_child_bin_father,P22,no
EDGE_22E8D10586,ENT_6151F84957,abul hasan ali asghar,Syed Abul Hasan Ali Asghar,ENT_9919D6F9F6,muhammad naqvi,Syed Muhammad Naqvi,father_of,medium_high,SRC002,107,35,SRC002 p.107 line 35,Descendants of Syed Abul Hasan Ali Asghar bin Syed Jafar Sani bin Imam Ali al-Naqi (A.S) | child entry 90.1: Syed Muhammad Naqvi,descendant_child_under_current_heading,P22,no
EDGE_3B2BA86D30,ENT_6151F84957,abul hasan ali asghar,Syed Abul Hasan Ali Asghar,ENT_AE5EF642A4,ali mukhtar,Syed Ali Mukhtar,father_of,medium_high,SRC002,107,37,SRC002 p.107 line 37,Descendants of Syed Abul Hasan Ali Asghar bin Syed Jafar Sani bin Imam Ali al-Naqi (A.S) | child entry 90.2: Syed Ali Mukhtar,descendant_child_under_current_heading,P22,no
EDGE_0C29DEEF71,ENT_6151F84957,abul hasan ali asghar,Syed Abul Hasan Ali Asghar,ENT_7D0565085C,jafar naqvi,Syed Jafar Naqvi,father_of,medium_high,SRC002,107,39,SRC002 p.107 line 39,Descendants of Syed Abul Hasan Ali Asghar bin Syed Jafar Sani bin Imam Ali al-Naqi (A.S) | child entry 90.3: Syed Jafar Naqvi,descendant_child_under_current_heading,P22,no
EDGE_2EF13A8C6D,ENT_6151F84957,abul hasan ali asghar,Syed Abul Hasan Ali Asghar,ENT_A1BBC1502D,ibrahim naqvi,Syed Ibrahim Naqvi,father_of,medium_high,SRC002,107,41,SRC002 p.107 line 41,Descendants of Syed Abul Hasan Ali Asghar bin Syed Jafar Sani bin Imam Ali al-Naqi (A.S) | child entry 90.4: Syed Ibrahim Naqvi,descendant_child_under_current_heading,P22,no
EDGE_3667DD7D35,ENT_6151F84957,abul hasan ali asghar,Syed Abul Hasan Ali Asghar,ENT_E81D510ED7,ismael naqvi,Syed Ismael Naqvi,father_of,medium_high,SRC002,107,43,SRC002 p.107 line 43,Descendants of Syed Abul Hasan Ali Asghar bin Syed Jafar Sani bin Imam Ali al-Naqi (A.S) | child entry 90.5: Syed Ismael Naqvi,descendant_child_under_current_heading,P22,no
EDGE_9A80E75A5D,ENT_6151F84957,abul hasan ali asghar,Syed Abul Hasan Ali Asghar,ENT_B49B0B7881,hasan,Syed Hasan,father_of,medium_high,SRC002,107,45,SRC002 p.107 line 45,Descendants of Syed Abul Hasan Ali Asghar bin Syed Jafar Sani bin Imam Ali al-Naqi (A.S) | child entry 90.6: Syed Hasan,descendant_child_under_current_heading,P22,no
EDGE_1C015C9B50,ENT_6151F84957,abul hasan ali asghar,Syed Abul Hasan Ali Asghar,ENT_F46B92265A,husayn naqvi,Syed Hussain Naqvi,father_of,medium_high,SRC002,107,47,SRC002 p.107 line 47,Descendants of Syed Abul Hasan Ali Asghar bin Syed Jafar Sani bin Imam Ali al-Naqi (A.S) | child entry 90.7: Syed Hussain Naqvi,descendant_child_under_current_heading,P22,no
EDGE_B7DA74F92A,ENT_6151F84957,abul hasan ali asghar,Syed Abul Hasan Ali Asghar,ENT_B6737FC736,hamza,Syed Hamza,father_of,medium_high,SRC002,107,49,SRC002 p.107 line 49,Descendants of Syed Abul Hasan Ali Asghar bin Syed Jafar Sani bin Imam Ali al-Naqi (A.S) | child entry 90.8: Syed Hamza,descendant_child_under_current_heading,P22,no
EDGE_EDE112F5BA,ENT_6151F84957,abul hasan ali asghar,Syed Abul Hasan Ali Asghar,ENT_D4A9DE1318,abdullah idrees baghdadi naqvi,Syed Abdullah Idrees Baghdadi Naqvi,father_of,medium_high,SRC002,107,51,SRC002 p.107 line 51,Descendants of Syed Abul Hasan Ali Asghar bin Syed Jafar Sani bin Imam Ali al-Naqi (A.S) | child entry 90.9: Syed Abdullah Idrees Baghdadi Naqvi,descendant_child_under_current_heading,P22,no
EDGE_89A1B69C8C,ENT_6151F84957,abul hasan ali asghar,Syed Abul Hasan Ali Asghar,ENT_4677A8CF6A,abdullah idrees baghdadi,Syed Abdullah Idrees Baghdadi,father_of,high,SRC002,107,52,SRC002 p.107 line 52,Descendants of Syed Abdullah Idrees Baghdadi bin Syed Abul Hasan Ali Asghar bin Syed Jafar Sani,descendants_heading_child_bin_father,P22,no
EDGE_BBAD1A703A,ENT_4677A8CF6A,abdullah idrees baghdadi,Syed Abdullah Idrees Baghdadi,ENT_3B53747F15,abu yusuf ahmed baghdadi naqvi,Syed Abu Yusuf Ahmed Baghdadi Naqvi,father_of,medium_high,SRC002,107,55,SRC002 p.107 line 55,Descendants of Syed Abdullah Idrees Baghdadi bin Syed Abul Hasan Ali Asghar bin Syed Jafar Sani | child entry 91.1: Syed Abu Yusuf Ahmed Baghdadi Naqvi,descendant_child_under_current_heading,P22,no
EDGE_73F5244080,ENT_4677A8CF6A,abdullah idrees baghdadi,Syed Abdullah Idrees Baghdadi,ENT_86A65ED6A0,abu muhammad hasan naqvi,Syed Abu Muhammad Hasan Naqvi,father_of,medium_high,SRC002,108,4,SRC002 p.108 line 4,Descendants of Syed Abdullah Idrees Baghdadi bin Syed Abul Hasan Ali Asghar bin Syed Jafar Sani | child entry 91.2: Syed Abu Muhammad Hasan Naqvi,descendant_child_under_current_heading,P22,no
EDGE_60D1A3483D,ENT_4677A8CF6A,abdullah idrees baghdadi,Syed Abdullah Idrees Baghdadi,ENT_E5ECC948D7,abu jafar muhammad nazuk alashqar naqvi,Syed Abu Jafar Muhammad Nazuk Alashqar Naqvi,father_of,medium_high,SRC002,108,6,SRC002 p.108 line 6,Descendants of Syed Abdullah Idrees Baghdadi bin Syed Abul Hasan Ali Asghar bin Syed Jafar Sani | child entry 91.3: Syed Abu Jafar Muhammad Nazuk Alashqar Naqvi,descendant_child_under_current_heading,P22,no
EDGE_BFC5689C76,ENT_4677A8CF6A,abdullah idrees baghdadi,Syed Abdullah Idrees Baghdadi,ENT_05350D9FF6,abul alhasan naqvi,Syed Abul Alhasan Naqvi,father_of,medium_high,SRC002,108,8,SRC002 p.108 line 8,Descendants of Syed Abdullah Idrees Baghdadi bin Syed Abul Hasan Ali Asghar bin Syed Jafar Sani | child entry 91.4: Syed Abul Alhasan Naqvi,descendant_child_under_current_heading,P22,no
EDGE_116B1F0102,ENT_4677A8CF6A,abdullah idrees baghdadi,Syed Abdullah Idrees Baghdadi,ENT_86A65ED6A0,abu muhammad hasan naqvi,Syed Abu Muhammad Hasan Naqvi,father_of,high,SRC002,108,9,SRC002 p.108 line 9,Descendants of Syed Abu Muhammad Hasan Naqvi bin Syed Abdullah Idrees Baghdadi bin Syed Abul Hasan Ali Asghar,descendants_heading_child_bin_father,P22,no
EDGE_D917E2D603,ENT_86A65ED6A0,abu muhammad hasan naqvi,Syed Abu Muhammad Hasan Naqvi,ENT_4260CAB63B,abu abdullah muhammad naqvi,Syed Abu Abdullah Muhammad Naqvi,father_of,medium_high,SRC002,108,12,SRC002 p.108 line 12,Descendants of Syed Abu Muhammad Hasan Naqvi bin Syed Abdullah Idrees Baghdadi bin Syed Abul Hasan Ali Asghar | child entry 92.1: Syed Abu Abdullah Muhammad Naqvi,descendant_child_under_current_heading,P22,no
EDGE_05F6CCF76E,ENT_4677A8CF6A,abdullah idrees baghdadi,Syed Abdullah Idrees Baghdadi,ENT_CE968E6A4A,abu yusuf ahmed baghdadi,Syed Abu Yusuf Ahmed Baghdadi,father_of,high,SRC002,108,17,SRC002 p.108 line 17,Descendants of Syed Abu Yusuf Ahmed Baghdadi bin Syed Abdullah Idrees Baghdadi bin Syed Abul Hasan Ali Asghar,descendants_heading_child_bin_father,P22,no
EDGE_068111F981,ENT_CE968E6A4A,abu yusuf ahmed baghdadi,Syed Abu Yusuf Ahmed Baghdadi,ENT_DEBCD67347,mahmood asghar bukhari,Syed Mehmood Asghar Bukhari,father_of,medium_high,SRC002,108,20,SRC002 p.108 line 20,Descendants of Syed Abu Yusuf Ahmed Baghdadi bin Syed Abdullah Idrees Baghdadi bin Syed Abul Hasan Ali Asghar | child entry 93.1: Syed Mehmood Asghar Bukhari,descendant_child_under_current_heading,P22,no
EDGE_09D6DF99C2,ENT_CE968E6A4A,abu yusuf ahmed baghdadi,Syed Abu Yusuf Ahmed Baghdadi,ENT_9D4E67458F,sharafuddin,Syed Sharfuddin,father_of,medium_high,SRC002,108,22,SRC002 p.108 line 22,Descendants of Syed Abu Yusuf Ahmed Baghdadi bin Syed Abdullah Idrees Baghdadi bin Syed Abul Hasan Ali Asghar | child entry 93.2: Syed Sharfuddin,descendant_child_under_current_heading,P22,no
EDGE_CF382E5A16,ENT_CE968E6A4A,abu yusuf ahmed baghdadi,Syed Abu Yusuf Ahmed Baghdadi,ENT_5880BB84DA,muhammad,Syed Muhammad,father_of,medium_high,SRC002,108,24,SRC002 p.108 line 24,Descendants of Syed Abu Yusuf Ahmed Baghdadi bin Syed Abdullah Idrees Baghdadi bin Syed Abul Hasan Ali Asghar | child entry 93.3: Syed Muhammad,descendant_child_under_current_heading,P22,no
EDGE_DAC63EDE7C,ENT_CE968E6A4A,abu yusuf ahmed baghdadi,Syed Abu Yusuf Ahmed Baghdadi,ENT_1ECF0D3B91,sultan,Syed Sultan,father_of,medium_high,SRC002,108,26,SRC002 p.108 line 26,Descendants of Syed Abu Yusuf Ahmed Baghdadi bin Syed Abdullah Idrees Baghdadi bin Syed Abul Hasan Ali Asghar | child entry 93.4: Syed Sultan,descendant_child_under_current_heading,P22,no
EDGE_350B23D30A,ENT_CE968E6A4A,abu yusuf ahmed baghdadi,Syed Abu Yusuf Ahmed Baghdadi,ENT_2C3E0A731E,jafar,Syed Jafar,father_of,medium_high,SRC002,108,28,SRC002 p.108 line 28,Descendants of Syed Abu Yusuf Ahmed Baghdadi bin Syed Abdullah Idrees Baghdadi bin Syed Abul Hasan Ali Asghar | child entry 93.5: Syed Jafar,descendant_child_under_current_heading,P22,no
EDGE_8F68DC4DA2,ENT_CE968E6A4A,abu yusuf ahmed baghdadi,Syed Abu Yusuf Ahmed Baghdadi,ENT_510671EABA,mohsin,Syed Mohsin,father_of,medium_high,SRC002,108,30,SRC002 p.108 line 30,Descendants of Syed Abu Yusuf Ahmed Baghdadi bin Syed Abdullah Idrees Baghdadi bin Syed Abul Hasan Ali Asghar | child entry 93.6: Syed Mohsin,descendant_child_under_current_heading,P22,no
EDGE_4B8A95BC65,ENT_CE968E6A4A,abu yusuf ahmed baghdadi,Syed Abu Yusuf Ahmed Baghdadi,ENT_E022E802AA,ali sharfudin,Syed Ali Sharfudin,father_of,high,SRC002,108,31,SRC002 p.108 line 31,Descendants of Syed Ali Sharfudin bin Syed Abu Yusuf Ahmed Baghdadi bin Syed Abdullah Idrees Baghdadi 1.1 Syed Hamza 1.1.1 Syed Dawood 1.1.1.1 Syed Mehmood 1.1.1.1.1 Syed Ismael 1.1.1.1.2 Hazrat Syed Ali Arab Naqvi Nishapuri r.a 1.1.1.1.2.1 Syed Gondal 1.2 Syed hasan 1.2.1 Syed Abdullah 1.2.1.1 Syed Daniyal Bukhari 1.2.1.1.1 Syed Ahmed Badewani 1.2.1.1.1.1 Hazrat Syed Muhammad Nizamuddin Auliya (R.A) 1.2.1.1.2 Syed Mehmood Badewani,descendants_heading_child_bin_father,P22,no
EDGE_50A6920CD0,ENT_CE968E6A4A,abu yusuf ahmed baghdadi,Syed Abu Yusuf Ahmed Baghdadi,ENT_DEBCD67347,mahmood asghar bukhari,Syed Mehmood Asghar Bukhari,father_of,high,SRC002,109,4,SRC002 p.109 line 4,Descendants of Syed Mehmood Asghar Bukhari bin Syed Abu Yusuf Ahmed Baghdadi bin Syed Abdullah Idrees Baghdadi,descendants_heading_child_bin_father,P22,no
EDGE_FE7162FF0C,ENT_DEBCD67347,mahmood asghar bukhari,Syed Mehmood Asghar Bukhari,ENT_44AD1E57FF,muhammad abu al fatah,Syed Muhammad Abu Al-Fatah,father_of,medium_high,SRC002,109,7,SRC002 p.109 line 7,Descendants of Syed Mehmood Asghar Bukhari bin Syed Abu Yusuf Ahmed Baghdadi bin Syed Abdullah Idrees Baghdadi | child entry 94.1: Syed Muhammad Abu Al-Fatah,descendant_child_under_current_heading,P22,no
EDGE_98752E1F9F,ENT_DEBCD67347,mahmood asghar bukhari,Syed Mehmood Asghar Bukhari,ENT_050060A262,muazzuddin,Syed Muazzuddin,father_of,medium_high,SRC002,109,9,SRC002 p.109 line 9,Descendants of Syed Mehmood Asghar Bukhari bin Syed Abu Yusuf Ahmed Baghdadi bin Syed Abdullah Idrees Baghdadi | child entry 94.2: Syed Muazzuddin,descendant_child_under_current_heading,P22,no
EDGE_714431AE67,ENT_DEBCD67347,mahmood asghar bukhari,Syed Mehmood Asghar Bukhari,ENT_37E24F16CE,yusuf,Syed Yusuf,father_of,medium_high,SRC002,109,11,SRC002 p.109 line 11,Descendants of Syed Mehmood Asghar Bukhari bin Syed Abu Yusuf Ahmed Baghdadi bin Syed Abdullah Idrees Baghdadi | child entry 94.3: Syed Yusuf,descendant_child_under_current_heading,P22,no
EDGE_A30E1D34C4,ENT_DEBCD67347,mahmood asghar bukhari,Syed Mehmood Asghar Bukhari,ENT_F2D3F09150,abdullah,Syed Abdullah,father_of,medium_high,SRC002,109,13,SRC002 p.109 line 13,Descendants of Syed Mehmood Asghar Bukhari bin Syed Abu Yusuf Ahmed Baghdadi bin Syed Abdullah Idrees Baghdadi | child entry 94.4: Syed Abdullah,descendant_child_under_current_heading,P22,no
EDGE_2D2D67B63A,ENT_DEBCD67347,mahmood asghar bukhari,Syed Mehmood Asghar Bukhari,ENT_9EC5DE3BFA,bahadur,Syed Bahadur,father_of,medium_high,SRC002,109,15,SRC002 p.109 line 15,Descendants of Syed Mehmood Asghar Bukhari bin Syed Abu Yusuf Ahmed Baghdadi bin Syed Abdullah Idrees Baghdadi | child entry 94.5: Syed Bahadur,descendant_child_under_current_heading,P22,no
EDGE_546FD96223,ENT_DEBCD67347,mahmood asghar bukhari,Syed Mehmood Asghar Bukhari,ENT_02B60B6826,muhammad abul fatah,Syed Muhammad Abul Fatah,father_of,high,SRC002,109,17,SRC002 p.109 line 17,Descendants of Syed Muhammad Abul Fatah bin Syed Mehmood Asghar Bukhari bin Syed Abu Yusuf Ahmed Baghdadi,descendants_heading_child_bin_father,P22,no
EDGE_CA5B5F82D0,ENT_02B60B6826,muhammad abul fatah,Syed Muhammad Abul Fatah,ENT_7CC7E033F4,jafar abu turab,Syed Jafar Abu Turab,father_of,medium_high,SRC002,109,20,SRC002 p.109 line 20,Descendants of Syed Muhammad Abul Fatah bin Syed Mehmood Asghar Bukhari bin Syed Abu Yusuf Ahmed Baghdadi | child entry 95.1: Syed Jafar Abu Turab,descendant_child_under_current_heading,P22,no
EDGE_18A19109F7,ENT_02B60B6826,muhammad abul fatah,Syed Muhammad Abul Fatah,ENT_E40A097220,kabeer,Syed Kabeer,father_of,medium_high,SRC002,109,22,SRC002 p.109 line 22,Descendants of Syed Muhammad Abul Fatah bin Syed Mehmood Asghar Bukhari bin Syed Abu Yusuf Ahmed Baghdadi | child entry 95.2: Syed Kabeer,descendant_child_under_current_heading,P22,no
EDGE_15C1F84A11,ENT_02B60B6826,muhammad abul fatah,Syed Muhammad Abul Fatah,ENT_62203E42CE,mahmood,Syed Mehmood,father_of,medium_high,SRC002,109,24,SRC002 p.109 line 24,Descendants of Syed Muhammad Abul Fatah bin Syed Mehmood Asghar Bukhari bin Syed Abu Yusuf Ahmed Baghdadi | child entry 95.3: Syed Mehmood,descendant_child_under_current_heading,P22,no
EDGE_9932A8B2E8,ENT_02B60B6826,muhammad abul fatah,Syed Muhammad Abul Fatah,ENT_7162497BD3,abdul qadir,Syed Abdul Qadir,father_of,medium_high,SRC002,109,28,SRC002 p.109 line 28,Descendants of Syed Muhammad Abul Fatah bin Syed Mehmood Asghar Bukhari bin Syed Abu Yusuf Ahmed Baghdadi | child entry 95.5: Syed Abdul Qadir,descendant_child_under_current_heading,P22,no
EDGE_477B08A3E0,ENT_02B60B6826,muhammad abul fatah,Syed Muhammad Abul Fatah,ENT_7CC7E033F4,jafar abu turab,Syed Jafar Abu Turab,father_of,high,SRC002,109,30,SRC002 p.109 line 30,Descendants of Syed Jafar Abu Turab bin Syed Muhammad Abul Fatah bin Syed Mehmood Asghar Bukhari,descendants_heading_child_bin_father,P22,no
EDGE_449563BA9F,ENT_7CC7E033F4,jafar abu turab,Syed Jafar Abu Turab,ENT_A9DA052508,muhammad akbar,Syed Muhammad Akbar,father_of,medium_high,SRC002,109,33,SRC002 p.109 line 33,Descendants of Syed Jafar Abu Turab bin Syed Muhammad Abul Fatah bin Syed Mehmood Asghar Bukhari | child entry 96.1: Syed Muhammad Akbar,descendant_child_under_current_heading,P22,no
EDGE_EE48A2AD4C,ENT_7CC7E033F4,jafar abu turab,Syed Jafar Abu Turab,ENT_92649F7C4E,ali al moeed,Syed Ali Al-Moeed,father_of,medium_high,SRC002,109,35,SRC002 p.109 line 35,Descendants of Syed Jafar Abu Turab bin Syed Muhammad Abul Fatah bin Syed Mehmood Asghar Bukhari | child entry 96.2: Syed Ali Al-Moeed,descendant_child_under_current_heading,P22,no
EDGE_8C79899FC0,ENT_7CC7E033F4,jafar abu turab,Syed Jafar Abu Turab,ENT_DEE793BFB9,ali almoeed,Syed Ali Almoeed,father_of,high,SRC002,109,37,SRC002 p.109 line 37,Descendants of Syed Ali Almoeed bin Syed Jafar Abu Turab bin Syed Muhammad Abul Fatah,descendants_heading_child_bin_father,P22,no
EDGE_4E7BF089B5,ENT_DEE793BFB9,ali almoeed,Syed Ali Almoeed,ENT_FB01ECE13F,qutb ul kamal waris,"Hazrat Sultan-ul-Aarifeen, Qutb-ul-Kamal, Wali-e-Kamil, Waris",father_of,medium_high,SRC002,109,40,SRC002 p.109 line 40,"Descendants of Syed Ali Almoeed bin Syed Jafar Abu Turab bin Syed Muhammad Abul Fatah | child entry 97.1: Hazrat Sultan-ul-Aarifeen, Qutb-ul-Kamal, Wali-e-Kamil, Waris-",descendant_child_under_current_heading,P22,no
EDGE_31E43DEB74,ENT_DEE793BFB9,ali almoeed,Syed Ali Almoeed,ENT_9428DC12B3,qutb ul kamal a s makhdoom jalaluddin haider surkh posh bukhari,"Hazrat Sultan-ul-Aarifeen, Qutb-ul-Kamal, Wali-e-Kamil, Waris-e-Masoomeen a.s, Sher-e-Shah Makhdoom Syed Jalaluddin Haider Surkh-Posh Bukhari",father_of,high,SRC002,109,44,SRC002 p.109 line 44,"Descendants of Hazrat Sultan-ul-Aarifeen, Qutb-ul-Kamal, Wali-e-Kamil, Waris-e-Masoomeen a.s, Sher-e-Shah Makhdoom Syed Jalaluddin Haider Surkh-Posh Bukhari (R.A) bin Syed Ali Almoeed bin Syed Jafar Abu Turab",descendants_heading_child_bin_father,P22,no
EDGE_4163A5A1B7,ENT_9428DC12B3,qutb ul kamal a s makhdoom jalaluddin haider surkh posh bukhari,"Hazrat Sultan-ul-Aarifeen, Qutb-ul-Kamal, Wali-e-Kamil, Waris-e-Masoomeen a.s, Sher-e-Shah Makhdoom Syed Jalaluddin Haider Surkh-Posh Bukhari",ENT_F78575271C,jafar naqvi bukhari,Syed Jafar Naqvi Bukhari,father_of,medium_high,SRC002,109,48,SRC002 p.109 line 48,"Descendants of Hazrat Sultan-ul-Aarifeen, Qutb-ul-Kamal, Wali-e-Kamil, Waris-e-Masoomeen a.s, Sher-e-Shah Makhdoom Syed Jalaluddin Haider Surkh-Posh Bukhari (R.A) bin Syed Ali Almoeed bin Syed Jafar Abu Turab | child entry 98.1: Syed Jafar Naqvi Bukhari",descendant_child_under_current_heading,P22,no
EDGE_F0DDFF715E,ENT_9428DC12B3,qutb ul kamal a s makhdoom jalaluddin haider surkh posh bukhari,"Hazrat Sultan-ul-Aarifeen, Qutb-ul-Kamal, Wali-e-Kamil, Waris-e-Masoomeen a.s, Sher-e-Shah Makhdoom Syed Jalaluddin Haider Surkh-Posh Bukhari",ENT_7876F9B54E,sultan ahmed kabir naqvi bukhari,Syed Sultan Ahmed Kabir Naqvi Bukhari,father_of,medium_high,SRC002,109,50,SRC002 p.109 line 50,"Descendants of Hazrat Sultan-ul-Aarifeen, Qutb-ul-Kamal, Wali-e-Kamil, Waris-e-Masoomeen a.s, Sher-e-Shah Makhdoom Syed Jalaluddin Haider Surkh-Posh Bukhari (R.A) bin Syed Ali Almoeed bin Syed Jafar Abu Turab | child entry 98.2: Syed Sultan Ahmed Kabir Naqvi Bukhari",descendant_child_under_current_heading,P22,no
EDGE_7A0EA21013,ENT_9428DC12B3,qutb ul kamal a s makhdoom jalaluddin haider surkh posh bukhari,"Hazrat Sultan-ul-Aarifeen, Qutb-ul-Kamal, Wali-e-Kamil, Waris-e-Masoomeen a.s, Sher-e-Shah Makhdoom Syed Jalaluddin Haider Surkh-Posh Bukhari",ENT_5CDBEA2140,bahauddin masoom,Syed Bahauddin Masoom,father_of,medium_high,SRC002,109,52,SRC002 p.109 line 52,"Descendants of Hazrat Sultan-ul-Aarifeen, Qutb-ul-Kamal, Wali-e-Kamil, Waris-e-Masoomeen a.s, Sher-e-Shah Makhdoom Syed Jalaluddin Haider Surkh-Posh Bukhari (R.A) bin Syed Ali Almoeed bin Syed Jafar Abu Turab | child entry 98.3: Syed Bahauddin Masoom",descendant_child_under_current_heading,P22,no
EDGE_691E7C480B,ENT_9428DC12B3,qutb ul kamal a s makhdoom jalaluddin haider surkh posh bukhari,"Hazrat Sultan-ul-Aarifeen, Qutb-ul-Kamal, Wali-e-Kamil, Waris-e-Masoomeen a.s, Sher-e-Shah Makhdoom Syed Jalaluddin Haider Surkh-Posh Bukhari",ENT_D57722EF80,sadrudin muhammad ghaus,Syed Sadrudin Muhammad Ghaus,father_of,medium_high,SRC002,109,54,SRC002 p.109 line 54,"Descendants of Hazrat Sultan-ul-Aarifeen, Qutb-ul-Kamal, Wali-e-Kamil, Waris-e-Masoomeen a.s, Sher-e-Shah Makhdoom Syed Jalaluddin Haider Surkh-Posh Bukhari (R.A) bin Syed Ali Almoeed bin Syed Jafar Abu Turab | child entry 98.4: Syed Sadrudin Muhammad Ghaus",descendant_child_under_current_heading,P22,no
EDGE_FDC3743224,ENT_6AA1AAC2B4,jalaluddin surkh posh bukhari,Syed Jalaluddin Surkh Posh Bukhari,ENT_906736DED1,ahmed kabir,Syed Ahmed Kabir,father_of,high,SRC002,109,56,SRC002 p.109 line 56,Descendants of Syed Ahmed Kabir bin Syed Jalaluddin Surkh Posh Bukhari (R.A) bin Syed Ali Almoeed,descendants_heading_child_bin_father,P22,no
EDGE_2F0D7F3341,ENT_906736DED1,ahmed kabir,Syed Ahmed Kabir,ENT_94C43BD707,ali sarmast naqvi bukhari,Syed Ali Sarmast Naqvi Bukhari,father_of,medium_high,SRC002,109,59,SRC002 p.109 line 59,Descendants of Syed Ahmed Kabir bin Syed Jalaluddin Surkh Posh Bukhari (R.A) bin Syed Ali Almoeed | child entry 99.1: Syed Ali Sarmast Naqvi Bukhari,descendant_child_under_current_heading,P22,no
EDGE_CDB27C2125,ENT_906736DED1,ahmed kabir,Syed Ahmed Kabir,ENT_709665FCB9,sadruddin rajan qatal naqvi bukhari,Syed Sadruddin Rajan Qatal Naqvi Bukhari,father_of,medium_high,SRC002,109,61,SRC002 p.109 line 61,Descendants of Syed Ahmed Kabir bin Syed Jalaluddin Surkh Posh Bukhari (R.A) bin Syed Ali Almoeed | child entry 99.2: Syed Sadruddin Rajan Qatal Naqvi Bukhari,descendant_child_under_current_heading,P22,no
EDGE_A773E6A59E,ENT_906736DED1,ahmed kabir,Syed Ahmed Kabir,ENT_D3EB2B7F27,shah hasan naqvi bukhari,Syed Shah Hasan Naqvi Bukhari,father_of,medium_high,SRC002,110,4,SRC002 p.110 line 4,Descendants of Syed Ahmed Kabir bin Syed Jalaluddin Surkh Posh Bukhari (R.A) bin Syed Ali Almoeed | child entry 99.3: Syed Shah Hasan Naqvi Bukhari,descendant_child_under_current_heading,P22,no
EDGE_75FA96D90A,ENT_906736DED1,ahmed kabir,Syed Ahmed Kabir,ENT_EAAB14D817,jalaluddin husayn jahaniyan jahan gasht naqvi bukhari,Syed Jalaluddin Hussain Jahaniyan Jahan Gasht Naqvi Albukhari,father_of,medium_high,SRC002,110,6,SRC002 p.110 line 6,Descendants of Syed Ahmed Kabir bin Syed Jalaluddin Surkh Posh Bukhari (R.A) bin Syed Ali Almoeed | child entry 99.4: Syed Jalaluddin Hussain Jahaniyan Jahan Gasht Naqvi Albukhari,descendant_child_under_current_heading,P22,no
EDGE_DA1F4A821F,ENT_906736DED1,ahmed kabir,Syed Ahmed Kabir,ENT_46B328B8D3,jalaluddin husayn jahaniyan,Syed Jalaluddin Hussain Jahaniyan,father_of,high,SRC002,110,9,SRC002 p.110 line 9,Descendants of Syed Jalaluddin Hussain Jahaniyan (R.A) bin Syed Ahmed Kabir bin Syed Jalaluddin Surkh Posh Bukhari (R.A),descendants_heading_child_bin_father,P22,no
EDGE_6F6F8C780B,ENT_46B328B8D3,jalaluddin husayn jahaniyan,Syed Jalaluddin Hussain Jahaniyan,ENT_CD1FA7F6CF,abdullah qatal bukhari dehelvi,Syed Abdullah Qatal Bukhari Dehelvi,father_of,medium_high,SRC002,110,12,SRC002 p.110 line 12,Descendants of Syed Jalaluddin Hussain Jahaniyan (R.A) bin Syed Ahmed Kabir bin Syed Jalaluddin Surkh Posh Bukhari (R.A) | child entry 100.1: Syed Abdullah Qatal Bukhari Dehelvi,descendant_child_under_current_heading,P22,no
EDGE_4D39B3C200,ENT_46B328B8D3,jalaluddin husayn jahaniyan,Syed Jalaluddin Hussain Jahaniyan,ENT_FBA54F1DCE,nasiruddin mahmood bukhari,Syed Nasiruddin Mahmood Bukhari,father_of,medium_high,SRC002,110,14,SRC002 p.110 line 14,Descendants of Syed Jalaluddin Hussain Jahaniyan (R.A) bin Syed Ahmed Kabir bin Syed Jalaluddin Surkh Posh Bukhari (R.A) | child entry 100.2: Syed Nasiruddin Mahmood Bukhari,descendant_child_under_current_heading,P22,no
EDGE_90D0471787,ENT_46B328B8D3,jalaluddin husayn jahaniyan,Syed Jalaluddin Hussain Jahaniyan,ENT_7B7E2B3E5F,muhammad rukunuldin bukhari,Syed Muhammad Rukunuldin Bukhari,father_of,medium_high,SRC002,110,16,SRC002 p.110 line 16,Descendants of Syed Jalaluddin Hussain Jahaniyan (R.A) bin Syed Ahmed Kabir bin Syed Jalaluddin Surkh Posh Bukhari (R.A) | child entry 100.3: Syed Muhammad Rukunuldin Bukhari,descendant_child_under_current_heading,P22,no
EDGE_CCC1299C5E,ENT_46B328B8D3,jalaluddin husayn jahaniyan,Syed Jalaluddin Hussain Jahaniyan,ENT_FBA54F1DCE,nasiruddin mahmood bukhari,Syed Nasiruddin Mahmood Bukhari,father_of,high,SRC002,110,18,SRC002 p.110 line 18,Descendants of Syed Nasiruddin Mahmood Bukhari bin Syed Jalaluddin Hussain Jahaniyan (R.A) bin Syed Ahmed Kabir,descendants_heading_child_bin_father,P22,no
EDGE_D8DE81C95F,ENT_FBA54F1DCE,nasiruddin mahmood bukhari,Syed Nasiruddin Mahmood Bukhari,ENT_CB7DEC773C,hamid kabeer shamsuldin naqvi bukhari,Syed Hamid Kabeer Shamsuldin Naqvi Bukhari,father_of,medium_high,SRC002,110,21,SRC002 p.110 line 21,Descendants of Syed Nasiruddin Mahmood Bukhari bin Syed Jalaluddin Hussain Jahaniyan (R.A) bin Syed Ahmed Kabir | child entry 101.1: Syed Hamid Kabeer Shamsuldin Naqvi Bukhari,descendant_child_under_current_heading,P22,no
EDGE_B3B9060B06,ENT_FBA54F1DCE,nasiruddin mahmood bukhari,Syed Nasiruddin Mahmood Bukhari,ENT_BD00CEB34F,ilmuddin bukhari,Syed Ilmuddin Bukhari,father_of,medium_high,SRC002,110,23,SRC002 p.110 line 23,Descendants of Syed Nasiruddin Mahmood Bukhari bin Syed Jalaluddin Hussain Jahaniyan (R.A) bin Syed Ahmed Kabir | child entry 101.2: Syed Ilmuddin Bukhari,descendant_child_under_current_heading,P22,no
EDGE_9C570EBEC7,ENT_FBA54F1DCE,nasiruddin mahmood bukhari,Syed Nasiruddin Mahmood Bukhari,ENT_FA0DC14B66,abu alkher sharafuddin naqvi bukhari,Syed Abu Alkher Sharfuddin Naqvi Bukhari,father_of,medium_high,SRC002,110,25,SRC002 p.110 line 25,Descendants of Syed Nasiruddin Mahmood Bukhari bin Syed Jalaluddin Hussain Jahaniyan (R.A) bin Syed Ahmed Kabir | child entry 101.3: Syed Abu Alkher Sharfuddin Naqvi Bukhari,descendant_child_under_current_heading,P22,no
EDGE_94573BC6B5,ENT_FBA54F1DCE,nasiruddin mahmood bukhari,Syed Nasiruddin Mahmood Bukhari,ENT_BD00CEB34F,ilmuddin bukhari,Syed Ilmuddin Bukhari,father_of,high,SRC002,110,27,SRC002 p.110 line 27,Descendants of Syed Ilmuddin Bukhari bin Syed Nasiruddin Mahmood Bukhari bin Syed Jalaluddin Hussain Jahaniyan (R.A),descendants_heading_child_bin_father,P22,no
EDGE_D7AA9475B2,ENT_BD00CEB34F,ilmuddin bukhari,Syed Ilmuddin Bukhari,ENT_37251D7922,jamaluddin naqvi bukhari,Syed Jamaluddin Naqvi Bukhari,father_of,medium_high,SRC002,110,30,SRC002 p.110 line 30,Descendants of Syed Ilmuddin Bukhari bin Syed Nasiruddin Mahmood Bukhari bin Syed Jalaluddin Hussain Jahaniyan (R.A) | child entry 102.1: Syed Jamaluddin Naqvi Bukhari,descendant_child_under_current_heading,P22,no
EDGE_45AFF8B6DD,ENT_BD00CEB34F,ilmuddin bukhari,Syed Ilmuddin Bukhari,ENT_8342860991,jalaluddin naqvi bukhari,Syed Jalaluddin Naqvi Bukhari,father_of,medium_high,SRC002,110,32,SRC002 p.110 line 32,Descendants of Syed Ilmuddin Bukhari bin Syed Nasiruddin Mahmood Bukhari bin Syed Jalaluddin Hussain Jahaniyan (R.A) | child entry 102.2: Syed Jalaluddin Naqvi Bukhari,descendant_child_under_current_heading,P22,no
EDGE_9416371730,ENT_BD00CEB34F,ilmuddin bukhari,Syed Ilmuddin Bukhari,ENT_A89226B49C,kamaludin abu muhamad bukhari,Syed Kamaludin Abu Muhamad Bukhari,father_of,medium_high,SRC002,110,34,SRC002 p.110 line 34,Descendants of Syed Ilmuddin Bukhari bin Syed Nasiruddin Mahmood Bukhari bin Syed Jalaluddin Hussain Jahaniyan (R.A) | child entry 102.3: Syed Kamaludin Abu Muhamad Bukhari,descendant_child_under_current_heading,P22,no
EDGE_F7A296229B,ENT_BD00CEB34F,ilmuddin bukhari,Syed Ilmuddin Bukhari,ENT_FDEA61EF1A,shah abu alkher bukhari,Syed Shah Abu Alkher Bukhari,father_of,medium_high,SRC002,110,36,SRC002 p.110 line 36,Descendants of Syed Ilmuddin Bukhari bin Syed Nasiruddin Mahmood Bukhari bin Syed Jalaluddin Hussain Jahaniyan (R.A) | child entry 102.4: Syed Shah Abu Alkher Bukhari,descendant_child_under_current_heading,P22,no
EDGE_76810290F7,ENT_BD00CEB34F,ilmuddin bukhari,Syed Ilmuddin Bukhari,ENT_2656F1CEE9,jalaluddin bukhari,Syed Jalaluddin Bukhari,father_of,high,SRC002,110,38,SRC002 p.110 line 38,Descendants of Syed Jalaluddin Bukhari bin Syed Ilmuddin Bukhari bin Syed Nasiruddin Mahmood Bukhari,descendants_heading_child_bin_father,P22,no
EDGE_B43012BF4F,ENT_2656F1CEE9,jalaluddin bukhari,Syed Jalaluddin Bukhari,ENT_3A9AF43B62,ilmuddin naqvi bukhari,Syed Ilmuddin Naqvi Bukhari,father_of,medium_high,SRC002,110,41,SRC002 p.110 line 41,Descendants of Syed Jalaluddin Bukhari bin Syed Ilmuddin Bukhari bin Syed Nasiruddin Mahmood Bukhari | child entry 103.1: Syed Ilmuddin Naqvi Bukhari,descendant_child_under_current_heading,P22,no
EDGE_CAC107B12C,ENT_2656F1CEE9,jalaluddin bukhari,Syed Jalaluddin Bukhari,ENT_6537A8F292,abdul aziz naqvi,Syed Haji Syed Abdul Aziz Naqvi,father_of,medium_high,SRC002,110,43,SRC002 p.110 line 43,Descendants of Syed Jalaluddin Bukhari bin Syed Ilmuddin Bukhari bin Syed Nasiruddin Mahmood Bukhari | child entry 103.2: Syed Haji Syed Abdul Aziz Naqvi,descendant_child_under_current_heading,P22,no
EDGE_3B3809B042,ENT_2656F1CEE9,jalaluddin bukhari,Syed Jalaluddin Bukhari,ENT_3F4ABE54A2,munawwar naqvi,Syed Munawwar Naqvi,father_of,medium_high,SRC002,110,45,SRC002 p.110 line 45,Descendants of Syed Jalaluddin Bukhari bin Syed Ilmuddin Bukhari bin Syed Nasiruddin Mahmood Bukhari | child entry 103.3: Syed Munawwar Naqvi,descendant_child_under_current_heading,P22,no
EDGE_61DD840146,ENT_2656F1CEE9,jalaluddin bukhari,Syed Jalaluddin Bukhari,ENT_4D33B97547,musa naqvi,Syed Musa Naqvi,father_of,medium_high,SRC002,110,47,SRC002 p.110 line 47,Descendants of Syed Jalaluddin Bukhari bin Syed Ilmuddin Bukhari bin Syed Nasiruddin Mahmood Bukhari | child entry 103.4: Syed Musa Naqvi,descendant_child_under_current_heading,P22,no
EDGE_0961D7AD3D,ENT_2656F1CEE9,jalaluddin bukhari,Syed Jalaluddin Bukhari,ENT_4A5E0A5D62,ilmuddin,Syed Ilmuddin,father_of,high,SRC002,110,49,SRC002 p.110 line 49,Descendants of Syed Ilmuddin bin Syed Jalaluddin Bukhari bin Syed Ilmuddin Bukhari,descendants_heading_child_bin_father,P22,no
EDGE_AE99453EB8,ENT_4A5E0A5D62,ilmuddin,Syed Ilmuddin,ENT_0DFFCC817F,nizamuddin naqvi,Syed Nizamuddin Naqvi,father_of,medium_high,SRC002,110,52,SRC002 p.110 line 52,Descendants of Syed Ilmuddin bin Syed Jalaluddin Bukhari bin Syed Ilmuddin Bukhari | child entry 104.1: Syed Nizamuddin Naqvi,descendant_child_under_current_heading,P22,no
EDGE_74F66403B9,ENT_4A5E0A5D62,ilmuddin,Syed Ilmuddin,ENT_D60D7BA43D,fareedudin abul fatah naqvi,Syed Fareedudin abul fatah Naqvi,father_of,medium_high,SRC002,110,54,SRC002 p.110 line 54,Descendants of Syed Ilmuddin bin Syed Jalaluddin Bukhari bin Syed Ilmuddin Bukhari | child entry 104.2: Syed Fareedudin abul fatah Naqvi,descendant_child_under_current_heading,P22,no
EDGE_8533BA1754,ENT_4A5E0A5D62,ilmuddin,Syed Ilmuddin,ENT_A9B2F85B1D,miran muhammad shah naqvi,Syed Miran Muhammad Shah Naqvi,father_of,medium_high,SRC002,110,56,SRC002 p.110 line 56,Descendants of Syed Ilmuddin bin Syed Jalaluddin Bukhari bin Syed Ilmuddin Bukhari | child entry 104.3: Syed Miran Muhammad Shah Naqvi,descendant_child_under_current_heading,P22,no
EDGE_4ACD5DB9F8,ENT_4A5E0A5D62,ilmuddin,Syed Ilmuddin,ENT_7E4BBDB29E,nizamuddin,Syed Nizamuddin,father_of,high,SRC002,110,58,SRC002 p.110 line 58,Descendants of Syed Nizamuddin bin Syed Ilmuddin bin Syed Jalaluddin Bukhari,descendants_heading_child_bin_father,P22,no
EDGE_40B33682EF,ENT_7E4BBDB29E,nizamuddin,Syed Nizamuddin,ENT_B168DE36E4,safiuddin shah bukhari,Syed Safiuddin Shah Bukhari,father_of,medium_high,SRC002,110,61,SRC002 p.110 line 61,Descendants of Syed Nizamuddin bin Syed Ilmuddin bin Syed Jalaluddin Bukhari | child entry 105.1: Syed Safiuddin Shah Bukhari,descendant_child_under_current_heading,P22,no
EDGE_3AB6B7574C,ENT_7E4BBDB29E,nizamuddin,Syed Nizamuddin,ENT_93A6B0DAB1,umar mahdi,Syed Umar Mahdi,father_of,medium_high,SRC002,110,63,SRC002 p.110 line 63,Descendants of Syed Nizamuddin bin Syed Ilmuddin bin Syed Jalaluddin Bukhari | child entry 105.2: Syed Umar Mahdi,descendant_child_under_current_heading,P22,no
EDGE_F2B647EE77,ENT_7E4BBDB29E,nizamuddin,Syed Nizamuddin,ENT_B168DE36E4,safiuddin shah bukhari,Syed Safiuddin Shah Bukhari,father_of,high,SRC002,111,4,SRC002 p.111 line 4,Descendants of Syed Safiuddin Shah Bukhari bin Syed Nizamuddin bin Syed Ilmuddin,descendants_heading_child_bin_father,P22,no
EDGE_477A0ECF70,ENT_B168DE36E4,safiuddin shah bukhari,Syed Safiuddin Shah Bukhari,ENT_2DE776DCFF,jalaluddin haider lahori,Hazrat Syed Jalaluddin Haider Lahori,father_of,medium_high,SRC002,111,7,SRC002 p.111 line 7,Descendants of Syed Safiuddin Shah Bukhari bin Syed Nizamuddin bin Syed Ilmuddin | child entry 106.1: Hazrat Syed Jalaluddin Haider Lahori (R.A),descendant_child_under_current_heading,P22,no
EDGE_4B401F7003,ENT_B168DE36E4,safiuddin shah bukhari,Syed Safiuddin Shah Bukhari,ENT_71B76337F9,muhammad miran moj dariya r a,Hazrat Syed Muhammad Miran Moj Dariya R.A,father_of,medium_high,SRC002,111,9,SRC002 p.111 line 9,Descendants of Syed Safiuddin Shah Bukhari bin Syed Nizamuddin bin Syed Ilmuddin | child entry 106.2: Hazrat Syed Muhammad Miran Moj Dariya R.A,descendant_child_under_current_heading,P22,no
EDGE_93B0601DE1,ENT_B168DE36E4,safiuddin shah bukhari,Syed Safiuddin Shah Bukhari,ENT_55FD64D3D4,raju,Syed Raju,father_of,medium_high,SRC002,111,11,SRC002 p.111 line 11,Descendants of Syed Safiuddin Shah Bukhari bin Syed Nizamuddin bin Syed Ilmuddin | child entry 106.3: Syed Raju,descendant_child_under_current_heading,P22,no
EDGE_B4497D79A7,ENT_B168DE36E4,safiuddin shah bukhari,Syed Safiuddin Shah Bukhari,ENT_2DE776DCFF,jalaluddin haider lahori,Hazrat Syed Jalaluddin Haider Lahori,father_of,high,SRC002,111,13,SRC002 p.111 line 13,Descendants of Hazrat Syed Jalaluddin Haider Lahori (R.A) bin Syed Safiuddin Shah Bukhari bin Syed Nizamuddin,descendants_heading_child_bin_father,P22,no
EDGE_8D40188E53,ENT_2DE776DCFF,jalaluddin haider lahori,Hazrat Syed Jalaluddin Haider Lahori,ENT_0300C9C52B,shahabudin naqvi bukhari,Syed Shahabudin Naqvi Bukhari,father_of,medium_high,SRC002,111,16,SRC002 p.111 line 16,Descendants of Hazrat Syed Jalaluddin Haider Lahori (R.A) bin Syed Safiuddin Shah Bukhari bin Syed Nizamuddin | child entry 107.1: Syed Shahabudin Naqvi Bukhari,descendant_child_under_current_heading,P22,no
EDGE_0113B8A199,ENT_2DE776DCFF,jalaluddin haider lahori,Hazrat Syed Jalaluddin Haider Lahori,ENT_3A9AF43B62,ilmuddin naqvi bukhari,Syed Ilmuddin Naqvi Bukhari,father_of,medium_high,SRC002,111,18,SRC002 p.111 line 18,Descendants of Hazrat Syed Jalaluddin Haider Lahori (R.A) bin Syed Safiuddin Shah Bukhari bin Syed Nizamuddin | child entry 107.2: Syed Ilmuddin Naqvi Bukhari,descendant_child_under_current_heading,P22,no
EDGE_B409C8DB5C,ENT_2DE776DCFF,jalaluddin haider lahori,Hazrat Syed Jalaluddin Haider Lahori,ENT_0B2F28D775,shuja naqvi bukhari,Syed Shuja Naqvi Bukhari,father_of,medium_high,SRC002,111,20,SRC002 p.111 line 20,Descendants of Hazrat Syed Jalaluddin Haider Lahori (R.A) bin Syed Safiuddin Shah Bukhari bin Syed Nizamuddin | child entry 107.3: Syed Shuja Naqvi Bukhari,descendant_child_under_current_heading,P22,no
EDGE_7D22E9A6C5,ENT_2DE776DCFF,jalaluddin haider lahori,Hazrat Syed Jalaluddin Haider Lahori,ENT_A7AE7052F5,ali naqvi bukhari,Syed Ali Naqvi Bukhari,father_of,medium_high,SRC002,111,22,SRC002 p.111 line 22,Descendants of Hazrat Syed Jalaluddin Haider Lahori (R.A) bin Syed Safiuddin Shah Bukhari bin Syed Nizamuddin | child entry 107.4: Syed Ali Naqvi Bukhari,descendant_child_under_current_heading,P22,yes
EDGE_466F4ED0F4,ENT_2DE776DCFF,jalaluddin haider lahori,Hazrat Syed Jalaluddin Haider Lahori,ENT_F78575271C,jafar naqvi bukhari,Syed Jafar Naqvi Bukhari,father_of,medium_high,SRC002,111,24,SRC002 p.111 line 24,Descendants of Hazrat Syed Jalaluddin Haider Lahori (R.A) bin Syed Safiuddin Shah Bukhari bin Syed Nizamuddin | child entry 107.5: Syed Jafar Naqvi Bukhari,descendant_child_under_current_heading,P22,no
EDGE_08D847C507,ENT_2DE776DCFF,jalaluddin haider lahori,Syed Jalaluddin Haider Lahori,ENT_4A5E0A5D62,ilmuddin,Syed Ilmuddin,father_of,high,SRC002,111,26,SRC002 p.111 line 26,Descendants of Syed Ilmuddin bin Syed Jalaluddin Haider Lahori (R.A) bin Syed Safiuddin Shah Bukhari,descendants_heading_child_bin_father,P22,no
EDGE_B449E0C6A1,ENT_4A5E0A5D62,ilmuddin,Syed Ilmuddin,ENT_CAE235E9FD,zainulabdeen,Syed Zainulabdeen,father_of,medium_high,SRC002,111,29,SRC002 p.111 line 29,Descendants of Syed Ilmuddin bin Syed Jalaluddin Haider Lahori (R.A) bin Syed Safiuddin Shah Bukhari | child entry 108.1: Syed Zainulabdeen,descendant_child_under_current_heading,P22,no
EDGE_CEB12BB071,ENT_4A5E0A5D62,ilmuddin,Syed Ilmuddin,ENT_CAE235E9FD,zainulabdeen,Syed Zainulabdeen,father_of,high,SRC002,111,31,SRC002 p.111 line 31,Descendants of Syed Zainulabdeen bin Syed Ilmuddin bin Syed Jalaluddin Haider Lahori (R.A),descendants_heading_child_bin_father,P22,no
EDGE_57C89DA3A5,ENT_CAE235E9FD,zainulabdeen,Syed Zainulabdeen,ENT_FE1182DCC5,shah nizam,Syed Shah Nizam,father_of,medium_high,SRC002,111,34,SRC002 p.111 line 34,Descendants of Syed Zainulabdeen bin Syed Ilmuddin bin Syed Jalaluddin Haider Lahori (R.A) | child entry 109.1: Syed Shah Nizam,descendant_child_under_current_heading,P22,no
EDGE_7719104CF3,ENT_CAE235E9FD,zainulabdeen,Syed Zainulabdeen,ENT_FE1182DCC5,shah nizam,Syed Shah Nizam,father_of,high,SRC002,111,36,SRC002 p.111 line 36,Descendants of Syed Shah Nizam bin Syed Zainulabdeen bin Syed Ilmuddin,descendants_heading_child_bin_father,P22,no
EDGE_0B482F63D6,ENT_FE1182DCC5,shah nizam,Syed Shah Nizam,ENT_55369DBCA1,yar shah haider,Syed Yar Shah Haider,father_of,medium_high,SRC002,111,38,SRC002 p.111 line 38,Descendants of Syed Shah Nizam bin Syed Zainulabdeen bin Syed Ilmuddin | child entry 110.1: Syed Yar Shah Haider,descendant_child_under_current_heading,P22,no
EDGE_219DF9408C,ENT_FE1182DCC5,shah nizam,Syed Shah Nizam,ENT_55369DBCA1,yar shah haider,Syed Yar Shah Haider,father_of,high,SRC002,111,40,SRC002 p.111 line 40,Descendants of Syed Yar Shah Haider bin Syed Shah Nizam bin Syed Zainulabdeen,descendants_heading_child_bin_father,P22,no
EDGE_C4524CAF75,ENT_55369DBCA1,yar shah haider,Syed Yar Shah Haider,ENT_59A0D8B30D,nabi shah,Syed Nabi Shah,father_of,medium_high,SRC002,111,43,SRC002 p.111 line 43,Descendants of Syed Yar Shah Haider bin Syed Shah Nizam bin Syed Zainulabdeen | child entry 111.1: Syed Nabi Shah,descendant_child_under_current_heading,P22,no
EDGE_BF5D87508B,ENT_55369DBCA1,yar shah haider,Syed Yar Shah Haider,ENT_16E4D0C954,kabeer shah,Syed Kabeer Shah,father_of,medium_high,SRC002,111,45,SRC002 p.111 line 45,Descendants of Syed Yar Shah Haider bin Syed Shah Nizam bin Syed Zainulabdeen | child entry 111.2: Syed Kabeer Shah,descendant_child_under_current_heading,P22,no
EDGE_F5CC0C9985,ENT_55369DBCA1,yar shah haider,Syed Yar Shah Haider,ENT_F900F392FC,jahangir shah,Syed Jahangir Shah,father_of,medium_high,SRC002,111,47,SRC002 p.111 line 47,Descendants of Syed Yar Shah Haider bin Syed Shah Nizam bin Syed Zainulabdeen | child entry 111.3: Syed Jahangir Shah,descendant_child_under_current_heading,P22,no
EDGE_E55E5B2890,ENT_55369DBCA1,yar shah haider,Syed Yar Shah Haider,ENT_F900F392FC,jahangir shah,Syed Jahangir Shah,father_of,high,SRC002,111,49,SRC002 p.111 line 49,Descendants of Syed Jahangir Shah bin Syed Yar Shah Haider bin Syed Shah Nizam,descendants_heading_child_bin_father,P22,no
EDGE_F4F75E3E42,ENT_F900F392FC,jahangir shah,Syed Jahangir Shah,ENT_81C31FB109,shamsuddin shah,Syed Shamsuddin Shah,father_of,medium_high,SRC002,111,52,SRC002 p.111 line 52,Descendants of Syed Jahangir Shah bin Syed Yar Shah Haider bin Syed Shah Nizam | child entry 112.1: Syed Shamsuddin Shah,descendant_child_under_current_heading,P22,no
EDGE_907DAFEB74,ENT_F900F392FC,jahangir shah,Syed Jahangir Shah,ENT_5E647D0E7A,mali shah,Syed Mali Shah,father_of,medium_high,SRC002,111,54,SRC002 p.111 line 54,Descendants of Syed Jahangir Shah bin Syed Yar Shah Haider bin Syed Shah Nizam | child entry 112.2: Syed Mali Shah,descendant_child_under_current_heading,P22,no
EDGE_801243D924,ENT_F900F392FC,jahangir shah,Syed Jahangir Shah,ENT_81C31FB109,shamsuddin shah,Syed Shamsuddin Shah,father_of,high,SRC002,111,56,SRC002 p.111 line 56,Descendants of Syed Shamsuddin Shah bin Syed Jahangir Shah bin Syed Yar Shah Haider,descendants_heading_child_bin_father,P22,no
EDGE_72ECEF9F16,ENT_81C31FB109,shamsuddin shah,Syed Shamsuddin Shah,ENT_2B71E2ECE8,sadrudin shah,Syed Sadrudin Shah,father_of,medium_high,SRC002,111,59,SRC002 p.111 line 59,Descendants of Syed Shamsuddin Shah bin Syed Jahangir Shah bin Syed Yar Shah Haider | child entry 113.1: Syed Sadrudin Shah,descendant_child_under_current_heading,P22,no
EDGE_09871214A4,ENT_81C31FB109,shamsuddin shah,Syed Shamsuddin Shah,ENT_C2E13C589F,sharafuddin shah,Syed Sharfuddin Shah,father_of,medium_high,SRC002,111,61,SRC002 p.111 line 61,Descendants of Syed Shamsuddin Shah bin Syed Jahangir Shah bin Syed Yar Shah Haider | child entry 113.2: Syed Sharfuddin Shah,descendant_child_under_current_heading,P22,no
EDGE_9316E2B470,ENT_81C31FB109,shamsuddin shah,Syed Shamsuddin Shah,ENT_8795F0E406,qutbuddin shah,Syed Qutbudin Shah,father_of,medium_high,SRC002,111,63,SRC002 p.111 line 63,Descendants of Syed Shamsuddin Shah bin Syed Jahangir Shah bin Syed Yar Shah Haider | child entry 113.3: Syed Qutbudin Shah,descendant_child_under_current_heading,P22,no
EDGE_5E643D0D1B,ENT_81C31FB109,shamsuddin shah,Syed Shamsuddin Shah,ENT_C2E13C589F,sharafuddin shah,Syed Sharfuddin Shah,father_of,high,SRC002,112,4,SRC002 p.112 line 4,Descendants of Syed Sharfuddin Shah bin Syed Shamsuddin Shah bin Syed Jahangir Shah,descendants_heading_child_bin_father,P22,no
EDGE_B6A0C09260,ENT_C2E13C589F,sharafuddin shah,Syed Sharfuddin Shah,ENT_16E4D0C954,kabeer shah,Syed Kabeer Shah,father_of,medium_high,SRC002,112,7,SRC002 p.112 line 7,Descendants of Syed Sharfuddin Shah bin Syed Shamsuddin Shah bin Syed Jahangir Shah | child entry 114.1: Syed Kabeer Shah,descendant_child_under_current_heading,P22,no
EDGE_A16A8CD07D,ENT_C2E13C589F,sharafuddin shah,Syed Sharfuddin Shah,ENT_16E4D0C954,kabeer shah,Syed Kabeer Shah,father_of,high,SRC002,112,9,SRC002 p.112 line 9,Descendants of Syed Kabeer Shah bin Syed Sharfuddin Shah bin Syed Shamsuddin Shah,descendants_heading_child_bin_father,P22,no
EDGE_CAB652DD31,ENT_16E4D0C954,kabeer shah,Syed Kabeer Shah,ENT_44F3E472D1,qamarudin shah,Syed Qamarudin Shah,father_of,medium_high,SRC002,112,12,SRC002 p.112 line 12,Descendants of Syed Kabeer Shah bin Syed Sharfuddin Shah bin Syed Shamsuddin Shah | child entry 115.1: Syed Qamarudin Shah,descendant_child_under_current_heading,P22,no
EDGE_C93E65F2B8,ENT_16E4D0C954,kabeer shah,Syed Kabeer Shah,ENT_8DD758E169,ilmudin shah,Syed Ilmudin Shah,father_of,medium_high,SRC002,112,14,SRC002 p.112 line 14,Descendants of Syed Kabeer Shah bin Syed Sharfuddin Shah bin Syed Shamsuddin Shah | child entry 115.2: Syed Ilmudin Shah,descendant_child_under_current_heading,P22,no
EDGE_7B3BFB2175,ENT_16E4D0C954,kabeer shah,Syed Kabeer Shah,ENT_1E3208BACD,badrudin shah,Syed Badrudin Shah,father_of,medium_high,SRC002,112,16,SRC002 p.112 line 16,Descendants of Syed Kabeer Shah bin Syed Sharfuddin Shah bin Syed Shamsuddin Shah | child entry 115.3: Syed Badrudin Shah,descendant_child_under_current_heading,P22,no
EDGE_EED25D171A,ENT_16E4D0C954,kabeer shah,Syed Kabeer Shah,ENT_26093C15EC,qutb shah,Syed Qutb Shah,father_of,medium_high,SRC002,112,18,SRC002 p.112 line 18,Descendants of Syed Kabeer Shah bin Syed Sharfuddin Shah bin Syed Shamsuddin Shah | child entry 115.4: Syed Qutb Shah,descendant_child_under_current_heading,P22,no
EDGE_DA55250000,ENT_16E4D0C954,kabeer shah,Syed Kabeer Shah,ENT_960871D54B,rehmat shah,Syed Rehmat Shah,father_of,medium_high,SRC002,112,20,SRC002 p.112 line 20,Descendants of Syed Kabeer Shah bin Syed Sharfuddin Shah bin Syed Shamsuddin Shah | child entry 115.5: Syed Rehmat Shah,descendant_child_under_current_heading,P22,no
EDGE_BEB8F56DA9,ENT_16E4D0C954,kabeer shah,Syed Kabeer Shah,ENT_26093C15EC,qutb shah,Syed Qutb Shah,father_of,high,SRC002,112,22,SRC002 p.112 line 22,Descendants of Syed Qutb Shah bin Syed Kabeer Shah bin Syed Sharfuddin Shah,descendants_heading_child_bin_father,P22,no
EDGE_1B2942487E,ENT_26093C15EC,qutb shah,Syed Qutb Shah,ENT_69D2568D6F,haider shah,Syed Haider Shah,father_of,medium_high,SRC002,112,25,SRC002 p.112 line 25,Descendants of Syed Qutb Shah bin Syed Kabeer Shah bin Syed Sharfuddin Shah | child entry 116.1: Syed Haider Shah,descendant_child_under_current_heading,P22,no
EDGE_22680FB814,ENT_26093C15EC,qutb shah,Syed Qutb Shah,ENT_69D2568D6F,haider shah,Syed Haider Shah,father_of,high,SRC002,112,27,SRC002 p.112 line 27,Descendants of Syed Haider Shah bin Syed Qutb Shah bin Syed Kabeer Shah,descendants_heading_child_bin_father,P22,no
EDGE_B19B778EF5,ENT_69D2568D6F,haider shah,Syed Haider Shah,ENT_2CC834564C,zamin ali shah,Syed Zamin Ali Shah,father_of,medium_high,SRC002,112,29,SRC002 p.112 line 29,Descendants of Syed Haider Shah bin Syed Qutb Shah bin Syed Kabeer Shah | child entry 117.1: Syed Zamin Ali Shah,descendant_child_under_current_heading,P22,no
EDGE_EFD404A043,ENT_69D2568D6F,haider shah,Syed Haider Shah,ENT_E507D4C91F,ameer ali shah,Syed Ameer Ali Shah,father_of,medium_high,SRC002,112,31,SRC002 p.112 line 31,Descendants of Syed Haider Shah bin Syed Qutb Shah bin Syed Kabeer Shah | child entry 117.2: Syed Ameer Ali Shah,descendant_child_under_current_heading,P22,no
EDGE_07C03810A2,ENT_69D2568D6F,haider shah,Syed Haider Shah,ENT_86531BE776,wazeer ali shah,Syed Wazeer Ali Shah,father_of,medium_high,SRC002,112,33,SRC002 p.112 line 33,Descendants of Syed Haider Shah bin Syed Qutb Shah bin Syed Kabeer Shah | child entry 117.3: Syed Wazeer Ali Shah,descendant_child_under_current_heading,P22,no
EDGE_3E729BB743,ENT_69D2568D6F,haider shah,Syed Haider Shah,ENT_1ECB1DAF93,sardar ali shah,Syed Sardar Ali Shah,father_of,medium_high,SRC002,112,35,SRC002 p.112 line 35,Descendants of Syed Haider Shah bin Syed Qutb Shah bin Syed Kabeer Shah | child entry 117.4: Syed Sardar Ali Shah,descendant_child_under_current_heading,P22,no
EDGE_04C3B3751B,ENT_69D2568D6F,haider shah,Syed Haider Shah,ENT_E507D4C91F,ameer ali shah,Syed Ameer Ali Shah,father_of,high,SRC002,112,37,SRC002 p.112 line 37,Descendants of Syed Ameer Ali Shah bin Syed Haider Shah bin Syed Qutb Shah,descendants_heading_child_bin_father,P22,no
EDGE_AF23B17EC9,ENT_E507D4C91F,ameer ali shah,Syed Ameer Ali Shah,ENT_351A3245D1,shakir ali,Syed Shakir Ali,father_of,medium_high,SRC002,112,40,SRC002 p.112 line 40,Descendants of Syed Ameer Ali Shah bin Syed Haider Shah bin Syed Qutb Shah | child entry 118.1: Syed Shakir Ali,descendant_child_under_current_heading,P22,no
EDGE_39EA04FCC4,ENT_E507D4C91F,ameer ali shah,Syed Ameer Ali Shah,ENT_475053DCD5,zakir ali,Syed Zakir Ali,father_of,medium_high,SRC002,112,42,SRC002 p.112 line 42,Descendants of Syed Ameer Ali Shah bin Syed Haider Shah bin Syed Qutb Shah | child entry 118.2: Syed Zakir Ali,descendant_child_under_current_heading,P22,no
EDGE_17C9ED099F,ENT_E507D4C91F,ameer ali shah,Syed Ameer Ali Shah,ENT_351A3245D1,shakir ali,Syed Shakir Ali,father_of,high,SRC002,112,44,SRC002 p.112 line 44,Descendants of Syed Shakir Ali bin Syed Ameer Ali Shah bin Syed Haider Shah,descendants_heading_child_bin_father,P22,no
EDGE_4E5E161E65,ENT_351A3245D1,shakir ali,Syed Shakir Ali,ENT_915B13726B,ashiq ali,Syed Ashiq Ali,father_of,medium_high,SRC002,112,47,SRC002 p.112 line 47,Descendants of Syed Shakir Ali bin Syed Ameer Ali Shah bin Syed Haider Shah | child entry 119.1: Syed Ashiq Ali,descendant_child_under_current_heading,P22,no
EDGE_CE288CC83E,ENT_351A3245D1,shakir ali,Syed Shakir Ali,ENT_915B13726B,ashiq ali,Syed Ashiq Ali,father_of,high,SRC002,112,49,SRC002 p.112 line 49,Descendants of Syed Ashiq Ali bin Syed Shakir Ali bin Syed Ameer Ali Shah,descendants_heading_child_bin_father,P22,no
EDGE_BA615236F8,ENT_915B13726B,ashiq ali,Syed Ashiq Ali,ENT_E452E73C2C,nafees ali,Syed Nafees Ali,father_of,medium_high,SRC002,112,51,SRC002 p.112 line 51,Descendants of Syed Ashiq Ali bin Syed Shakir Ali bin Syed Ameer Ali Shah | child entry 120.1: Syed Nafees Ali,descendant_child_under_current_heading,P22,no
EDGE_7F756CF228,ENT_915B13726B,ashiq ali,Syed Ashiq Ali,ENT_E452E73C2C,nafees ali,Syed Nafees Ali,father_of,high,SRC002,112,53,SRC002 p.112 line 53,Descendants of Syed Nafees Ali bin Syed Ashiq Ali bin Syed Shakir Ali,descendants_heading_child_bin_father,P22,no
EDGE_5B44C1C890,ENT_E452E73C2C,nafees ali,Syed Nafees Ali,ENT_E5C93C1FB2,hafeez ali,Syed Hafeez Ali,father_of,medium_high,SRC002,112,55,SRC002 p.112 line 55,Descendants of Syed Nafees Ali bin Syed Ashiq Ali bin Syed Shakir Ali | child entry 121.1: Syed Hafeez Ali,descendant_child_under_current_heading,P22,no
EDGE_EE607BC91E,ENT_E452E73C2C,nafees ali,Syed Nafees Ali,ENT_12BBDDD5BD,mohabbat ali,Syed Muhabbat Ali,father_of,medium_high,SRC002,112,57,SRC002 p.112 line 57,Descendants of Syed Nafees Ali bin Syed Ashiq Ali bin Syed Shakir Ali | child entry 121.2: Syed Muhabbat Ali,descendant_child_under_current_heading,P22,no
EDGE_2F4F073E1C,ENT_E452E73C2C,nafees ali,Syed Nafees Ali,ENT_E5C93C1FB2,hafeez ali,Syed Hafeez Ali,father_of,high,SRC002,112,59,SRC002 p.112 line 59,Descendants of Syed Hafeez Ali bin Syed Nafees Ali bin Syed Ashiq Ali,descendants_heading_child_bin_father,P22,no
EDGE_27B1B3AE8F,ENT_E5C93C1FB2,hafeez ali,Syed Hafeez Ali,ENT_6EF9A5B137,qamar ali,Syed Qamar Ali,father_of,medium_high,SRC002,112,61,SRC002 p.112 line 61,Descendants of Syed Hafeez Ali bin Syed Nafees Ali bin Syed Ashiq Ali | child entry 122.1: Syed Qamar Ali,descendant_child_under_current_heading,P22,no
EDGE_7AA88FDC38,ENT_E5C93C1FB2,hafeez ali,Syed Hafeez Ali,ENT_6EF9A5B137,qamar ali,Syed Qamar Ali,father_of,high,SRC002,112,63,SRC002 p.112 line 63,Descendants of Syed Qamar Ali bin Syed Hafeez Ali bin Syed Nafees Ali,descendants_heading_child_bin_father,P22,no
EDGE_F1ADE265FB,ENT_6EF9A5B137,qamar ali,Syed Qamar Ali,ENT_2898BA37B2,qaiser ali,Syed Qaiser Ali,father_of,medium_high,SRC002,112,65,SRC002 p.112 line 65,Descendants of Syed Qamar Ali bin Syed Hafeez Ali bin Syed Nafees Ali | child entry 123.1: Syed Qaiser Ali,descendant_child_under_current_heading,P22,no
EDGE_60E48964C0,ENT_6EF9A5B137,qamar ali,Syed Qamar Ali,ENT_AEC74E0D7F,mohsin ali,Syed Mohsin Ali,father_of,medium_high,SRC002,113,4,SRC002 p.113 line 4,Descendants of Syed Qamar Ali bin Syed Hafeez Ali bin Syed Nafees Ali | child entry 123.2: Syed Mohsin Ali,descendant_child_under_current_heading,P22,no
EDGE_D6B0FC3D15,ENT_6EF9A5B137,qamar ali,Syed Qamar Ali,ENT_451AE49110,asim ali,Syed Asim Ali,father_of,medium_high,SRC002,113,6,SRC002 p.113 line 6,Descendants of Syed Qamar Ali bin Syed Hafeez Ali bin Syed Nafees Ali | child entry 123.3: Syed Asim Ali,descendant_child_under_current_heading,P22,no
EDGE_B7E661F724,ENT_6EF9A5B137,qamar ali,Syed Qamar Ali,ENT_A22F6DE213,faisal ali,Syed Faisal Ali,father_of,medium_high,SRC002,113,8,SRC002 p.113 line 8,Descendants of Syed Qamar Ali bin Syed Hafeez Ali bin Syed Nafees Ali | child entry 123.4: Syed Faisal Ali,descendant_child_under_current_heading,P22,no
EDGE_4DDA930071,ENT_6EF9A5B137,qamar ali,Syed Qamar Ali,ENT_2898BA37B2,qaiser ali,Syed Qaiser Ali,father_of,high,SRC002,113,10,SRC002 p.113 line 10,Descendants of Syed Qaiser Ali bin Syed Qamar Ali bin Syed Hafeez Ali,descendants_heading_child_bin_father,P22,no
EDGE_1B5A8A0D4F,ENT_2898BA37B2,qaiser ali,Syed Qaiser Ali,ENT_4C3F7B32F9,hamza ali,Syed Hamza Ali,father_of,medium_high,SRC002,113,12,SRC002 p.113 line 12,Descendants of Syed Qaiser Ali bin Syed Qamar Ali bin Syed Hafeez Ali | child entry 124.1: Syed Hamza Ali,descendant_child_under_current_heading,P22,yes
EDGE_2D7533DE87,ENT_2898BA37B2,qaiser ali,Syed Qaiser Ali,ENT_FB16DE1D15,shayan ali,Syed Shayan Ali,father_of,medium_high,SRC002,113,14,SRC002 p.113 line 14,Descendants of Syed Qaiser Ali bin Syed Qamar Ali bin Syed Hafeez Ali | child entry 124.2: Syed Shayan Ali,descendant_child_under_current_heading,P22,yes
EDGE_12EDD3301D,ENT_6EF9A5B137,qamar ali,Syed Qamar Ali,ENT_AEC74E0D7F,mohsin ali,Syed Mohsin Ali,father_of,high,SRC002,113,16,SRC002 p.113 line 16,Descendants of Syed Mohsin Ali bin Syed Qamar Ali bin Syed Hafeez Ali,descendants_heading_child_bin_father,P22,no
EDGE_CA234CBBBA,ENT_AEC74E0D7F,mohsin ali,Syed Mohsin Ali,ENT_7B4C085F89,mubashir ali,Syed Mubashir Ali,father_of,medium_high,SRC002,113,18,SRC002 p.113 line 18,Descendants of Syed Mohsin Ali bin Syed Qamar Ali bin Syed Hafeez Ali | child entry 125.1: Syed Mubashir Ali,descendant_child_under_current_heading,P22,yes
EDGE_33CB6BA193,ENT_6EF9A5B137,qamar ali,Syed Qamar Ali,ENT_451AE49110,asim ali,Syed Asim Ali,father_of,high,SRC002,113,20,SRC002 p.113 line 20,Descendants of Syed Asim Ali bin Syed Qamar Ali bin Syed Hafeez Ali,descendants_heading_child_bin_father,P22,no
EDGE_413021C868,ENT_451AE49110,asim ali,Syed Asim Ali,ENT_A1CD8396D2,ahmed ali,Syed Ahmed Ali,father_of,medium_high,SRC002,113,22,SRC002 p.113 line 22,Descendants of Syed Asim Ali bin Syed Qamar Ali bin Syed Hafeez Ali | child entry 126.1: Syed Ahmed Ali,descendant_child_under_current_heading,P22,yes
EDGE_17C69CBEA2,ENT_451AE49110,asim ali,Syed Asim Ali,ENT_AEFEF3C421,umair ali,Syed Umair Ali,father_of,medium_high,SRC002,113,24,SRC002 p.113 line 24,Descendants of Syed Asim Ali bin Syed Qamar Ali bin Syed Hafeez Ali | child entry 126.2: Syed Umair Ali,descendant_child_under_current_heading,P22,yes
EDGE_6618A1BFB5,ENT_6EF9A5B137,qamar ali,Syed Qamar Ali,ENT_A22F6DE213,faisal ali,Syed Faisal Ali,father_of,high,SRC002,113,26,SRC002 p.113 line 26,Descendants of Syed Faisal Ali bin Syed Qamar Ali bin Syed Hafeez Ali,descendants_heading_child_bin_father,P22,no
EDGE_13485AB349,ENT_A22F6DE213,faisal ali,Syed Faisal Ali,ENT_E1E143C341,mahab ali,Syed Mahab Ali,father_of,medium_high,SRC002,113,28,SRC002 p.113 line 28,Descendants of Syed Faisal Ali bin Syed Qamar Ali bin Syed Hafeez Ali | child entry 127.1: Syed Mahab Ali,descendant_child_under_current_heading,P22,yes
EDGE_AB9D8995DF,ENT_E452E73C2C,nafees ali,Syed Nafees Ali,ENT_12BBDDD5BD,mohabbat ali,Syed Muhabbat Ali,father_of,high,SRC002,113,30,SRC002 p.113 line 30,Descendants of Syed Muhabbat Ali bin Syed Nafees Ali bin Syed Ashiq Ali,descendants_heading_child_bin_father,P22,no
EDGE_8CA064967A,ENT_12BBDDD5BD,mohabbat ali,Syed Muhabbat Ali,ENT_268FCFDAA1,umeed ali,Syed Umeed Ali,father_of,medium_high,SRC002,113,32,SRC002 p.113 line 32,Descendants of Syed Muhabbat Ali bin Syed Nafees Ali bin Syed Ashiq Ali | child entry 128.1: Syed Umeed Ali,descendant_child_under_current_heading,P22,yes
EDGE_58957FAE22,ENT_12BBDDD5BD,mohabbat ali,Syed Muhabbat Ali,ENT_81A10FFC31,naseer ali,Syed Naseer Ali,father_of,medium_high,SRC002,113,34,SRC002 p.113 line 34,Descendants of Syed Muhabbat Ali bin Syed Nafees Ali bin Syed Ashiq Ali | child entry 128.2: Syed Naseer Ali,descendant_child_under_current_heading,P22,no
EDGE_72CB2E6EE4,ENT_12BBDDD5BD,mohabbat ali,Syed Muhabbat Ali,ENT_996374B863,shabab ali,Syed Shabab Ali,father_of,medium_high,SRC002,113,36,SRC002 p.113 line 36,Descendants of Syed Muhabbat Ali bin Syed Nafees Ali bin Syed Ashiq Ali | child entry 128.3: Syed Shabab Ali,descendant_child_under_current_heading,P22,no
EDGE_0B8B58DEC9,ENT_12BBDDD5BD,mohabbat ali,Syed Muhabbat Ali,ENT_2C1B3FA4A9,niyaz ali,Syed Niyaz Ali,father_of,medium_high,SRC002,113,38,SRC002 p.113 line 38,Descendants of Syed Muhabbat Ali bin Syed Nafees Ali bin Syed Ashiq Ali | child entry 128.4: Syed Niyaz Ali,descendant_child_under_current_heading,P22,no
EDGE_CE50CE8296,ENT_12BBDDD5BD,mohabbat ali,Syed Muhabbat Ali,ENT_808A730D9B,ejaz ali,Syed Ejaz Ali,father_of,medium_high,SRC002,113,40,SRC002 p.113 line 40,Descendants of Syed Muhabbat Ali bin Syed Nafees Ali bin Syed Ashiq Ali | child entry 128.5: Syed Ejaz Ali,descendant_child_under_current_heading,P22,no
EDGE_A88A30ADB6,ENT_12BBDDD5BD,mohabbat ali,Syed Muhabbat Ali,ENT_04111380C4,jawed ali,Syed Jawed Ali,father_of,medium_high,SRC002,113,42,SRC002 p.113 line 42,Descendants of Syed Muhabbat Ali bin Syed Nafees Ali bin Syed Ashiq Ali | child entry 128.6: Syed Jawed Ali,descendant_child_under_current_heading,P22,no
EDGE_9372087D5A,ENT_12BBDDD5BD,mohabbat ali,Syed Muhabbat Ali,ENT_268FCFDAA1,umeed ali,Syed Umeed Ali,father_of,high,SRC002,113,44,SRC002 p.113 line 44,Descendants of Syed Umeed Ali bin Syed Muhabbat Ali bin Syed Nafees Ali,descendants_heading_child_bin_father,P22,yes
EDGE_ADED2AC535,ENT_268FCFDAA1,umeed ali,Syed Umeed Ali,ENT_D8A6C63EEC,qadeer ali naqvi,Syed Qadeer Ali Naqvi,father_of,medium_high,SRC002,113,46,SRC002 p.113 line 46,Descendants of Syed Umeed Ali bin Syed Muhabbat Ali bin Syed Nafees Ali | child entry 129.1: Syed Qadeer Ali Naqvi,descendant_child_under_current_heading,P22,yes
EDGE_5629949790,ENT_268FCFDAA1,umeed ali,Syed Umeed Ali,ENT_D2CEA550C0,ameer ali naqvi,Syed Ameer Ali Naqvi,father_of,medium_high,SRC002,113,48,SRC002 p.113 line 48,Descendants of Syed Umeed Ali bin Syed Muhabbat Ali bin Syed Nafees Ali | child entry 129.2: Syed Ameer Ali Naqvi,descendant_child_under_current_heading,P22,yes
EDGE_ED3430FB88,ENT_268FCFDAA1,umeed ali,Syed Umeed Ali,ENT_F2FE37C202,majid ali naqvi,Syed Majid Ali Naqvi,father_of,medium_high,SRC002,113,50,SRC002 p.113 line 50,Descendants of Syed Umeed Ali bin Syed Muhabbat Ali bin Syed Nafees Ali | child entry 129.3: Syed Majid Ali Naqvi,descendant_child_under_current_heading,P22,yes
EDGE_9E987896DC,ENT_268FCFDAA1,umeed ali,Syed Umeed Ali,ENT_335E762EFC,sajid ali naqvi,Syed Sajid Ali Naqvi,father_of,medium_high,SRC002,113,52,SRC002 p.113 line 52,Descendants of Syed Umeed Ali bin Syed Muhabbat Ali bin Syed Nafees Ali | child entry 129.4: Syed Sajid Ali Naqvi,descendant_child_under_current_heading,P22,yes
EDGE_C3CF0DB6E5,ENT_268FCFDAA1,umeed ali,Syed Umeed Ali,ENT_7CCE7DAE10,zohaib ali naqvi,Syed Zohaib Ali Naqvi,father_of,medium_high,SRC002,113,54,SRC002 p.113 line 54,Descendants of Syed Umeed Ali bin Syed Muhabbat Ali bin Syed Nafees Ali | child entry 129.5: Syed Zohaib Ali Naqvi,descendant_child_under_current_heading,P22,yes
EDGE_E165BE8FD9,ENT_12BBDDD5BD,mohabbat ali,Syed Muhabbat Ali,ENT_81A10FFC31,naseer ali,Syed Naseer Ali,father_of,high,SRC002,113,56,SRC002 p.113 line 56,Descendants of Syed Naseer Ali bin Syed Muhabbat Ali bin Syed Nafees Ali,descendants_heading_child_bin_father,P22,no
EDGE_B2DE09E7B0,ENT_81A10FFC31,naseer ali,Syed Naseer Ali,ENT_847B1118AD,salman zakir ali,Syed Salman Zakir Ali,father_of,medium_high,SRC002,113,58,SRC002 p.113 line 58,Descendants of Syed Naseer Ali bin Syed Muhabbat Ali bin Syed Nafees Ali | child entry 130.1: Syed Salman Zakir Ali,descendant_child_under_current_heading,P22,yes
EDGE_ED92EA8F57,ENT_81A10FFC31,naseer ali,Syed Naseer Ali,ENT_9AE74F0ED6,adnan shakir ali,Syed Adnan Shakir Ali,father_of,medium_high,SRC002,113,60,SRC002 p.113 line 60,Descendants of Syed Naseer Ali bin Syed Muhabbat Ali bin Syed Nafees Ali | child entry 130.2: Syed Adnan Shakir Ali,descendant_child_under_current_heading,P22,yes
EDGE_AEDB2BD145,ENT_81A10FFC31,naseer ali,Syed Naseer Ali,ENT_053E8CD5EA,rizwan ali,Syed Rizwan Ali,father_of,medium_high,SRC002,113,62,SRC002 p.113 line 62,Descendants of Syed Naseer Ali bin Syed Muhabbat Ali bin Syed Nafees Ali | child entry 130.3: Syed Rizwan Ali,descendant_child_under_current_heading,P22,yes
EDGE_C971440AD8,ENT_81A10FFC31,naseer ali,Syed Naseer Ali,ENT_5EBA234386,nasir ali,Syed Nasir Ali,father_of,medium_high,SRC002,113,64,SRC002 p.113 line 64,Descendants of Syed Naseer Ali bin Syed Muhabbat Ali bin Syed Nafees Ali | child entry 130.4: Syed Nasir Ali,descendant_child_under_current_heading,P22,yes
EDGE_5AFCD496C4,ENT_81A10FFC31,naseer ali,Syed Naseer Ali,ENT_C7C586FB46,faizan ali,Syed Faizan Ali,father_of,medium_high,SRC002,113,66,SRC002 p.113 line 66,Descendants of Syed Naseer Ali bin Syed Muhabbat Ali bin Syed Nafees Ali | child entry 130.5: Syed Faizan Ali,descendant_child_under_current_heading,P22,yes
EDGE_CE7DC16C97,ENT_12BBDDD5BD,mohabbat ali,Syed Muhabbat Ali,ENT_996374B863,shabab ali,Syed Shabab Ali,father_of,high,SRC002,113,68,SRC002 p.113 line 68,Descendants of Syed Shabab Ali bin Syed Muhabbat Ali bin Syed Nafees Ali,descendants_heading_child_bin_father,P22,no
EDGE_D5073E4D44,ENT_996374B863,shabab ali,Syed Shabab Ali,ENT_239BF1DBA7,sajjad ali,Syed Sajjad Ali,father_of,medium_high,SRC002,113,70,SRC002 p.113 line 70,Descendants of Syed Shabab Ali bin Syed Muhabbat Ali bin Syed Nafees Ali | child entry 131.1: Syed Sajjad Ali,descendant_child_under_current_heading,P22,yes
EDGE_507314FE6E,ENT_12BBDDD5BD,mohabbat ali,Syed Muhabbat Ali,ENT_808A730D9B,ejaz ali,Syed Ejaz Ali,father_of,high,SRC002,114,4,SRC002 p.114 line 4,Descendants of Syed Ejaz Ali bin Syed Muhabbat Ali bin Syed Nafees Ali,descendants_heading_child_bin_father,P22,no
EDGE_6F0F06B080,ENT_808A730D9B,ejaz ali,Syed Ejaz Ali,ENT_4DDFAA5497,usama ali,Syed Usama Ali,father_of,medium_high,SRC002,114,6,SRC002 p.114 line 6,Descendants of Syed Ejaz Ali bin Syed Muhabbat Ali bin Syed Nafees Ali | child entry 132.1: Syed Usama Ali,descendant_child_under_current_heading,P22,yes
EDGE_EB59A45FA4,ENT_808A730D9B,ejaz ali,Syed Ejaz Ali,ENT_F5F217B3B5,irfan ali,Syed Irfan Ali,father_of,medium_high,SRC002,114,8,SRC002 p.114 line 8,Descendants of Syed Ejaz Ali bin Syed Muhabbat Ali bin Syed Nafees Ali | child entry 132.2: Syed Irfan Ali,descendant_child_under_current_heading,P22,yes
EDGE_D9C9C3604C,ENT_12BBDDD5BD,mohabbat ali,Syed Muhabbat Ali,ENT_04111380C4,jawed ali,Syed Jawed Ali,father_of,high,SRC002,114,12,SRC002 p.114 line 12,Descendants of Syed Jawed Ali bin Syed Muhabbat Ali bin Syed Nafees Ali,descendants_heading_child_bin_father,P22,no
EDGE_978B319DA2,ENT_04111380C4,jawed ali,Syed Jawed Ali,ENT_BFC7499471,wajahat ali naqvi,Syed Wajahat Ali Naqvi,father_of,medium_high,SRC002,114,14,SRC002 p.114 line 14,Descendants of Syed Jawed Ali bin Syed Muhabbat Ali bin Syed Nafees Ali | child entry 133.1: Syed Wajahat Ali Naqvi,descendant_child_under_current_heading,P22,yes
EDGE_035CC4DC3D,ENT_04111380C4,jawed ali,Syed Jawed Ali,ENT_F62A7D6073,hashir ali naqvi,Syed Hashir Ali Naqvi,father_of,medium_high,SRC002,114,16,SRC002 p.114 line 16,Descendants of Syed Jawed Ali bin Syed Muhabbat Ali bin Syed Nafees Ali | child entry 133.2: Syed Hashir Ali Naqvi,descendant_child_under_current_heading,P22,yes
EDGE_0D6F5EC3EE,ENT_04111380C4,jawed ali,Syed Jawed Ali,ENT_2B5CA98E3B,haris ali naqvi,Syed Haris Ali Naqvi,father_of,medium_high,SRC002,114,18,SRC002 p.114 line 18,Descendants of Syed Jawed Ali bin Syed Muhabbat Ali bin Syed Nafees Ali | child entry 133.3: Syed Haris Ali Naqvi,descendant_child_under_current_heading,P22,yes
EDGE_D6BC799766,ENT_268FCFDAA1,umeed ali,Syed Umeed Ali,ENT_D8A6C63EEC,qadeer ali naqvi,Syed Qadeer Ali Naqvi,father_of,high,SRC002,114,20,SRC002 p.114 line 20,Descendants of Syed Qadeer Ali Naqvi bin Syed Umeed Ali bin Syed Muhabbat Ali,descendants_heading_child_bin_father,P22,yes
EDGE_B62E1F96F7,ENT_D8A6C63EEC,qadeer ali naqvi,Syed Qadeer Ali Naqvi,ENT_F7EF24032F,shahzaib ali naqvi,Syed Shahzaib Ali Naqvi,father_of,medium_high,SRC002,114,23,SRC002 p.114 line 23,Descendants of Syed Qadeer Ali Naqvi bin Syed Umeed Ali bin Syed Muhabbat Ali | child entry 134.1: Syed Shahzaib Ali Naqvi,descendant_child_under_current_heading,P22,yes
EDGE_5AFB545852,ENT_D8A6C63EEC,qadeer ali naqvi,Syed Qadeer Ali Naqvi,ENT_9B8501CE45,shahzain ali naqvi,Hafiz Syed Shahzain Ali Naqvi,father_of,medium_high,SRC002,114,25,SRC002 p.114 line 25,Descendants of Syed Qadeer Ali Naqvi bin Syed Umeed Ali bin Syed Muhabbat Ali | child entry 134.2: Hafiz Syed Shahzain Ali Naqvi,descendant_child_under_current_heading,P22,yes
EDGE_45854E7AB0,ENT_D8A6C63EEC,qadeer ali naqvi,Syed Qadeer Ali Naqvi,ENT_1300540708,shariq ali naqvi,Syed Shariq Ali Naqvi,father_of,medium_high,SRC002,114,27,SRC002 p.114 line 27,Descendants of Syed Qadeer Ali Naqvi bin Syed Umeed Ali bin Syed Muhabbat Ali | child entry 134.3: Syed Shariq Ali Naqvi,descendant_child_under_current_heading,P22,yes
EDGE_AFFC78A8C8,ENT_D8A6C63EEC,qadeer ali naqvi,Syed Qadeer Ali Naqvi,ENT_32866021D6,yusha ali naqvi,Syed Yusha Ali Naqvi,father_of,medium_high,SRC002,114,29,SRC002 p.114 line 29,Descendants of Syed Qadeer Ali Naqvi bin Syed Umeed Ali bin Syed Muhabbat Ali | child entry 134.4: Syed Yusha Ali Naqvi,descendant_child_under_current_heading,P22,yes
EDGE_4359D78321,ENT_268FCFDAA1,umeed ali,Syed Umeed Ali,ENT_D2CEA550C0,ameer ali naqvi,Syed Ameer Ali Naqvi,father_of,high,SRC002,114,31,SRC002 p.114 line 31,Descendants of Syed Ameer Ali Naqvi bin Syed Umeed Ali bin Syed Muhabbat Ali,descendants_heading_child_bin_father,P22,yes
EDGE_452A2603C8,ENT_D2CEA550C0,ameer ali naqvi,Syed Ameer Ali Naqvi,ENT_A557116C55,hasnain ali naqvi,Syed Hasnain Ali Naqvi,father_of,medium_high,SRC002,114,34,SRC002 p.114 line 34,Descendants of Syed Ameer Ali Naqvi bin Syed Umeed Ali bin Syed Muhabbat Ali | child entry 135.1: Syed Hasnain Ali Naqvi,descendant_child_under_current_heading,P22,yes
EDGE_6E830C42AB,ENT_D2CEA550C0,ameer ali naqvi,Syed Ameer Ali Naqvi,ENT_9155B1BCAB,hasan ali naqvi,Syed Hasan Ali Naqvi,father_of,medium_high,SRC002,114,36,SRC002 p.114 line 36,Descendants of Syed Ameer Ali Naqvi bin Syed Umeed Ali bin Syed Muhabbat Ali | child entry 135.2: Syed Hasan Ali Naqvi,descendant_child_under_current_heading,P22,yes
EDGE_426EF68940,ENT_D2CEA550C0,ameer ali naqvi,Syed Ameer Ali Naqvi,ENT_83DE9386AE,hassan ali naqvi,Syed Hassan Ali Naqvi,father_of,medium_high,SRC002,114,38,SRC002 p.114 line 38,Descendants of Syed Ameer Ali Naqvi bin Syed Umeed Ali bin Syed Muhabbat Ali | child entry 135.3: Syed Hassan Ali Naqvi,descendant_child_under_current_heading,P22,yes
EDGE_3FBE93C9AC,ENT_268FCFDAA1,umeed ali,Syed Umeed Ali,ENT_F2FE37C202,majid ali naqvi,Syed Majid Ali Naqvi,father_of,high,SRC002,114,40,SRC002 p.114 line 40,Descendants of Syed Majid Ali Naqvi bin Syed Umeed Ali bin Syed Muhabbat Ali,descendants_heading_child_bin_father,P22,yes
EDGE_7A2625B1AE,ENT_F2FE37C202,majid ali naqvi,Syed Majid Ali Naqvi,ENT_5549130B9B,hamza ali naqvi,Syed Hamza Ali Naqvi,father_of,medium_high,SRC002,114,43,SRC002 p.114 line 43,Descendants of Syed Majid Ali Naqvi bin Syed Umeed Ali bin Syed Muhabbat Ali | child entry 136.1: Syed Hamza Ali Naqvi,descendant_child_under_current_heading,P22,yes
EDGE_0480185794,ENT_F2FE37C202,majid ali naqvi,Syed Majid Ali Naqvi,ENT_C7C9976DF0,rafey ali naqvi,Syed Rafey Ali Naqvi,father_of,medium_high,SRC002,114,45,SRC002 p.114 line 45,Descendants of Syed Majid Ali Naqvi bin Syed Umeed Ali bin Syed Muhabbat Ali | child entry 136.2: Syed Rafey Ali Naqvi,descendant_child_under_current_heading,P22,yes
EDGE_2459DE797F,ENT_F2FE37C202,majid ali naqvi,Syed Majid Ali Naqvi,ENT_4A34B8335A,mustafa ali naqvi,Syed Mustafa Ali Naqvi,father_of,medium_high,SRC002,114,47,SRC002 p.114 line 47,Descendants of Syed Majid Ali Naqvi bin Syed Umeed Ali bin Syed Muhabbat Ali | child entry 136.3: Syed Mustafa Ali Naqvi,descendant_child_under_current_heading,P22,yes
EDGE_8DE97C4142,ENT_81A10FFC31,naseer ali,Syed Naseer Ali,ENT_FB05778621,adnan shakir ali naqvi,Syed Adnan Shakir Ali Naqvi,father_of,high,SRC002,114,49,SRC002 p.114 line 49,Descendants of Syed Adnan Shakir Ali Naqvi bin Syed Naseer Ali bin Syed Muhabbat Ali,descendants_heading_child_bin_father,P22,yes
EDGE_5816301155,ENT_9AE74F0ED6,adnan shakir ali,Syed Adnan Shakir Ali,ENT_99044DD2D2,haider ali naqvi,Syed Haider Ali Naqvi,father_of,high,SRC002,114,52,SRC002 p.114 line 52,Syed Haider Ali Naqvi s/o Syed Adnan Shakir Ali,explicit_s_o_in_child_item,P22,yes
EDGE_184F5C63AE,ENT_9AE74F0ED6,adnan shakir ali,Syed Adnan Shakir Ali,ENT_4A34B8335A,mustafa ali naqvi,Syed Mustafa Ali Naqvi,father_of,high,SRC002,114,54,SRC002 p.114 line 54,Syed Mustafa Ali Naqvi s/o Syed Adnan Shakir Ali,explicit_s_o_in_child_item,P22,yes
EDGE_A45E85A3F1,ENT_847B1118AD,salman zakir ali,Syed Salman Zakir Ali,ENT_6B587F3BE5,zawiyan ali naqvi,Syed Zawiyan Ali Naqvi,father_of,high,SRC002,114,56,SRC002 p.114 line 56,Syed Zawiyan Ali Naqvi s/o Syed Salman Zakir Ali,explicit_s_o_in_child_item,P22,yes
EDGE_CA476DB8A9,ENT_81A10FFC31,naseer ali,Syed Naseer Ali,ENT_1EAC5D447A,salman zakir ali naqvi,Syed Salman Zakir Ali Naqvi,father_of,high,SRC002,114,58,SRC002 p.114 line 58,Descendants of Syed Salman Zakir Ali Naqvi bin Syed Naseer Ali bin Syed Muhabbat Ali,descendants_heading_child_bin_father,P22,yes
EDGE_994A260CA3,ENT_1EAC5D447A,salman zakir ali naqvi,Syed Salman Zakir Ali Naqvi,ENT_6B587F3BE5,zawiyan ali naqvi,Syed Zawiyan Ali Naqvi,father_of,medium_high,SRC002,114,61,SRC002 p.114 line 61,Descendants of Syed Salman Zakir Ali Naqvi bin Syed Naseer Ali bin Syed Muhabbat Ali | child entry 138.1: Syed Zawiyan Ali Naqvi,descendant_child_under_current_heading,P22,yes
EDGE_475B7012D0,ENT_996374B863,shabab ali,Syed Shabab Ali,ENT_B81AF6240B,sajjad ali naqvi,Syed Sajjad Ali Naqvi,father_of,high,SRC002,115,4,SRC002 p.115 line 4,Descendants of Syed Sajjad Ali Naqvi bin Syed Shabab Ali bin Syed Muhabbat,descendants_heading_child_bin_father,P22,yes
EDGE_C564210BF3,ENT_B81AF6240B,sajjad ali naqvi,Syed Sajjad Ali Naqvi,ENT_F45B785864,ali naqvi,Syed Ali Naqvi,father_of,medium_high,SRC002,115,7,SRC002 p.115 line 7,Descendants of Syed Sajjad Ali Naqvi bin Syed Shabab Ali bin Syed Muhabbat | child entry 139.1: Syed Ali Naqvi,descendant_child_under_current_heading,P22,yes
EDGE_5DB8E4F6DB,ENT_BC2DA60DB6,حضرت ادم علیہ السلام,حضرت آدم علیہ السلام,ENT_C2F9C369FB,شیث علیہ السلام,شیث علیہ السلام,father_of_or_lineal_parent_of,medium,SRC003,1,1,SRC003 p.1 line 1,حضرت آدم علیہ السلام ← شیث علیہ السلام ← انوش ← قینان ← مہلائیل ← یرد ← اخنوخ (حضرت ادریس علیہ السلام) ← متوشلخ ← لامک ← حضرت نوح علیہ السلام ← سام ← ارفکشاد ← شالخ ← عابر ← فالج ← رعو ← سروج ← ناحور ← تارخ (آزر) ← حضرت ابراہیم علیہ السلام ← حضرت اسمعیل علیہ السلام ← بشیرلی (لقب بیم ۔ طبع) ← سمیر (لقب بشیمین ۔ معظم فی الکل) ← حمران (لقب اسمعیل ذو الاوج) ← الدریا (لقب حجران الطعان) ← صید (لقب اسمعیل ذو الطبع) ← عقبر (لقب ابراہم جابح اشمل) ← عشی (لقب عافی عقبر ابن الجن) ← ماضی (لقب الظرب حالم النار) ← ناخش (لقب علقم) ← جام (لقب علقم) ← طائح (طاب) لقب صیقان ← یدلاف (تلاف) لقب رائمه ← بلداس (محتل) ← حرا (العوام) ← قیدار (دوباشرہ جزمی) ← عزام (عزام) ← عوض (لقب شمر منی) ← مزری (برمز) ← کی (شیبی) (لقب لجمھر) ← زارح (لقب قمر) ← ناحت ← مقصری (مقص) ← مقصری (لقب حسن ۔ زمل) ← ابہام (ایامی) (لقب دوس الفن ۔ احمل الفلق) ← اقتاد (لقب لیامہ) ← عیمر (عامر) لقب نیدوان ذوالا مد به ← ديشان (لقب ازد اریہ) ← عیضنی (لقب مافر) ← ارغہ (رومہ) (لقب عدون) ← شحن (لقب جنود) ← سنجون (تحزن) (لقب تصور) ← بشرلی (لقب بیم,urdu_left_arrow_chain,,no
EDGE_CDA381FCDA,ENT_C2F9C369FB,شیث علیہ السلام,شیث علیہ السلام,ENT_E13C69CA65,انوش,انوش,father_of_or_lineal_parent_of,medium,SRC003,1,1,SRC003 p.1 line 1,حضرت آدم علیہ السلام ← شیث علیہ السلام ← انوش ← قینان ← مہلائیل ← یرد ← اخنوخ (حضرت ادریس علیہ السلام) ← متوشلخ ← لامک ← حضرت نوح علیہ السلام ← سام ← ارفکشاد ← شالخ ← عابر ← فالج ← رعو ← سروج ← ناحور ← تارخ (آزر) ← حضرت ابراہیم علیہ السلام ← حضرت اسمعیل علیہ السلام ← بشیرلی (لقب بیم ۔ طبع) ← سمیر (لقب بشیمین ۔ معظم فی الکل) ← حمران (لقب اسمعیل ذو الاوج) ← الدریا (لقب حجران الطعان) ← صید (لقب اسمعیل ذو الطبع) ← عقبر (لقب ابراہم جابح اشمل) ← عشی (لقب عافی عقبر ابن الجن) ← ماضی (لقب الظرب حالم النار) ← ناخش (لقب علقم) ← جام (لقب علقم) ← طائح (طاب) لقب صیقان ← یدلاف (تلاف) لقب رائمه ← بلداس (محتل) ← حرا (العوام) ← قیدار (دوباشرہ جزمی) ← عزام (عزام) ← عوض (لقب شمر منی) ← مزری (برمز) ← کی (شیبی) (لقب لجمھر) ← زارح (لقب قمر) ← ناحت ← مقصری (مقص) ← مقصری (لقب حسن ۔ زمل) ← ابہام (ایامی) (لقب دوس الفن ۔ احمل الفلق) ← اقتاد (لقب لیامہ) ← عیمر (عامر) لقب نیدوان ذوالا مد به ← ديشان (لقب ازد اریہ) ← عیضنی (لقب مافر) ← ارغہ (رومہ) (لقب عدون) ← شحن (لقب جنود) ← سنجون (تحزن) (لقب تصور) ← بشرلی (لقب بیم,urdu_left_arrow_chain,,no
EDGE_190EA259FB,ENT_E13C69CA65,انوش,انوش,ENT_2DA26CB11C,قینان,قینان,father_of_or_lineal_parent_of,medium,SRC003,1,1,SRC003 p.1 line 1,حضرت آدم علیہ السلام ← شیث علیہ السلام ← انوش ← قینان ← مہلائیل ← یرد ← اخنوخ (حضرت ادریس علیہ السلام) ← متوشلخ ← لامک ← حضرت نوح علیہ السلام ← سام ← ارفکشاد ← شالخ ← عابر ← فالج ← رعو ← سروج ← ناحور ← تارخ (آزر) ← حضرت ابراہیم علیہ السلام ← حضرت اسمعیل علیہ السلام ← بشیرلی (لقب بیم ۔ طبع) ← سمیر (لقب بشیمین ۔ معظم فی الکل) ← حمران (لقب اسمعیل ذو الاوج) ← الدریا (لقب حجران الطعان) ← صید (لقب اسمعیل ذو الطبع) ← عقبر (لقب ابراہم جابح اشمل) ← عشی (لقب عافی عقبر ابن الجن) ← ماضی (لقب الظرب حالم النار) ← ناخش (لقب علقم) ← جام (لقب علقم) ← طائح (طاب) لقب صیقان ← یدلاف (تلاف) لقب رائمه ← بلداس (محتل) ← حرا (العوام) ← قیدار (دوباشرہ جزمی) ← عزام (عزام) ← عوض (لقب شمر منی) ← مزری (برمز) ← کی (شیبی) (لقب لجمھر) ← زارح (لقب قمر) ← ناحت ← مقصری (مقص) ← مقصری (لقب حسن ۔ زمل) ← ابہام (ایامی) (لقب دوس الفن ۔ احمل الفلق) ← اقتاد (لقب لیامہ) ← عیمر (عامر) لقب نیدوان ذوالا مد به ← ديشان (لقب ازد اریہ) ← عیضنی (لقب مافر) ← ارغہ (رومہ) (لقب عدون) ← شحن (لقب جنود) ← سنجون (تحزن) (لقب تصور) ← بشرلی (لقب بیم,urdu_left_arrow_chain,,no
EDGE_45A6ADB47F,ENT_2DA26CB11C,قینان,قینان,ENT_C70E40E7A5,مہلايیل,مہلائیل,father_of_or_lineal_parent_of,medium,SRC003,1,1,SRC003 p.1 line 1,حضرت آدم علیہ السلام ← شیث علیہ السلام ← انوش ← قینان ← مہلائیل ← یرد ← اخنوخ (حضرت ادریس علیہ السلام) ← متوشلخ ← لامک ← حضرت نوح علیہ السلام ← سام ← ارفکشاد ← شالخ ← عابر ← فالج ← رعو ← سروج ← ناحور ← تارخ (آزر) ← حضرت ابراہیم علیہ السلام ← حضرت اسمعیل علیہ السلام ← بشیرلی (لقب بیم ۔ طبع) ← سمیر (لقب بشیمین ۔ معظم فی الکل) ← حمران (لقب اسمعیل ذو الاوج) ← الدریا (لقب حجران الطعان) ← صید (لقب اسمعیل ذو الطبع) ← عقبر (لقب ابراہم جابح اشمل) ← عشی (لقب عافی عقبر ابن الجن) ← ماضی (لقب الظرب حالم النار) ← ناخش (لقب علقم) ← جام (لقب علقم) ← طائح (طاب) لقب صیقان ← یدلاف (تلاف) لقب رائمه ← بلداس (محتل) ← حرا (العوام) ← قیدار (دوباشرہ جزمی) ← عزام (عزام) ← عوض (لقب شمر منی) ← مزری (برمز) ← کی (شیبی) (لقب لجمھر) ← زارح (لقب قمر) ← ناحت ← مقصری (مقص) ← مقصری (لقب حسن ۔ زمل) ← ابہام (ایامی) (لقب دوس الفن ۔ احمل الفلق) ← اقتاد (لقب لیامہ) ← عیمر (عامر) لقب نیدوان ذوالا مد به ← ديشان (لقب ازد اریہ) ← عیضنی (لقب مافر) ← ارغہ (رومہ) (لقب عدون) ← شحن (لقب جنود) ← سنجون (تحزن) (لقب تصور) ← بشرلی (لقب بیم,urdu_left_arrow_chain,,no
EDGE_31DD346E6F,ENT_C70E40E7A5,مہلايیل,مہلائیل,ENT_045F6A0D09,یرد,یرد,father_of_or_lineal_parent_of,medium,SRC003,1,1,SRC003 p.1 line 1,حضرت آدم علیہ السلام ← شیث علیہ السلام ← انوش ← قینان ← مہلائیل ← یرد ← اخنوخ (حضرت ادریس علیہ السلام) ← متوشلخ ← لامک ← حضرت نوح علیہ السلام ← سام ← ارفکشاد ← شالخ ← عابر ← فالج ← رعو ← سروج ← ناحور ← تارخ (آزر) ← حضرت ابراہیم علیہ السلام ← حضرت اسمعیل علیہ السلام ← بشیرلی (لقب بیم ۔ طبع) ← سمیر (لقب بشیمین ۔ معظم فی الکل) ← حمران (لقب اسمعیل ذو الاوج) ← الدریا (لقب حجران الطعان) ← صید (لقب اسمعیل ذو الطبع) ← عقبر (لقب ابراہم جابح اشمل) ← عشی (لقب عافی عقبر ابن الجن) ← ماضی (لقب الظرب حالم النار) ← ناخش (لقب علقم) ← جام (لقب علقم) ← طائح (طاب) لقب صیقان ← یدلاف (تلاف) لقب رائمه ← بلداس (محتل) ← حرا (العوام) ← قیدار (دوباشرہ جزمی) ← عزام (عزام) ← عوض (لقب شمر منی) ← مزری (برمز) ← کی (شیبی) (لقب لجمھر) ← زارح (لقب قمر) ← ناحت ← مقصری (مقص) ← مقصری (لقب حسن ۔ زمل) ← ابہام (ایامی) (لقب دوس الفن ۔ احمل الفلق) ← اقتاد (لقب لیامہ) ← عیمر (عامر) لقب نیدوان ذوالا مد به ← ديشان (لقب ازد اریہ) ← عیضنی (لقب مافر) ← ارغہ (رومہ) (لقب عدون) ← شحن (لقب جنود) ← سنجون (تحزن) (لقب تصور) ← بشرلی (لقب بیم,urdu_left_arrow_chain,,no
EDGE_5D1D98AA65,ENT_045F6A0D09,یرد,یرد,ENT_15031AA88B,اخنوخ حضرت ادریس علیہ السلام,اخنوخ (حضرت ادریس علیہ السلام),father_of_or_lineal_parent_of,medium,SRC003,1,1,SRC003 p.1 line 1,حضرت آدم علیہ السلام ← شیث علیہ السلام ← انوش ← قینان ← مہلائیل ← یرد ← اخنوخ (حضرت ادریس علیہ السلام) ← متوشلخ ← لامک ← حضرت نوح علیہ السلام ← سام ← ارفکشاد ← شالخ ← عابر ← فالج ← رعو ← سروج ← ناحور ← تارخ (آزر) ← حضرت ابراہیم علیہ السلام ← حضرت اسمعیل علیہ السلام ← بشیرلی (لقب بیم ۔ طبع) ← سمیر (لقب بشیمین ۔ معظم فی الکل) ← حمران (لقب اسمعیل ذو الاوج) ← الدریا (لقب حجران الطعان) ← صید (لقب اسمعیل ذو الطبع) ← عقبر (لقب ابراہم جابح اشمل) ← عشی (لقب عافی عقبر ابن الجن) ← ماضی (لقب الظرب حالم النار) ← ناخش (لقب علقم) ← جام (لقب علقم) ← طائح (طاب) لقب صیقان ← یدلاف (تلاف) لقب رائمه ← بلداس (محتل) ← حرا (العوام) ← قیدار (دوباشرہ جزمی) ← عزام (عزام) ← عوض (لقب شمر منی) ← مزری (برمز) ← کی (شیبی) (لقب لجمھر) ← زارح (لقب قمر) ← ناحت ← مقصری (مقص) ← مقصری (لقب حسن ۔ زمل) ← ابہام (ایامی) (لقب دوس الفن ۔ احمل الفلق) ← اقتاد (لقب لیامہ) ← عیمر (عامر) لقب نیدوان ذوالا مد به ← ديشان (لقب ازد اریہ) ← عیضنی (لقب مافر) ← ارغہ (رومہ) (لقب عدون) ← شحن (لقب جنود) ← سنجون (تحزن) (لقب تصور) ← بشرلی (لقب بیم,urdu_left_arrow_chain,,no
EDGE_43F4B85867,ENT_15031AA88B,اخنوخ حضرت ادریس علیہ السلام,اخنوخ (حضرت ادریس علیہ السلام),ENT_7274590E62,متوشلخ,متوشلخ,father_of_or_lineal_parent_of,medium,SRC003,1,1,SRC003 p.1 line 1,حضرت آدم علیہ السلام ← شیث علیہ السلام ← انوش ← قینان ← مہلائیل ← یرد ← اخنوخ (حضرت ادریس علیہ السلام) ← متوشلخ ← لامک ← حضرت نوح علیہ السلام ← سام ← ارفکشاد ← شالخ ← عابر ← فالج ← رعو ← سروج ← ناحور ← تارخ (آزر) ← حضرت ابراہیم علیہ السلام ← حضرت اسمعیل علیہ السلام ← بشیرلی (لقب بیم ۔ طبع) ← سمیر (لقب بشیمین ۔ معظم فی الکل) ← حمران (لقب اسمعیل ذو الاوج) ← الدریا (لقب حجران الطعان) ← صید (لقب اسمعیل ذو الطبع) ← عقبر (لقب ابراہم جابح اشمل) ← عشی (لقب عافی عقبر ابن الجن) ← ماضی (لقب الظرب حالم النار) ← ناخش (لقب علقم) ← جام (لقب علقم) ← طائح (طاب) لقب صیقان ← یدلاف (تلاف) لقب رائمه ← بلداس (محتل) ← حرا (العوام) ← قیدار (دوباشرہ جزمی) ← عزام (عزام) ← عوض (لقب شمر منی) ← مزری (برمز) ← کی (شیبی) (لقب لجمھر) ← زارح (لقب قمر) ← ناحت ← مقصری (مقص) ← مقصری (لقب حسن ۔ زمل) ← ابہام (ایامی) (لقب دوس الفن ۔ احمل الفلق) ← اقتاد (لقب لیامہ) ← عیمر (عامر) لقب نیدوان ذوالا مد به ← ديشان (لقب ازد اریہ) ← عیضنی (لقب مافر) ← ارغہ (رومہ) (لقب عدون) ← شحن (لقب جنود) ← سنجون (تحزن) (لقب تصور) ← بشرلی (لقب بیم,urdu_left_arrow_chain,,no
EDGE_FD5CA40278,ENT_7274590E62,متوشلخ,متوشلخ,ENT_657BD8404C,لامک,لامک,father_of_or_lineal_parent_of,medium,SRC003,1,1,SRC003 p.1 line 1,حضرت آدم علیہ السلام ← شیث علیہ السلام ← انوش ← قینان ← مہلائیل ← یرد ← اخنوخ (حضرت ادریس علیہ السلام) ← متوشلخ ← لامک ← حضرت نوح علیہ السلام ← سام ← ارفکشاد ← شالخ ← عابر ← فالج ← رعو ← سروج ← ناحور ← تارخ (آزر) ← حضرت ابراہیم علیہ السلام ← حضرت اسمعیل علیہ السلام ← بشیرلی (لقب بیم ۔ طبع) ← سمیر (لقب بشیمین ۔ معظم فی الکل) ← حمران (لقب اسمعیل ذو الاوج) ← الدریا (لقب حجران الطعان) ← صید (لقب اسمعیل ذو الطبع) ← عقبر (لقب ابراہم جابح اشمل) ← عشی (لقب عافی عقبر ابن الجن) ← ماضی (لقب الظرب حالم النار) ← ناخش (لقب علقم) ← جام (لقب علقم) ← طائح (طاب) لقب صیقان ← یدلاف (تلاف) لقب رائمه ← بلداس (محتل) ← حرا (العوام) ← قیدار (دوباشرہ جزمی) ← عزام (عزام) ← عوض (لقب شمر منی) ← مزری (برمز) ← کی (شیبی) (لقب لجمھر) ← زارح (لقب قمر) ← ناحت ← مقصری (مقص) ← مقصری (لقب حسن ۔ زمل) ← ابہام (ایامی) (لقب دوس الفن ۔ احمل الفلق) ← اقتاد (لقب لیامہ) ← عیمر (عامر) لقب نیدوان ذوالا مد به ← ديشان (لقب ازد اریہ) ← عیضنی (لقب مافر) ← ارغہ (رومہ) (لقب عدون) ← شحن (لقب جنود) ← سنجون (تحزن) (لقب تصور) ← بشرلی (لقب بیم,urdu_left_arrow_chain,,no
EDGE_E81CC91581,ENT_657BD8404C,لامک,لامک,ENT_F1357BD830,حضرت نوح علیہ السلام,حضرت نوح علیہ السلام,father_of_or_lineal_parent_of,medium,SRC003,1,1,SRC003 p.1 line 1,حضرت آدم علیہ السلام ← شیث علیہ السلام ← انوش ← قینان ← مہلائیل ← یرد ← اخنوخ (حضرت ادریس علیہ السلام) ← متوشلخ ← لامک ← حضرت نوح علیہ السلام ← سام ← ارفکشاد ← شالخ ← عابر ← فالج ← رعو ← سروج ← ناحور ← تارخ (آزر) ← حضرت ابراہیم علیہ السلام ← حضرت اسمعیل علیہ السلام ← بشیرلی (لقب بیم ۔ طبع) ← سمیر (لقب بشیمین ۔ معظم فی الکل) ← حمران (لقب اسمعیل ذو الاوج) ← الدریا (لقب حجران الطعان) ← صید (لقب اسمعیل ذو الطبع) ← عقبر (لقب ابراہم جابح اشمل) ← عشی (لقب عافی عقبر ابن الجن) ← ماضی (لقب الظرب حالم النار) ← ناخش (لقب علقم) ← جام (لقب علقم) ← طائح (طاب) لقب صیقان ← یدلاف (تلاف) لقب رائمه ← بلداس (محتل) ← حرا (العوام) ← قیدار (دوباشرہ جزمی) ← عزام (عزام) ← عوض (لقب شمر منی) ← مزری (برمز) ← کی (شیبی) (لقب لجمھر) ← زارح (لقب قمر) ← ناحت ← مقصری (مقص) ← مقصری (لقب حسن ۔ زمل) ← ابہام (ایامی) (لقب دوس الفن ۔ احمل الفلق) ← اقتاد (لقب لیامہ) ← عیمر (عامر) لقب نیدوان ذوالا مد به ← ديشان (لقب ازد اریہ) ← عیضنی (لقب مافر) ← ارغہ (رومہ) (لقب عدون) ← شحن (لقب جنود) ← سنجون (تحزن) (لقب تصور) ← بشرلی (لقب بیم,urdu_left_arrow_chain,,no
EDGE_EC5D72F8CD,ENT_F1357BD830,حضرت نوح علیہ السلام,حضرت نوح علیہ السلام,ENT_DC20A6E4D5,سام,سام,father_of_or_lineal_parent_of,medium,SRC003,1,1,SRC003 p.1 line 1,حضرت آدم علیہ السلام ← شیث علیہ السلام ← انوش ← قینان ← مہلائیل ← یرد ← اخنوخ (حضرت ادریس علیہ السلام) ← متوشلخ ← لامک ← حضرت نوح علیہ السلام ← سام ← ارفکشاد ← شالخ ← عابر ← فالج ← رعو ← سروج ← ناحور ← تارخ (آزر) ← حضرت ابراہیم علیہ السلام ← حضرت اسمعیل علیہ السلام ← بشیرلی (لقب بیم ۔ طبع) ← سمیر (لقب بشیمین ۔ معظم فی الکل) ← حمران (لقب اسمعیل ذو الاوج) ← الدریا (لقب حجران الطعان) ← صید (لقب اسمعیل ذو الطبع) ← عقبر (لقب ابراہم جابح اشمل) ← عشی (لقب عافی عقبر ابن الجن) ← ماضی (لقب الظرب حالم النار) ← ناخش (لقب علقم) ← جام (لقب علقم) ← طائح (طاب) لقب صیقان ← یدلاف (تلاف) لقب رائمه ← بلداس (محتل) ← حرا (العوام) ← قیدار (دوباشرہ جزمی) ← عزام (عزام) ← عوض (لقب شمر منی) ← مزری (برمز) ← کی (شیبی) (لقب لجمھر) ← زارح (لقب قمر) ← ناحت ← مقصری (مقص) ← مقصری (لقب حسن ۔ زمل) ← ابہام (ایامی) (لقب دوس الفن ۔ احمل الفلق) ← اقتاد (لقب لیامہ) ← عیمر (عامر) لقب نیدوان ذوالا مد به ← ديشان (لقب ازد اریہ) ← عیضنی (لقب مافر) ← ارغہ (رومہ) (لقب عدون) ← شحن (لقب جنود) ← سنجون (تحزن) (لقب تصور) ← بشرلی (لقب بیم,urdu_left_arrow_chain,,no
EDGE_302312072F,ENT_DC20A6E4D5,سام,سام,ENT_23DD1396FA,ارفکشاد,ارفکشاد,father_of_or_lineal_parent_of,medium,SRC003,1,1,SRC003 p.1 line 1,حضرت آدم علیہ السلام ← شیث علیہ السلام ← انوش ← قینان ← مہلائیل ← یرد ← اخنوخ (حضرت ادریس علیہ السلام) ← متوشلخ ← لامک ← حضرت نوح علیہ السلام ← سام ← ارفکشاد ← شالخ ← عابر ← فالج ← رعو ← سروج ← ناحور ← تارخ (آزر) ← حضرت ابراہیم علیہ السلام ← حضرت اسمعیل علیہ السلام ← بشیرلی (لقب بیم ۔ طبع) ← سمیر (لقب بشیمین ۔ معظم فی الکل) ← حمران (لقب اسمعیل ذو الاوج) ← الدریا (لقب حجران الطعان) ← صید (لقب اسمعیل ذو الطبع) ← عقبر (لقب ابراہم جابح اشمل) ← عشی (لقب عافی عقبر ابن الجن) ← ماضی (لقب الظرب حالم النار) ← ناخش (لقب علقم) ← جام (لقب علقم) ← طائح (طاب) لقب صیقان ← یدلاف (تلاف) لقب رائمه ← بلداس (محتل) ← حرا (العوام) ← قیدار (دوباشرہ جزمی) ← عزام (عزام) ← عوض (لقب شمر منی) ← مزری (برمز) ← کی (شیبی) (لقب لجمھر) ← زارح (لقب قمر) ← ناحت ← مقصری (مقص) ← مقصری (لقب حسن ۔ زمل) ← ابہام (ایامی) (لقب دوس الفن ۔ احمل الفلق) ← اقتاد (لقب لیامہ) ← عیمر (عامر) لقب نیدوان ذوالا مد به ← ديشان (لقب ازد اریہ) ← عیضنی (لقب مافر) ← ارغہ (رومہ) (لقب عدون) ← شحن (لقب جنود) ← سنجون (تحزن) (لقب تصور) ← بشرلی (لقب بیم,urdu_left_arrow_chain,,no
EDGE_017FF1AF64,ENT_23DD1396FA,ارفکشاد,ارفکشاد,ENT_1EB9D639AF,شالخ,شالخ,father_of_or_lineal_parent_of,medium,SRC003,1,1,SRC003 p.1 line 1,حضرت آدم علیہ السلام ← شیث علیہ السلام ← انوش ← قینان ← مہلائیل ← یرد ← اخنوخ (حضرت ادریس علیہ السلام) ← متوشلخ ← لامک ← حضرت نوح علیہ السلام ← سام ← ارفکشاد ← شالخ ← عابر ← فالج ← رعو ← سروج ← ناحور ← تارخ (آزر) ← حضرت ابراہیم علیہ السلام ← حضرت اسمعیل علیہ السلام ← بشیرلی (لقب بیم ۔ طبع) ← سمیر (لقب بشیمین ۔ معظم فی الکل) ← حمران (لقب اسمعیل ذو الاوج) ← الدریا (لقب حجران الطعان) ← صید (لقب اسمعیل ذو الطبع) ← عقبر (لقب ابراہم جابح اشمل) ← عشی (لقب عافی عقبر ابن الجن) ← ماضی (لقب الظرب حالم النار) ← ناخش (لقب علقم) ← جام (لقب علقم) ← طائح (طاب) لقب صیقان ← یدلاف (تلاف) لقب رائمه ← بلداس (محتل) ← حرا (العوام) ← قیدار (دوباشرہ جزمی) ← عزام (عزام) ← عوض (لقب شمر منی) ← مزری (برمز) ← کی (شیبی) (لقب لجمھر) ← زارح (لقب قمر) ← ناحت ← مقصری (مقص) ← مقصری (لقب حسن ۔ زمل) ← ابہام (ایامی) (لقب دوس الفن ۔ احمل الفلق) ← اقتاد (لقب لیامہ) ← عیمر (عامر) لقب نیدوان ذوالا مد به ← ديشان (لقب ازد اریہ) ← عیضنی (لقب مافر) ← ارغہ (رومہ) (لقب عدون) ← شحن (لقب جنود) ← سنجون (تحزن) (لقب تصور) ← بشرلی (لقب بیم,urdu_left_arrow_chain,,no
EDGE_278DA3B9C5,ENT_1EB9D639AF,شالخ,شالخ,ENT_97C340AEEE,عابر,عابر,father_of_or_lineal_parent_of,medium,SRC003,1,1,SRC003 p.1 line 1,حضرت آدم علیہ السلام ← شیث علیہ السلام ← انوش ← قینان ← مہلائیل ← یرد ← اخنوخ (حضرت ادریس علیہ السلام) ← متوشلخ ← لامک ← حضرت نوح علیہ السلام ← سام ← ارفکشاد ← شالخ ← عابر ← فالج ← رعو ← سروج ← ناحور ← تارخ (آزر) ← حضرت ابراہیم علیہ السلام ← حضرت اسمعیل علیہ السلام ← بشیرلی (لقب بیم ۔ طبع) ← سمیر (لقب بشیمین ۔ معظم فی الکل) ← حمران (لقب اسمعیل ذو الاوج) ← الدریا (لقب حجران الطعان) ← صید (لقب اسمعیل ذو الطبع) ← عقبر (لقب ابراہم جابح اشمل) ← عشی (لقب عافی عقبر ابن الجن) ← ماضی (لقب الظرب حالم النار) ← ناخش (لقب علقم) ← جام (لقب علقم) ← طائح (طاب) لقب صیقان ← یدلاف (تلاف) لقب رائمه ← بلداس (محتل) ← حرا (العوام) ← قیدار (دوباشرہ جزمی) ← عزام (عزام) ← عوض (لقب شمر منی) ← مزری (برمز) ← کی (شیبی) (لقب لجمھر) ← زارح (لقب قمر) ← ناحت ← مقصری (مقص) ← مقصری (لقب حسن ۔ زمل) ← ابہام (ایامی) (لقب دوس الفن ۔ احمل الفلق) ← اقتاد (لقب لیامہ) ← عیمر (عامر) لقب نیدوان ذوالا مد به ← ديشان (لقب ازد اریہ) ← عیضنی (لقب مافر) ← ارغہ (رومہ) (لقب عدون) ← شحن (لقب جنود) ← سنجون (تحزن) (لقب تصور) ← بشرلی (لقب بیم,urdu_left_arrow_chain,,no
EDGE_10AE368EFF,ENT_97C340AEEE,عابر,عابر,ENT_C148DAE711,فالج,فالج,father_of_or_lineal_parent_of,medium,SRC003,1,1,SRC003 p.1 line 1,حضرت آدم علیہ السلام ← شیث علیہ السلام ← انوش ← قینان ← مہلائیل ← یرد ← اخنوخ (حضرت ادریس علیہ السلام) ← متوشلخ ← لامک ← حضرت نوح علیہ السلام ← سام ← ارفکشاد ← شالخ ← عابر ← فالج ← رعو ← سروج ← ناحور ← تارخ (آزر) ← حضرت ابراہیم علیہ السلام ← حضرت اسمعیل علیہ السلام ← بشیرلی (لقب بیم ۔ طبع) ← سمیر (لقب بشیمین ۔ معظم فی الکل) ← حمران (لقب اسمعیل ذو الاوج) ← الدریا (لقب حجران الطعان) ← صید (لقب اسمعیل ذو الطبع) ← عقبر (لقب ابراہم جابح اشمل) ← عشی (لقب عافی عقبر ابن الجن) ← ماضی (لقب الظرب حالم النار) ← ناخش (لقب علقم) ← جام (لقب علقم) ← طائح (طاب) لقب صیقان ← یدلاف (تلاف) لقب رائمه ← بلداس (محتل) ← حرا (العوام) ← قیدار (دوباشرہ جزمی) ← عزام (عزام) ← عوض (لقب شمر منی) ← مزری (برمز) ← کی (شیبی) (لقب لجمھر) ← زارح (لقب قمر) ← ناحت ← مقصری (مقص) ← مقصری (لقب حسن ۔ زمل) ← ابہام (ایامی) (لقب دوس الفن ۔ احمل الفلق) ← اقتاد (لقب لیامہ) ← عیمر (عامر) لقب نیدوان ذوالا مد به ← ديشان (لقب ازد اریہ) ← عیضنی (لقب مافر) ← ارغہ (رومہ) (لقب عدون) ← شحن (لقب جنود) ← سنجون (تحزن) (لقب تصور) ← بشرلی (لقب بیم,urdu_left_arrow_chain,,no
EDGE_26A7515A14,ENT_C148DAE711,فالج,فالج,ENT_1B5DF8E6C2,رعو,رعو,father_of_or_lineal_parent_of,medium,SRC003,1,1,SRC003 p.1 line 1,حضرت آدم علیہ السلام ← شیث علیہ السلام ← انوش ← قینان ← مہلائیل ← یرد ← اخنوخ (حضرت ادریس علیہ السلام) ← متوشلخ ← لامک ← حضرت نوح علیہ السلام ← سام ← ارفکشاد ← شالخ ← عابر ← فالج ← رعو ← سروج ← ناحور ← تارخ (آزر) ← حضرت ابراہیم علیہ السلام ← حضرت اسمعیل علیہ السلام ← بشیرلی (لقب بیم ۔ طبع) ← سمیر (لقب بشیمین ۔ معظم فی الکل) ← حمران (لقب اسمعیل ذو الاوج) ← الدریا (لقب حجران الطعان) ← صید (لقب اسمعیل ذو الطبع) ← عقبر (لقب ابراہم جابح اشمل) ← عشی (لقب عافی عقبر ابن الجن) ← ماضی (لقب الظرب حالم النار) ← ناخش (لقب علقم) ← جام (لقب علقم) ← طائح (طاب) لقب صیقان ← یدلاف (تلاف) لقب رائمه ← بلداس (محتل) ← حرا (العوام) ← قیدار (دوباشرہ جزمی) ← عزام (عزام) ← عوض (لقب شمر منی) ← مزری (برمز) ← کی (شیبی) (لقب لجمھر) ← زارح (لقب قمر) ← ناحت ← مقصری (مقص) ← مقصری (لقب حسن ۔ زمل) ← ابہام (ایامی) (لقب دوس الفن ۔ احمل الفلق) ← اقتاد (لقب لیامہ) ← عیمر (عامر) لقب نیدوان ذوالا مد به ← ديشان (لقب ازد اریہ) ← عیضنی (لقب مافر) ← ارغہ (رومہ) (لقب عدون) ← شحن (لقب جنود) ← سنجون (تحزن) (لقب تصور) ← بشرلی (لقب بیم,urdu_left_arrow_chain,,no
EDGE_0674B5A314,ENT_1B5DF8E6C2,رعو,رعو,ENT_12CB072D01,سروج,سروج,father_of_or_lineal_parent_of,medium,SRC003,1,1,SRC003 p.1 line 1,حضرت آدم علیہ السلام ← شیث علیہ السلام ← انوش ← قینان ← مہلائیل ← یرد ← اخنوخ (حضرت ادریس علیہ السلام) ← متوشلخ ← لامک ← حضرت نوح علیہ السلام ← سام ← ارفکشاد ← شالخ ← عابر ← فالج ← رعو ← سروج ← ناحور ← تارخ (آزر) ← حضرت ابراہیم علیہ السلام ← حضرت اسمعیل علیہ السلام ← بشیرلی (لقب بیم ۔ طبع) ← سمیر (لقب بشیمین ۔ معظم فی الکل) ← حمران (لقب اسمعیل ذو الاوج) ← الدریا (لقب حجران الطعان) ← صید (لقب اسمعیل ذو الطبع) ← عقبر (لقب ابراہم جابح اشمل) ← عشی (لقب عافی عقبر ابن الجن) ← ماضی (لقب الظرب حالم النار) ← ناخش (لقب علقم) ← جام (لقب علقم) ← طائح (طاب) لقب صیقان ← یدلاف (تلاف) لقب رائمه ← بلداس (محتل) ← حرا (العوام) ← قیدار (دوباشرہ جزمی) ← عزام (عزام) ← عوض (لقب شمر منی) ← مزری (برمز) ← کی (شیبی) (لقب لجمھر) ← زارح (لقب قمر) ← ناحت ← مقصری (مقص) ← مقصری (لقب حسن ۔ زمل) ← ابہام (ایامی) (لقب دوس الفن ۔ احمل الفلق) ← اقتاد (لقب لیامہ) ← عیمر (عامر) لقب نیدوان ذوالا مد به ← ديشان (لقب ازد اریہ) ← عیضنی (لقب مافر) ← ارغہ (رومہ) (لقب عدون) ← شحن (لقب جنود) ← سنجون (تحزن) (لقب تصور) ← بشرلی (لقب بیم,urdu_left_arrow_chain,,no
EDGE_C2FE057655,ENT_12CB072D01,سروج,سروج,ENT_4F1FD9FC7D,ناحور,ناحور,father_of_or_lineal_parent_of,medium,SRC003,1,1,SRC003 p.1 line 1,حضرت آدم علیہ السلام ← شیث علیہ السلام ← انوش ← قینان ← مہلائیل ← یرد ← اخنوخ (حضرت ادریس علیہ السلام) ← متوشلخ ← لامک ← حضرت نوح علیہ السلام ← سام ← ارفکشاد ← شالخ ← عابر ← فالج ← رعو ← سروج ← ناحور ← تارخ (آزر) ← حضرت ابراہیم علیہ السلام ← حضرت اسمعیل علیہ السلام ← بشیرلی (لقب بیم ۔ طبع) ← سمیر (لقب بشیمین ۔ معظم فی الکل) ← حمران (لقب اسمعیل ذو الاوج) ← الدریا (لقب حجران الطعان) ← صید (لقب اسمعیل ذو الطبع) ← عقبر (لقب ابراہم جابح اشمل) ← عشی (لقب عافی عقبر ابن الجن) ← ماضی (لقب الظرب حالم النار) ← ناخش (لقب علقم) ← جام (لقب علقم) ← طائح (طاب) لقب صیقان ← یدلاف (تلاف) لقب رائمه ← بلداس (محتل) ← حرا (العوام) ← قیدار (دوباشرہ جزمی) ← عزام (عزام) ← عوض (لقب شمر منی) ← مزری (برمز) ← کی (شیبی) (لقب لجمھر) ← زارح (لقب قمر) ← ناحت ← مقصری (مقص) ← مقصری (لقب حسن ۔ زمل) ← ابہام (ایامی) (لقب دوس الفن ۔ احمل الفلق) ← اقتاد (لقب لیامہ) ← عیمر (عامر) لقب نیدوان ذوالا مد به ← ديشان (لقب ازد اریہ) ← عیضنی (لقب مافر) ← ارغہ (رومہ) (لقب عدون) ← شحن (لقب جنود) ← سنجون (تحزن) (لقب تصور) ← بشرلی (لقب بیم,urdu_left_arrow_chain,,no
EDGE_08B839F599,ENT_4F1FD9FC7D,ناحور,ناحور,ENT_1B3A2EE7F8,تارخ ازر,تارخ (آزر),father_of_or_lineal_parent_of,medium,SRC003,1,1,SRC003 p.1 line 1,حضرت آدم علیہ السلام ← شیث علیہ السلام ← انوش ← قینان ← مہلائیل ← یرد ← اخنوخ (حضرت ادریس علیہ السلام) ← متوشلخ ← لامک ← حضرت نوح علیہ السلام ← سام ← ارفکشاد ← شالخ ← عابر ← فالج ← رعو ← سروج ← ناحور ← تارخ (آزر) ← حضرت ابراہیم علیہ السلام ← حضرت اسمعیل علیہ السلام ← بشیرلی (لقب بیم ۔ طبع) ← سمیر (لقب بشیمین ۔ معظم فی الکل) ← حمران (لقب اسمعیل ذو الاوج) ← الدریا (لقب حجران الطعان) ← صید (لقب اسمعیل ذو الطبع) ← عقبر (لقب ابراہم جابح اشمل) ← عشی (لقب عافی عقبر ابن الجن) ← ماضی (لقب الظرب حالم النار) ← ناخش (لقب علقم) ← جام (لقب علقم) ← طائح (طاب) لقب صیقان ← یدلاف (تلاف) لقب رائمه ← بلداس (محتل) ← حرا (العوام) ← قیدار (دوباشرہ جزمی) ← عزام (عزام) ← عوض (لقب شمر منی) ← مزری (برمز) ← کی (شیبی) (لقب لجمھر) ← زارح (لقب قمر) ← ناحت ← مقصری (مقص) ← مقصری (لقب حسن ۔ زمل) ← ابہام (ایامی) (لقب دوس الفن ۔ احمل الفلق) ← اقتاد (لقب لیامہ) ← عیمر (عامر) لقب نیدوان ذوالا مد به ← ديشان (لقب ازد اریہ) ← عیضنی (لقب مافر) ← ارغہ (رومہ) (لقب عدون) ← شحن (لقب جنود) ← سنجون (تحزن) (لقب تصور) ← بشرلی (لقب بیم,urdu_left_arrow_chain,,no
EDGE_28E16F1A88,ENT_1B3A2EE7F8,تارخ ازر,تارخ (آزر),ENT_F9D72669B9,حضرت ابراہیم علیہ السلام,حضرت ابراہیم علیہ السلام,father_of_or_lineal_parent_of,medium,SRC003,1,1,SRC003 p.1 line 1,حضرت آدم علیہ السلام ← شیث علیہ السلام ← انوش ← قینان ← مہلائیل ← یرد ← اخنوخ (حضرت ادریس علیہ السلام) ← متوشلخ ← لامک ← حضرت نوح علیہ السلام ← سام ← ارفکشاد ← شالخ ← عابر ← فالج ← رعو ← سروج ← ناحور ← تارخ (آزر) ← حضرت ابراہیم علیہ السلام ← حضرت اسمعیل علیہ السلام ← بشیرلی (لقب بیم ۔ طبع) ← سمیر (لقب بشیمین ۔ معظم فی الکل) ← حمران (لقب اسمعیل ذو الاوج) ← الدریا (لقب حجران الطعان) ← صید (لقب اسمعیل ذو الطبع) ← عقبر (لقب ابراہم جابح اشمل) ← عشی (لقب عافی عقبر ابن الجن) ← ماضی (لقب الظرب حالم النار) ← ناخش (لقب علقم) ← جام (لقب علقم) ← طائح (طاب) لقب صیقان ← یدلاف (تلاف) لقب رائمه ← بلداس (محتل) ← حرا (العوام) ← قیدار (دوباشرہ جزمی) ← عزام (عزام) ← عوض (لقب شمر منی) ← مزری (برمز) ← کی (شیبی) (لقب لجمھر) ← زارح (لقب قمر) ← ناحت ← مقصری (مقص) ← مقصری (لقب حسن ۔ زمل) ← ابہام (ایامی) (لقب دوس الفن ۔ احمل الفلق) ← اقتاد (لقب لیامہ) ← عیمر (عامر) لقب نیدوان ذوالا مد به ← ديشان (لقب ازد اریہ) ← عیضنی (لقب مافر) ← ارغہ (رومہ) (لقب عدون) ← شحن (لقب جنود) ← سنجون (تحزن) (لقب تصور) ← بشرلی (لقب بیم,urdu_left_arrow_chain,,no
EDGE_BCD4006DE0,ENT_F9D72669B9,حضرت ابراہیم علیہ السلام,حضرت ابراہیم علیہ السلام,ENT_9595A3360D,حضرت اسمعیل علیہ السلام,حضرت اسمعیل علیہ السلام,father_of_or_lineal_parent_of,medium,SRC003,1,1,SRC003 p.1 line 1,حضرت آدم علیہ السلام ← شیث علیہ السلام ← انوش ← قینان ← مہلائیل ← یرد ← اخنوخ (حضرت ادریس علیہ السلام) ← متوشلخ ← لامک ← حضرت نوح علیہ السلام ← سام ← ارفکشاد ← شالخ ← عابر ← فالج ← رعو ← سروج ← ناحور ← تارخ (آزر) ← حضرت ابراہیم علیہ السلام ← حضرت اسمعیل علیہ السلام ← بشیرلی (لقب بیم ۔ طبع) ← سمیر (لقب بشیمین ۔ معظم فی الکل) ← حمران (لقب اسمعیل ذو الاوج) ← الدریا (لقب حجران الطعان) ← صید (لقب اسمعیل ذو الطبع) ← عقبر (لقب ابراہم جابح اشمل) ← عشی (لقب عافی عقبر ابن الجن) ← ماضی (لقب الظرب حالم النار) ← ناخش (لقب علقم) ← جام (لقب علقم) ← طائح (طاب) لقب صیقان ← یدلاف (تلاف) لقب رائمه ← بلداس (محتل) ← حرا (العوام) ← قیدار (دوباشرہ جزمی) ← عزام (عزام) ← عوض (لقب شمر منی) ← مزری (برمز) ← کی (شیبی) (لقب لجمھر) ← زارح (لقب قمر) ← ناحت ← مقصری (مقص) ← مقصری (لقب حسن ۔ زمل) ← ابہام (ایامی) (لقب دوس الفن ۔ احمل الفلق) ← اقتاد (لقب لیامہ) ← عیمر (عامر) لقب نیدوان ذوالا مد به ← ديشان (لقب ازد اریہ) ← عیضنی (لقب مافر) ← ارغہ (رومہ) (لقب عدون) ← شحن (لقب جنود) ← سنجون (تحزن) (لقب تصور) ← بشرلی (لقب بیم,urdu_left_arrow_chain,,no
EDGE_F782F7DC2D,ENT_9595A3360D,حضرت اسمعیل علیہ السلام,حضرت اسمعیل علیہ السلام,ENT_088096F211,بشیرلی لقب بیم ۔ طبع,بشیرلی (لقب بیم ۔ طبع),father_of_or_lineal_parent_of,medium,SRC003,1,1,SRC003 p.1 line 1,حضرت آدم علیہ السلام ← شیث علیہ السلام ← انوش ← قینان ← مہلائیل ← یرد ← اخنوخ (حضرت ادریس علیہ السلام) ← متوشلخ ← لامک ← حضرت نوح علیہ السلام ← سام ← ارفکشاد ← شالخ ← عابر ← فالج ← رعو ← سروج ← ناحور ← تارخ (آزر) ← حضرت ابراہیم علیہ السلام ← حضرت اسمعیل علیہ السلام ← بشیرلی (لقب بیم ۔ طبع) ← سمیر (لقب بشیمین ۔ معظم فی الکل) ← حمران (لقب اسمعیل ذو الاوج) ← الدریا (لقب حجران الطعان) ← صید (لقب اسمعیل ذو الطبع) ← عقبر (لقب ابراہم جابح اشمل) ← عشی (لقب عافی عقبر ابن الجن) ← ماضی (لقب الظرب حالم النار) ← ناخش (لقب علقم) ← جام (لقب علقم) ← طائح (طاب) لقب صیقان ← یدلاف (تلاف) لقب رائمه ← بلداس (محتل) ← حرا (العوام) ← قیدار (دوباشرہ جزمی) ← عزام (عزام) ← عوض (لقب شمر منی) ← مزری (برمز) ← کی (شیبی) (لقب لجمھر) ← زارح (لقب قمر) ← ناحت ← مقصری (مقص) ← مقصری (لقب حسن ۔ زمل) ← ابہام (ایامی) (لقب دوس الفن ۔ احمل الفلق) ← اقتاد (لقب لیامہ) ← عیمر (عامر) لقب نیدوان ذوالا مد به ← ديشان (لقب ازد اریہ) ← عیضنی (لقب مافر) ← ارغہ (رومہ) (لقب عدون) ← شحن (لقب جنود) ← سنجون (تحزن) (لقب تصور) ← بشرلی (لقب بیم,urdu_left_arrow_chain,,no
EDGE_E4B1EBFBBF,ENT_088096F211,بشیرلی لقب بیم ۔ طبع,بشیرلی (لقب بیم ۔ طبع),ENT_CB16786540,سمیر لقب بشیمین ۔ معظم فی الکل,سمیر (لقب بشیمین ۔ معظم فی الکل),father_of_or_lineal_parent_of,medium,SRC003,1,1,SRC003 p.1 line 1,حضرت آدم علیہ السلام ← شیث علیہ السلام ← انوش ← قینان ← مہلائیل ← یرد ← اخنوخ (حضرت ادریس علیہ السلام) ← متوشلخ ← لامک ← حضرت نوح علیہ السلام ← سام ← ارفکشاد ← شالخ ← عابر ← فالج ← رعو ← سروج ← ناحور ← تارخ (آزر) ← حضرت ابراہیم علیہ السلام ← حضرت اسمعیل علیہ السلام ← بشیرلی (لقب بیم ۔ طبع) ← سمیر (لقب بشیمین ۔ معظم فی الکل) ← حمران (لقب اسمعیل ذو الاوج) ← الدریا (لقب حجران الطعان) ← صید (لقب اسمعیل ذو الطبع) ← عقبر (لقب ابراہم جابح اشمل) ← عشی (لقب عافی عقبر ابن الجن) ← ماضی (لقب الظرب حالم النار) ← ناخش (لقب علقم) ← جام (لقب علقم) ← طائح (طاب) لقب صیقان ← یدلاف (تلاف) لقب رائمه ← بلداس (محتل) ← حرا (العوام) ← قیدار (دوباشرہ جزمی) ← عزام (عزام) ← عوض (لقب شمر منی) ← مزری (برمز) ← کی (شیبی) (لقب لجمھر) ← زارح (لقب قمر) ← ناحت ← مقصری (مقص) ← مقصری (لقب حسن ۔ زمل) ← ابہام (ایامی) (لقب دوس الفن ۔ احمل الفلق) ← اقتاد (لقب لیامہ) ← عیمر (عامر) لقب نیدوان ذوالا مد به ← ديشان (لقب ازد اریہ) ← عیضنی (لقب مافر) ← ارغہ (رومہ) (لقب عدون) ← شحن (لقب جنود) ← سنجون (تحزن) (لقب تصور) ← بشرلی (لقب بیم,urdu_left_arrow_chain,,no
EDGE_47FF72AA69,ENT_CB16786540,سمیر لقب بشیمین ۔ معظم فی الکل,سمیر (لقب بشیمین ۔ معظم فی الکل),ENT_07B23B6301,حمران لقب اسمعیل ذو الاوج,حمران (لقب اسمعیل ذو الاوج),father_of_or_lineal_parent_of,medium,SRC003,1,1,SRC003 p.1 line 1,حضرت آدم علیہ السلام ← شیث علیہ السلام ← انوش ← قینان ← مہلائیل ← یرد ← اخنوخ (حضرت ادریس علیہ السلام) ← متوشلخ ← لامک ← حضرت نوح علیہ السلام ← سام ← ارفکشاد ← شالخ ← عابر ← فالج ← رعو ← سروج ← ناحور ← تارخ (آزر) ← حضرت ابراہیم علیہ السلام ← حضرت اسمعیل علیہ السلام ← بشیرلی (لقب بیم ۔ طبع) ← سمیر (لقب بشیمین ۔ معظم فی الکل) ← حمران (لقب اسمعیل ذو الاوج) ← الدریا (لقب حجران الطعان) ← صید (لقب اسمعیل ذو الطبع) ← عقبر (لقب ابراہم جابح اشمل) ← عشی (لقب عافی عقبر ابن الجن) ← ماضی (لقب الظرب حالم النار) ← ناخش (لقب علقم) ← جام (لقب علقم) ← طائح (طاب) لقب صیقان ← یدلاف (تلاف) لقب رائمه ← بلداس (محتل) ← حرا (العوام) ← قیدار (دوباشرہ جزمی) ← عزام (عزام) ← عوض (لقب شمر منی) ← مزری (برمز) ← کی (شیبی) (لقب لجمھر) ← زارح (لقب قمر) ← ناحت ← مقصری (مقص) ← مقصری (لقب حسن ۔ زمل) ← ابہام (ایامی) (لقب دوس الفن ۔ احمل الفلق) ← اقتاد (لقب لیامہ) ← عیمر (عامر) لقب نیدوان ذوالا مد به ← ديشان (لقب ازد اریہ) ← عیضنی (لقب مافر) ← ارغہ (رومہ) (لقب عدون) ← شحن (لقب جنود) ← سنجون (تحزن) (لقب تصور) ← بشرلی (لقب بیم,urdu_left_arrow_chain,,no
EDGE_84422E06AF,ENT_07B23B6301,حمران لقب اسمعیل ذو الاوج,حمران (لقب اسمعیل ذو الاوج),ENT_BDB28EA44A,الدریا لقب حجران الطعان,الدریا (لقب حجران الطعان),father_of_or_lineal_parent_of,medium,SRC003,1,1,SRC003 p.1 line 1,حضرت آدم علیہ السلام ← شیث علیہ السلام ← انوش ← قینان ← مہلائیل ← یرد ← اخنوخ (حضرت ادریس علیہ السلام) ← متوشلخ ← لامک ← حضرت نوح علیہ السلام ← سام ← ارفکشاد ← شالخ ← عابر ← فالج ← رعو ← سروج ← ناحور ← تارخ (آزر) ← حضرت ابراہیم علیہ السلام ← حضرت اسمعیل علیہ السلام ← بشیرلی (لقب بیم ۔ طبع) ← سمیر (لقب بشیمین ۔ معظم فی الکل) ← حمران (لقب اسمعیل ذو الاوج) ← الدریا (لقب حجران الطعان) ← صید (لقب اسمعیل ذو الطبع) ← عقبر (لقب ابراہم جابح اشمل) ← عشی (لقب عافی عقبر ابن الجن) ← ماضی (لقب الظرب حالم النار) ← ناخش (لقب علقم) ← جام (لقب علقم) ← طائح (طاب) لقب صیقان ← یدلاف (تلاف) لقب رائمه ← بلداس (محتل) ← حرا (العوام) ← قیدار (دوباشرہ جزمی) ← عزام (عزام) ← عوض (لقب شمر منی) ← مزری (برمز) ← کی (شیبی) (لقب لجمھر) ← زارح (لقب قمر) ← ناحت ← مقصری (مقص) ← مقصری (لقب حسن ۔ زمل) ← ابہام (ایامی) (لقب دوس الفن ۔ احمل الفلق) ← اقتاد (لقب لیامہ) ← عیمر (عامر) لقب نیدوان ذوالا مد به ← ديشان (لقب ازد اریہ) ← عیضنی (لقب مافر) ← ارغہ (رومہ) (لقب عدون) ← شحن (لقب جنود) ← سنجون (تحزن) (لقب تصور) ← بشرلی (لقب بیم,urdu_left_arrow_chain,,no
EDGE_BD6F97412E,ENT_BDB28EA44A,الدریا لقب حجران الطعان,الدریا (لقب حجران الطعان),ENT_A03F2B0134,صید لقب اسمعیل ذو الطبع,صید (لقب اسمعیل ذو الطبع),father_of_or_lineal_parent_of,medium,SRC003,1,1,SRC003 p.1 line 1,حضرت آدم علیہ السلام ← شیث علیہ السلام ← انوش ← قینان ← مہلائیل ← یرد ← اخنوخ (حضرت ادریس علیہ السلام) ← متوشلخ ← لامک ← حضرت نوح علیہ السلام ← سام ← ارفکشاد ← شالخ ← عابر ← فالج ← رعو ← سروج ← ناحور ← تارخ (آزر) ← حضرت ابراہیم علیہ السلام ← حضرت اسمعیل علیہ السلام ← بشیرلی (لقب بیم ۔ طبع) ← سمیر (لقب بشیمین ۔ معظم فی الکل) ← حمران (لقب اسمعیل ذو الاوج) ← الدریا (لقب حجران الطعان) ← صید (لقب اسمعیل ذو الطبع) ← عقبر (لقب ابراہم جابح اشمل) ← عشی (لقب عافی عقبر ابن الجن) ← ماضی (لقب الظرب حالم النار) ← ناخش (لقب علقم) ← جام (لقب علقم) ← طائح (طاب) لقب صیقان ← یدلاف (تلاف) لقب رائمه ← بلداس (محتل) ← حرا (العوام) ← قیدار (دوباشرہ جزمی) ← عزام (عزام) ← عوض (لقب شمر منی) ← مزری (برمز) ← کی (شیبی) (لقب لجمھر) ← زارح (لقب قمر) ← ناحت ← مقصری (مقص) ← مقصری (لقب حسن ۔ زمل) ← ابہام (ایامی) (لقب دوس الفن ۔ احمل الفلق) ← اقتاد (لقب لیامہ) ← عیمر (عامر) لقب نیدوان ذوالا مد به ← ديشان (لقب ازد اریہ) ← عیضنی (لقب مافر) ← ارغہ (رومہ) (لقب عدون) ← شحن (لقب جنود) ← سنجون (تحزن) (لقب تصور) ← بشرلی (لقب بیم,urdu_left_arrow_chain,,no
EDGE_2765684095,ENT_A03F2B0134,صید لقب اسمعیل ذو الطبع,صید (لقب اسمعیل ذو الطبع),ENT_FB370B023F,عقبر لقب ابراہم جابح اشمل,عقبر (لقب ابراہم جابح اشمل),father_of_or_lineal_parent_of,medium,SRC003,1,1,SRC003 p.1 line 1,حضرت آدم علیہ السلام ← شیث علیہ السلام ← انوش ← قینان ← مہلائیل ← یرد ← اخنوخ (حضرت ادریس علیہ السلام) ← متوشلخ ← لامک ← حضرت نوح علیہ السلام ← سام ← ارفکشاد ← شالخ ← عابر ← فالج ← رعو ← سروج ← ناحور ← تارخ (آزر) ← حضرت ابراہیم علیہ السلام ← حضرت اسمعیل علیہ السلام ← بشیرلی (لقب بیم ۔ طبع) ← سمیر (لقب بشیمین ۔ معظم فی الکل) ← حمران (لقب اسمعیل ذو الاوج) ← الدریا (لقب حجران الطعان) ← صید (لقب اسمعیل ذو الطبع) ← عقبر (لقب ابراہم جابح اشمل) ← عشی (لقب عافی عقبر ابن الجن) ← ماضی (لقب الظرب حالم النار) ← ناخش (لقب علقم) ← جام (لقب علقم) ← طائح (طاب) لقب صیقان ← یدلاف (تلاف) لقب رائمه ← بلداس (محتل) ← حرا (العوام) ← قیدار (دوباشرہ جزمی) ← عزام (عزام) ← عوض (لقب شمر منی) ← مزری (برمز) ← کی (شیبی) (لقب لجمھر) ← زارح (لقب قمر) ← ناحت ← مقصری (مقص) ← مقصری (لقب حسن ۔ زمل) ← ابہام (ایامی) (لقب دوس الفن ۔ احمل الفلق) ← اقتاد (لقب لیامہ) ← عیمر (عامر) لقب نیدوان ذوالا مد به ← ديشان (لقب ازد اریہ) ← عیضنی (لقب مافر) ← ارغہ (رومہ) (لقب عدون) ← شحن (لقب جنود) ← سنجون (تحزن) (لقب تصور) ← بشرلی (لقب بیم,urdu_left_arrow_chain,,no
EDGE_41ECC32A4B,ENT_FB370B023F,عقبر لقب ابراہم جابح اشمل,عقبر (لقب ابراہم جابح اشمل),ENT_74D7751851,عشی لقب عافی عقبر ابن الجن,عشی (لقب عافی عقبر ابن الجن),father_of_or_lineal_parent_of,medium,SRC003,1,1,SRC003 p.1 line 1,حضرت آدم علیہ السلام ← شیث علیہ السلام ← انوش ← قینان ← مہلائیل ← یرد ← اخنوخ (حضرت ادریس علیہ السلام) ← متوشلخ ← لامک ← حضرت نوح علیہ السلام ← سام ← ارفکشاد ← شالخ ← عابر ← فالج ← رعو ← سروج ← ناحور ← تارخ (آزر) ← حضرت ابراہیم علیہ السلام ← حضرت اسمعیل علیہ السلام ← بشیرلی (لقب بیم ۔ طبع) ← سمیر (لقب بشیمین ۔ معظم فی الکل) ← حمران (لقب اسمعیل ذو الاوج) ← الدریا (لقب حجران الطعان) ← صید (لقب اسمعیل ذو الطبع) ← عقبر (لقب ابراہم جابح اشمل) ← عشی (لقب عافی عقبر ابن الجن) ← ماضی (لقب الظرب حالم النار) ← ناخش (لقب علقم) ← جام (لقب علقم) ← طائح (طاب) لقب صیقان ← یدلاف (تلاف) لقب رائمه ← بلداس (محتل) ← حرا (العوام) ← قیدار (دوباشرہ جزمی) ← عزام (عزام) ← عوض (لقب شمر منی) ← مزری (برمز) ← کی (شیبی) (لقب لجمھر) ← زارح (لقب قمر) ← ناحت ← مقصری (مقص) ← مقصری (لقب حسن ۔ زمل) ← ابہام (ایامی) (لقب دوس الفن ۔ احمل الفلق) ← اقتاد (لقب لیامہ) ← عیمر (عامر) لقب نیدوان ذوالا مد به ← ديشان (لقب ازد اریہ) ← عیضنی (لقب مافر) ← ارغہ (رومہ) (لقب عدون) ← شحن (لقب جنود) ← سنجون (تحزن) (لقب تصور) ← بشرلی (لقب بیم,urdu_left_arrow_chain,,no
EDGE_33A184A70E,ENT_74D7751851,عشی لقب عافی عقبر ابن الجن,عشی (لقب عافی عقبر ابن الجن),ENT_FD1155123A,ماضی لقب الظرب حالم النار,ماضی (لقب الظرب حالم النار),father_of_or_lineal_parent_of,medium,SRC003,1,1,SRC003 p.1 line 1,حضرت آدم علیہ السلام ← شیث علیہ السلام ← انوش ← قینان ← مہلائیل ← یرد ← اخنوخ (حضرت ادریس علیہ السلام) ← متوشلخ ← لامک ← حضرت نوح علیہ السلام ← سام ← ارفکشاد ← شالخ ← عابر ← فالج ← رعو ← سروج ← ناحور ← تارخ (آزر) ← حضرت ابراہیم علیہ السلام ← حضرت اسمعیل علیہ السلام ← بشیرلی (لقب بیم ۔ طبع) ← سمیر (لقب بشیمین ۔ معظم فی الکل) ← حمران (لقب اسمعیل ذو الاوج) ← الدریا (لقب حجران الطعان) ← صید (لقب اسمعیل ذو الطبع) ← عقبر (لقب ابراہم جابح اشمل) ← عشی (لقب عافی عقبر ابن الجن) ← ماضی (لقب الظرب حالم النار) ← ناخش (لقب علقم) ← جام (لقب علقم) ← طائح (طاب) لقب صیقان ← یدلاف (تلاف) لقب رائمه ← بلداس (محتل) ← حرا (العوام) ← قیدار (دوباشرہ جزمی) ← عزام (عزام) ← عوض (لقب شمر منی) ← مزری (برمز) ← کی (شیبی) (لقب لجمھر) ← زارح (لقب قمر) ← ناحت ← مقصری (مقص) ← مقصری (لقب حسن ۔ زمل) ← ابہام (ایامی) (لقب دوس الفن ۔ احمل الفلق) ← اقتاد (لقب لیامہ) ← عیمر (عامر) لقب نیدوان ذوالا مد به ← ديشان (لقب ازد اریہ) ← عیضنی (لقب مافر) ← ارغہ (رومہ) (لقب عدون) ← شحن (لقب جنود) ← سنجون (تحزن) (لقب تصور) ← بشرلی (لقب بیم,urdu_left_arrow_chain,,no
EDGE_E2A1FCA239,ENT_FD1155123A,ماضی لقب الظرب حالم النار,ماضی (لقب الظرب حالم النار),ENT_1A9887274D,ناخش لقب علقم,ناخش (لقب علقم),father_of_or_lineal_parent_of,medium,SRC003,1,1,SRC003 p.1 line 1,حضرت آدم علیہ السلام ← شیث علیہ السلام ← انوش ← قینان ← مہلائیل ← یرد ← اخنوخ (حضرت ادریس علیہ السلام) ← متوشلخ ← لامک ← حضرت نوح علیہ السلام ← سام ← ارفکشاد ← شالخ ← عابر ← فالج ← رعو ← سروج ← ناحور ← تارخ (آزر) ← حضرت ابراہیم علیہ السلام ← حضرت اسمعیل علیہ السلام ← بشیرلی (لقب بیم ۔ طبع) ← سمیر (لقب بشیمین ۔ معظم فی الکل) ← حمران (لقب اسمعیل ذو الاوج) ← الدریا (لقب حجران الطعان) ← صید (لقب اسمعیل ذو الطبع) ← عقبر (لقب ابراہم جابح اشمل) ← عشی (لقب عافی عقبر ابن الجن) ← ماضی (لقب الظرب حالم النار) ← ناخش (لقب علقم) ← جام (لقب علقم) ← طائح (طاب) لقب صیقان ← یدلاف (تلاف) لقب رائمه ← بلداس (محتل) ← حرا (العوام) ← قیدار (دوباشرہ جزمی) ← عزام (عزام) ← عوض (لقب شمر منی) ← مزری (برمز) ← کی (شیبی) (لقب لجمھر) ← زارح (لقب قمر) ← ناحت ← مقصری (مقص) ← مقصری (لقب حسن ۔ زمل) ← ابہام (ایامی) (لقب دوس الفن ۔ احمل الفلق) ← اقتاد (لقب لیامہ) ← عیمر (عامر) لقب نیدوان ذوالا مد به ← ديشان (لقب ازد اریہ) ← عیضنی (لقب مافر) ← ارغہ (رومہ) (لقب عدون) ← شحن (لقب جنود) ← سنجون (تحزن) (لقب تصور) ← بشرلی (لقب بیم,urdu_left_arrow_chain,,no
EDGE_802B543E9E,ENT_1A9887274D,ناخش لقب علقم,ناخش (لقب علقم),ENT_C0BBF05905,جام لقب علقم,جام (لقب علقم),father_of_or_lineal_parent_of,medium,SRC003,1,1,SRC003 p.1 line 1,حضرت آدم علیہ السلام ← شیث علیہ السلام ← انوش ← قینان ← مہلائیل ← یرد ← اخنوخ (حضرت ادریس علیہ السلام) ← متوشلخ ← لامک ← حضرت نوح علیہ السلام ← سام ← ارفکشاد ← شالخ ← عابر ← فالج ← رعو ← سروج ← ناحور ← تارخ (آزر) ← حضرت ابراہیم علیہ السلام ← حضرت اسمعیل علیہ السلام ← بشیرلی (لقب بیم ۔ طبع) ← سمیر (لقب بشیمین ۔ معظم فی الکل) ← حمران (لقب اسمعیل ذو الاوج) ← الدریا (لقب حجران الطعان) ← صید (لقب اسمعیل ذو الطبع) ← عقبر (لقب ابراہم جابح اشمل) ← عشی (لقب عافی عقبر ابن الجن) ← ماضی (لقب الظرب حالم النار) ← ناخش (لقب علقم) ← جام (لقب علقم) ← طائح (طاب) لقب صیقان ← یدلاف (تلاف) لقب رائمه ← بلداس (محتل) ← حرا (العوام) ← قیدار (دوباشرہ جزمی) ← عزام (عزام) ← عوض (لقب شمر منی) ← مزری (برمز) ← کی (شیبی) (لقب لجمھر) ← زارح (لقب قمر) ← ناحت ← مقصری (مقص) ← مقصری (لقب حسن ۔ زمل) ← ابہام (ایامی) (لقب دوس الفن ۔ احمل الفلق) ← اقتاد (لقب لیامہ) ← عیمر (عامر) لقب نیدوان ذوالا مد به ← ديشان (لقب ازد اریہ) ← عیضنی (لقب مافر) ← ارغہ (رومہ) (لقب عدون) ← شحن (لقب جنود) ← سنجون (تحزن) (لقب تصور) ← بشرلی (لقب بیم,urdu_left_arrow_chain,,no
EDGE_80E634E977,ENT_C0BBF05905,جام لقب علقم,جام (لقب علقم),ENT_A23AD9928C,طايح طاب لقب صیقان,طائح (طاب) لقب صیقان,father_of_or_lineal_parent_of,medium,SRC003,1,1,SRC003 p.1 line 1,حضرت آدم علیہ السلام ← شیث علیہ السلام ← انوش ← قینان ← مہلائیل ← یرد ← اخنوخ (حضرت ادریس علیہ السلام) ← متوشلخ ← لامک ← حضرت نوح علیہ السلام ← سام ← ارفکشاد ← شالخ ← عابر ← فالج ← رعو ← سروج ← ناحور ← تارخ (آزر) ← حضرت ابراہیم علیہ السلام ← حضرت اسمعیل علیہ السلام ← بشیرلی (لقب بیم ۔ طبع) ← سمیر (لقب بشیمین ۔ معظم فی الکل) ← حمران (لقب اسمعیل ذو الاوج) ← الدریا (لقب حجران الطعان) ← صید (لقب اسمعیل ذو الطبع) ← عقبر (لقب ابراہم جابح اشمل) ← عشی (لقب عافی عقبر ابن الجن) ← ماضی (لقب الظرب حالم النار) ← ناخش (لقب علقم) ← جام (لقب علقم) ← طائح (طاب) لقب صیقان ← یدلاف (تلاف) لقب رائمه ← بلداس (محتل) ← حرا (العوام) ← قیدار (دوباشرہ جزمی) ← عزام (عزام) ← عوض (لقب شمر منی) ← مزری (برمز) ← کی (شیبی) (لقب لجمھر) ← زارح (لقب قمر) ← ناحت ← مقصری (مقص) ← مقصری (لقب حسن ۔ زمل) ← ابہام (ایامی) (لقب دوس الفن ۔ احمل الفلق) ← اقتاد (لقب لیامہ) ← عیمر (عامر) لقب نیدوان ذوالا مد به ← ديشان (لقب ازد اریہ) ← عیضنی (لقب مافر) ← ارغہ (رومہ) (لقب عدون) ← شحن (لقب جنود) ← سنجون (تحزن) (لقب تصور) ← بشرلی (لقب بیم,urdu_left_arrow_chain,,no
EDGE_AD72C15034,ENT_A23AD9928C,طايح طاب لقب صیقان,طائح (طاب) لقب صیقان,ENT_E6851D93F0,یدلاف تلاف لقب رايمه,یدلاف (تلاف) لقب رائمه,father_of_or_lineal_parent_of,medium,SRC003,1,1,SRC003 p.1 line 1,حضرت آدم علیہ السلام ← شیث علیہ السلام ← انوش ← قینان ← مہلائیل ← یرد ← اخنوخ (حضرت ادریس علیہ السلام) ← متوشلخ ← لامک ← حضرت نوح علیہ السلام ← سام ← ارفکشاد ← شالخ ← عابر ← فالج ← رعو ← سروج ← ناحور ← تارخ (آزر) ← حضرت ابراہیم علیہ السلام ← حضرت اسمعیل علیہ السلام ← بشیرلی (لقب بیم ۔ طبع) ← سمیر (لقب بشیمین ۔ معظم فی الکل) ← حمران (لقب اسمعیل ذو الاوج) ← الدریا (لقب حجران الطعان) ← صید (لقب اسمعیل ذو الطبع) ← عقبر (لقب ابراہم جابح اشمل) ← عشی (لقب عافی عقبر ابن الجن) ← ماضی (لقب الظرب حالم النار) ← ناخش (لقب علقم) ← جام (لقب علقم) ← طائح (طاب) لقب صیقان ← یدلاف (تلاف) لقب رائمه ← بلداس (محتل) ← حرا (العوام) ← قیدار (دوباشرہ جزمی) ← عزام (عزام) ← عوض (لقب شمر منی) ← مزری (برمز) ← کی (شیبی) (لقب لجمھر) ← زارح (لقب قمر) ← ناحت ← مقصری (مقص) ← مقصری (لقب حسن ۔ زمل) ← ابہام (ایامی) (لقب دوس الفن ۔ احمل الفلق) ← اقتاد (لقب لیامہ) ← عیمر (عامر) لقب نیدوان ذوالا مد به ← ديشان (لقب ازد اریہ) ← عیضنی (لقب مافر) ← ارغہ (رومہ) (لقب عدون) ← شحن (لقب جنود) ← سنجون (تحزن) (لقب تصور) ← بشرلی (لقب بیم,urdu_left_arrow_chain,,no
EDGE_C40DAF116B,ENT_E6851D93F0,یدلاف تلاف لقب رايمه,یدلاف (تلاف) لقب رائمه,ENT_1CD9C2F9C2,بلداس محتل,بلداس (محتل),father_of_or_lineal_parent_of,medium,SRC003,1,1,SRC003 p.1 line 1,حضرت آدم علیہ السلام ← شیث علیہ السلام ← انوش ← قینان ← مہلائیل ← یرد ← اخنوخ (حضرت ادریس علیہ السلام) ← متوشلخ ← لامک ← حضرت نوح علیہ السلام ← سام ← ارفکشاد ← شالخ ← عابر ← فالج ← رعو ← سروج ← ناحور ← تارخ (آزر) ← حضرت ابراہیم علیہ السلام ← حضرت اسمعیل علیہ السلام ← بشیرلی (لقب بیم ۔ طبع) ← سمیر (لقب بشیمین ۔ معظم فی الکل) ← حمران (لقب اسمعیل ذو الاوج) ← الدریا (لقب حجران الطعان) ← صید (لقب اسمعیل ذو الطبع) ← عقبر (لقب ابراہم جابح اشمل) ← عشی (لقب عافی عقبر ابن الجن) ← ماضی (لقب الظرب حالم النار) ← ناخش (لقب علقم) ← جام (لقب علقم) ← طائح (طاب) لقب صیقان ← یدلاف (تلاف) لقب رائمه ← بلداس (محتل) ← حرا (العوام) ← قیدار (دوباشرہ جزمی) ← عزام (عزام) ← عوض (لقب شمر منی) ← مزری (برمز) ← کی (شیبی) (لقب لجمھر) ← زارح (لقب قمر) ← ناحت ← مقصری (مقص) ← مقصری (لقب حسن ۔ زمل) ← ابہام (ایامی) (لقب دوس الفن ۔ احمل الفلق) ← اقتاد (لقب لیامہ) ← عیمر (عامر) لقب نیدوان ذوالا مد به ← ديشان (لقب ازد اریہ) ← عیضنی (لقب مافر) ← ارغہ (رومہ) (لقب عدون) ← شحن (لقب جنود) ← سنجون (تحزن) (لقب تصور) ← بشرلی (لقب بیم,urdu_left_arrow_chain,,no
EDGE_9B8614A328,ENT_1CD9C2F9C2,بلداس محتل,بلداس (محتل),ENT_45866297C6,حرا العوام,حرا (العوام),father_of_or_lineal_parent_of,medium,SRC003,1,1,SRC003 p.1 line 1,حضرت آدم علیہ السلام ← شیث علیہ السلام ← انوش ← قینان ← مہلائیل ← یرد ← اخنوخ (حضرت ادریس علیہ السلام) ← متوشلخ ← لامک ← حضرت نوح علیہ السلام ← سام ← ارفکشاد ← شالخ ← عابر ← فالج ← رعو ← سروج ← ناحور ← تارخ (آزر) ← حضرت ابراہیم علیہ السلام ← حضرت اسمعیل علیہ السلام ← بشیرلی (لقب بیم ۔ طبع) ← سمیر (لقب بشیمین ۔ معظم فی الکل) ← حمران (لقب اسمعیل ذو الاوج) ← الدریا (لقب حجران الطعان) ← صید (لقب اسمعیل ذو الطبع) ← عقبر (لقب ابراہم جابح اشمل) ← عشی (لقب عافی عقبر ابن الجن) ← ماضی (لقب الظرب حالم النار) ← ناخش (لقب علقم) ← جام (لقب علقم) ← طائح (طاب) لقب صیقان ← یدلاف (تلاف) لقب رائمه ← بلداس (محتل) ← حرا (العوام) ← قیدار (دوباشرہ جزمی) ← عزام (عزام) ← عوض (لقب شمر منی) ← مزری (برمز) ← کی (شیبی) (لقب لجمھر) ← زارح (لقب قمر) ← ناحت ← مقصری (مقص) ← مقصری (لقب حسن ۔ زمل) ← ابہام (ایامی) (لقب دوس الفن ۔ احمل الفلق) ← اقتاد (لقب لیامہ) ← عیمر (عامر) لقب نیدوان ذوالا مد به ← ديشان (لقب ازد اریہ) ← عیضنی (لقب مافر) ← ارغہ (رومہ) (لقب عدون) ← شحن (لقب جنود) ← سنجون (تحزن) (لقب تصور) ← بشرلی (لقب بیم,urdu_left_arrow_chain,,no
EDGE_3EB3A2A0A4,ENT_45866297C6,حرا العوام,حرا (العوام),ENT_3DE32BF49E,قیدار دوباشرہ جزمی,قیدار (دوباشرہ جزمی),father_of_or_lineal_parent_of,medium,SRC003,1,1,SRC003 p.1 line 1,حضرت آدم علیہ السلام ← شیث علیہ السلام ← انوش ← قینان ← مہلائیل ← یرد ← اخنوخ (حضرت ادریس علیہ السلام) ← متوشلخ ← لامک ← حضرت نوح علیہ السلام ← سام ← ارفکشاد ← شالخ ← عابر ← فالج ← رعو ← سروج ← ناحور ← تارخ (آزر) ← حضرت ابراہیم علیہ السلام ← حضرت اسمعیل علیہ السلام ← بشیرلی (لقب بیم ۔ طبع) ← سمیر (لقب بشیمین ۔ معظم فی الکل) ← حمران (لقب اسمعیل ذو الاوج) ← الدریا (لقب حجران الطعان) ← صید (لقب اسمعیل ذو الطبع) ← عقبر (لقب ابراہم جابح اشمل) ← عشی (لقب عافی عقبر ابن الجن) ← ماضی (لقب الظرب حالم النار) ← ناخش (لقب علقم) ← جام (لقب علقم) ← طائح (طاب) لقب صیقان ← یدلاف (تلاف) لقب رائمه ← بلداس (محتل) ← حرا (العوام) ← قیدار (دوباشرہ جزمی) ← عزام (عزام) ← عوض (لقب شمر منی) ← مزری (برمز) ← کی (شیبی) (لقب لجمھر) ← زارح (لقب قمر) ← ناحت ← مقصری (مقص) ← مقصری (لقب حسن ۔ زمل) ← ابہام (ایامی) (لقب دوس الفن ۔ احمل الفلق) ← اقتاد (لقب لیامہ) ← عیمر (عامر) لقب نیدوان ذوالا مد به ← ديشان (لقب ازد اریہ) ← عیضنی (لقب مافر) ← ارغہ (رومہ) (لقب عدون) ← شحن (لقب جنود) ← سنجون (تحزن) (لقب تصور) ← بشرلی (لقب بیم,urdu_left_arrow_chain,,no
EDGE_736004471C,ENT_3DE32BF49E,قیدار دوباشرہ جزمی,قیدار (دوباشرہ جزمی),ENT_D9F0028527,عزام عزام,عزام (عزام),father_of_or_lineal_parent_of,medium,SRC003,1,1,SRC003 p.1 line 1,حضرت آدم علیہ السلام ← شیث علیہ السلام ← انوش ← قینان ← مہلائیل ← یرد ← اخنوخ (حضرت ادریس علیہ السلام) ← متوشلخ ← لامک ← حضرت نوح علیہ السلام ← سام ← ارفکشاد ← شالخ ← عابر ← فالج ← رعو ← سروج ← ناحور ← تارخ (آزر) ← حضرت ابراہیم علیہ السلام ← حضرت اسمعیل علیہ السلام ← بشیرلی (لقب بیم ۔ طبع) ← سمیر (لقب بشیمین ۔ معظم فی الکل) ← حمران (لقب اسمعیل ذو الاوج) ← الدریا (لقب حجران الطعان) ← صید (لقب اسمعیل ذو الطبع) ← عقبر (لقب ابراہم جابح اشمل) ← عشی (لقب عافی عقبر ابن الجن) ← ماضی (لقب الظرب حالم النار) ← ناخش (لقب علقم) ← جام (لقب علقم) ← طائح (طاب) لقب صیقان ← یدلاف (تلاف) لقب رائمه ← بلداس (محتل) ← حرا (العوام) ← قیدار (دوباشرہ جزمی) ← عزام (عزام) ← عوض (لقب شمر منی) ← مزری (برمز) ← کی (شیبی) (لقب لجمھر) ← زارح (لقب قمر) ← ناحت ← مقصری (مقص) ← مقصری (لقب حسن ۔ زمل) ← ابہام (ایامی) (لقب دوس الفن ۔ احمل الفلق) ← اقتاد (لقب لیامہ) ← عیمر (عامر) لقب نیدوان ذوالا مد به ← ديشان (لقب ازد اریہ) ← عیضنی (لقب مافر) ← ارغہ (رومہ) (لقب عدون) ← شحن (لقب جنود) ← سنجون (تحزن) (لقب تصور) ← بشرلی (لقب بیم,urdu_left_arrow_chain,,no
EDGE_321ED5A54C,ENT_D9F0028527,عزام عزام,عزام (عزام),ENT_B8F0AE0535,عوض لقب شمر منی,عوض (لقب شمر منی),father_of_or_lineal_parent_of,medium,SRC003,1,1,SRC003 p.1 line 1,حضرت آدم علیہ السلام ← شیث علیہ السلام ← انوش ← قینان ← مہلائیل ← یرد ← اخنوخ (حضرت ادریس علیہ السلام) ← متوشلخ ← لامک ← حضرت نوح علیہ السلام ← سام ← ارفکشاد ← شالخ ← عابر ← فالج ← رعو ← سروج ← ناحور ← تارخ (آزر) ← حضرت ابراہیم علیہ السلام ← حضرت اسمعیل علیہ السلام ← بشیرلی (لقب بیم ۔ طبع) ← سمیر (لقب بشیمین ۔ معظم فی الکل) ← حمران (لقب اسمعیل ذو الاوج) ← الدریا (لقب حجران الطعان) ← صید (لقب اسمعیل ذو الطبع) ← عقبر (لقب ابراہم جابح اشمل) ← عشی (لقب عافی عقبر ابن الجن) ← ماضی (لقب الظرب حالم النار) ← ناخش (لقب علقم) ← جام (لقب علقم) ← طائح (طاب) لقب صیقان ← یدلاف (تلاف) لقب رائمه ← بلداس (محتل) ← حرا (العوام) ← قیدار (دوباشرہ جزمی) ← عزام (عزام) ← عوض (لقب شمر منی) ← مزری (برمز) ← کی (شیبی) (لقب لجمھر) ← زارح (لقب قمر) ← ناحت ← مقصری (مقص) ← مقصری (لقب حسن ۔ زمل) ← ابہام (ایامی) (لقب دوس الفن ۔ احمل الفلق) ← اقتاد (لقب لیامہ) ← عیمر (عامر) لقب نیدوان ذوالا مد به ← ديشان (لقب ازد اریہ) ← عیضنی (لقب مافر) ← ارغہ (رومہ) (لقب عدون) ← شحن (لقب جنود) ← سنجون (تحزن) (لقب تصور) ← بشرلی (لقب بیم,urdu_left_arrow_chain,,no
EDGE_44B6AF7774,ENT_B8F0AE0535,عوض لقب شمر منی,عوض (لقب شمر منی),ENT_2A01406F8C,مزری برمز,مزری (برمز),father_of_or_lineal_parent_of,medium,SRC003,1,1,SRC003 p.1 line 1,حضرت آدم علیہ السلام ← شیث علیہ السلام ← انوش ← قینان ← مہلائیل ← یرد ← اخنوخ (حضرت ادریس علیہ السلام) ← متوشلخ ← لامک ← حضرت نوح علیہ السلام ← سام ← ارفکشاد ← شالخ ← عابر ← فالج ← رعو ← سروج ← ناحور ← تارخ (آزر) ← حضرت ابراہیم علیہ السلام ← حضرت اسمعیل علیہ السلام ← بشیرلی (لقب بیم ۔ طبع) ← سمیر (لقب بشیمین ۔ معظم فی الکل) ← حمران (لقب اسمعیل ذو الاوج) ← الدریا (لقب حجران الطعان) ← صید (لقب اسمعیل ذو الطبع) ← عقبر (لقب ابراہم جابح اشمل) ← عشی (لقب عافی عقبر ابن الجن) ← ماضی (لقب الظرب حالم النار) ← ناخش (لقب علقم) ← جام (لقب علقم) ← طائح (طاب) لقب صیقان ← یدلاف (تلاف) لقب رائمه ← بلداس (محتل) ← حرا (العوام) ← قیدار (دوباشرہ جزمی) ← عزام (عزام) ← عوض (لقب شمر منی) ← مزری (برمز) ← کی (شیبی) (لقب لجمھر) ← زارح (لقب قمر) ← ناحت ← مقصری (مقص) ← مقصری (لقب حسن ۔ زمل) ← ابہام (ایامی) (لقب دوس الفن ۔ احمل الفلق) ← اقتاد (لقب لیامہ) ← عیمر (عامر) لقب نیدوان ذوالا مد به ← ديشان (لقب ازد اریہ) ← عیضنی (لقب مافر) ← ارغہ (رومہ) (لقب عدون) ← شحن (لقب جنود) ← سنجون (تحزن) (لقب تصور) ← بشرلی (لقب بیم,urdu_left_arrow_chain,,no
EDGE_0C041804F7,ENT_2A01406F8C,مزری برمز,مزری (برمز),ENT_C2C019B6DB,کی شیبی لقب لجمھر,کی (شیبی) (لقب لجمھر),father_of_or_lineal_parent_of,medium,SRC003,1,1,SRC003 p.1 line 1,حضرت آدم علیہ السلام ← شیث علیہ السلام ← انوش ← قینان ← مہلائیل ← یرد ← اخنوخ (حضرت ادریس علیہ السلام) ← متوشلخ ← لامک ← حضرت نوح علیہ السلام ← سام ← ارفکشاد ← شالخ ← عابر ← فالج ← رعو ← سروج ← ناحور ← تارخ (آزر) ← حضرت ابراہیم علیہ السلام ← حضرت اسمعیل علیہ السلام ← بشیرلی (لقب بیم ۔ طبع) ← سمیر (لقب بشیمین ۔ معظم فی الکل) ← حمران (لقب اسمعیل ذو الاوج) ← الدریا (لقب حجران الطعان) ← صید (لقب اسمعیل ذو الطبع) ← عقبر (لقب ابراہم جابح اشمل) ← عشی (لقب عافی عقبر ابن الجن) ← ماضی (لقب الظرب حالم النار) ← ناخش (لقب علقم) ← جام (لقب علقم) ← طائح (طاب) لقب صیقان ← یدلاف (تلاف) لقب رائمه ← بلداس (محتل) ← حرا (العوام) ← قیدار (دوباشرہ جزمی) ← عزام (عزام) ← عوض (لقب شمر منی) ← مزری (برمز) ← کی (شیبی) (لقب لجمھر) ← زارح (لقب قمر) ← ناحت ← مقصری (مقص) ← مقصری (لقب حسن ۔ زمل) ← ابہام (ایامی) (لقب دوس الفن ۔ احمل الفلق) ← اقتاد (لقب لیامہ) ← عیمر (عامر) لقب نیدوان ذوالا مد به ← ديشان (لقب ازد اریہ) ← عیضنی (لقب مافر) ← ارغہ (رومہ) (لقب عدون) ← شحن (لقب جنود) ← سنجون (تحزن) (لقب تصور) ← بشرلی (لقب بیم,urdu_left_arrow_chain,,no
EDGE_1FA4D3E7C5,ENT_C2C019B6DB,کی شیبی لقب لجمھر,کی (شیبی) (لقب لجمھر),ENT_26EA3EA0FD,زارح لقب قمر,زارح (لقب قمر),father_of_or_lineal_parent_of,medium,SRC003,1,1,SRC003 p.1 line 1,حضرت آدم علیہ السلام ← شیث علیہ السلام ← انوش ← قینان ← مہلائیل ← یرد ← اخنوخ (حضرت ادریس علیہ السلام) ← متوشلخ ← لامک ← حضرت نوح علیہ السلام ← سام ← ارفکشاد ← شالخ ← عابر ← فالج ← رعو ← سروج ← ناحور ← تارخ (آزر) ← حضرت ابراہیم علیہ السلام ← حضرت اسمعیل علیہ السلام ← بشیرلی (لقب بیم ۔ طبع) ← سمیر (لقب بشیمین ۔ معظم فی الکل) ← حمران (لقب اسمعیل ذو الاوج) ← الدریا (لقب حجران الطعان) ← صید (لقب اسمعیل ذو الطبع) ← عقبر (لقب ابراہم جابح اشمل) ← عشی (لقب عافی عقبر ابن الجن) ← ماضی (لقب الظرب حالم النار) ← ناخش (لقب علقم) ← جام (لقب علقم) ← طائح (طاب) لقب صیقان ← یدلاف (تلاف) لقب رائمه ← بلداس (محتل) ← حرا (العوام) ← قیدار (دوباشرہ جزمی) ← عزام (عزام) ← عوض (لقب شمر منی) ← مزری (برمز) ← کی (شیبی) (لقب لجمھر) ← زارح (لقب قمر) ← ناحت ← مقصری (مقص) ← مقصری (لقب حسن ۔ زمل) ← ابہام (ایامی) (لقب دوس الفن ۔ احمل الفلق) ← اقتاد (لقب لیامہ) ← عیمر (عامر) لقب نیدوان ذوالا مد به ← ديشان (لقب ازد اریہ) ← عیضنی (لقب مافر) ← ارغہ (رومہ) (لقب عدون) ← شحن (لقب جنود) ← سنجون (تحزن) (لقب تصور) ← بشرلی (لقب بیم,urdu_left_arrow_chain,,no
EDGE_AFC155A835,ENT_26EA3EA0FD,زارح لقب قمر,زارح (لقب قمر),ENT_127B9C426B,ناحت,ناحت,father_of_or_lineal_parent_of,medium,SRC003,1,1,SRC003 p.1 line 1,حضرت آدم علیہ السلام ← شیث علیہ السلام ← انوش ← قینان ← مہلائیل ← یرد ← اخنوخ (حضرت ادریس علیہ السلام) ← متوشلخ ← لامک ← حضرت نوح علیہ السلام ← سام ← ارفکشاد ← شالخ ← عابر ← فالج ← رعو ← سروج ← ناحور ← تارخ (آزر) ← حضرت ابراہیم علیہ السلام ← حضرت اسمعیل علیہ السلام ← بشیرلی (لقب بیم ۔ طبع) ← سمیر (لقب بشیمین ۔ معظم فی الکل) ← حمران (لقب اسمعیل ذو الاوج) ← الدریا (لقب حجران الطعان) ← صید (لقب اسمعیل ذو الطبع) ← عقبر (لقب ابراہم جابح اشمل) ← عشی (لقب عافی عقبر ابن الجن) ← ماضی (لقب الظرب حالم النار) ← ناخش (لقب علقم) ← جام (لقب علقم) ← طائح (طاب) لقب صیقان ← یدلاف (تلاف) لقب رائمه ← بلداس (محتل) ← حرا (العوام) ← قیدار (دوباشرہ جزمی) ← عزام (عزام) ← عوض (لقب شمر منی) ← مزری (برمز) ← کی (شیبی) (لقب لجمھر) ← زارح (لقب قمر) ← ناحت ← مقصری (مقص) ← مقصری (لقب حسن ۔ زمل) ← ابہام (ایامی) (لقب دوس الفن ۔ احمل الفلق) ← اقتاد (لقب لیامہ) ← عیمر (عامر) لقب نیدوان ذوالا مد به ← ديشان (لقب ازد اریہ) ← عیضنی (لقب مافر) ← ارغہ (رومہ) (لقب عدون) ← شحن (لقب جنود) ← سنجون (تحزن) (لقب تصور) ← بشرلی (لقب بیم,urdu_left_arrow_chain,,no
EDGE_806FFAE877,ENT_127B9C426B,ناحت,ناحت,ENT_DEF627BEDF,مقصری مقص,مقصری (مقص),father_of_or_lineal_parent_of,medium,SRC003,1,1,SRC003 p.1 line 1,حضرت آدم علیہ السلام ← شیث علیہ السلام ← انوش ← قینان ← مہلائیل ← یرد ← اخنوخ (حضرت ادریس علیہ السلام) ← متوشلخ ← لامک ← حضرت نوح علیہ السلام ← سام ← ارفکشاد ← شالخ ← عابر ← فالج ← رعو ← سروج ← ناحور ← تارخ (آزر) ← حضرت ابراہیم علیہ السلام ← حضرت اسمعیل علیہ السلام ← بشیرلی (لقب بیم ۔ طبع) ← سمیر (لقب بشیمین ۔ معظم فی الکل) ← حمران (لقب اسمعیل ذو الاوج) ← الدریا (لقب حجران الطعان) ← صید (لقب اسمعیل ذو الطبع) ← عقبر (لقب ابراہم جابح اشمل) ← عشی (لقب عافی عقبر ابن الجن) ← ماضی (لقب الظرب حالم النار) ← ناخش (لقب علقم) ← جام (لقب علقم) ← طائح (طاب) لقب صیقان ← یدلاف (تلاف) لقب رائمه ← بلداس (محتل) ← حرا (العوام) ← قیدار (دوباشرہ جزمی) ← عزام (عزام) ← عوض (لقب شمر منی) ← مزری (برمز) ← کی (شیبی) (لقب لجمھر) ← زارح (لقب قمر) ← ناحت ← مقصری (مقص) ← مقصری (لقب حسن ۔ زمل) ← ابہام (ایامی) (لقب دوس الفن ۔ احمل الفلق) ← اقتاد (لقب لیامہ) ← عیمر (عامر) لقب نیدوان ذوالا مد به ← ديشان (لقب ازد اریہ) ← عیضنی (لقب مافر) ← ارغہ (رومہ) (لقب عدون) ← شحن (لقب جنود) ← سنجون (تحزن) (لقب تصور) ← بشرلی (لقب بیم,urdu_left_arrow_chain,,no
EDGE_FCF6C2F4F2,ENT_DEF627BEDF,مقصری مقص,مقصری (مقص),ENT_9715AA24A8,مقصری لقب حسن ۔ زمل,مقصری (لقب حسن ۔ زمل),father_of_or_lineal_parent_of,medium,SRC003,1,1,SRC003 p.1 line 1,حضرت آدم علیہ السلام ← شیث علیہ السلام ← انوش ← قینان ← مہلائیل ← یرد ← اخنوخ (حضرت ادریس علیہ السلام) ← متوشلخ ← لامک ← حضرت نوح علیہ السلام ← سام ← ارفکشاد ← شالخ ← عابر ← فالج ← رعو ← سروج ← ناحور ← تارخ (آزر) ← حضرت ابراہیم علیہ السلام ← حضرت اسمعیل علیہ السلام ← بشیرلی (لقب بیم ۔ طبع) ← سمیر (لقب بشیمین ۔ معظم فی الکل) ← حمران (لقب اسمعیل ذو الاوج) ← الدریا (لقب حجران الطعان) ← صید (لقب اسمعیل ذو الطبع) ← عقبر (لقب ابراہم جابح اشمل) ← عشی (لقب عافی عقبر ابن الجن) ← ماضی (لقب الظرب حالم النار) ← ناخش (لقب علقم) ← جام (لقب علقم) ← طائح (طاب) لقب صیقان ← یدلاف (تلاف) لقب رائمه ← بلداس (محتل) ← حرا (العوام) ← قیدار (دوباشرہ جزمی) ← عزام (عزام) ← عوض (لقب شمر منی) ← مزری (برمز) ← کی (شیبی) (لقب لجمھر) ← زارح (لقب قمر) ← ناحت ← مقصری (مقص) ← مقصری (لقب حسن ۔ زمل) ← ابہام (ایامی) (لقب دوس الفن ۔ احمل الفلق) ← اقتاد (لقب لیامہ) ← عیمر (عامر) لقب نیدوان ذوالا مد به ← ديشان (لقب ازد اریہ) ← عیضنی (لقب مافر) ← ارغہ (رومہ) (لقب عدون) ← شحن (لقب جنود) ← سنجون (تحزن) (لقب تصور) ← بشرلی (لقب بیم,urdu_left_arrow_chain,,no
EDGE_2FF934F385,ENT_9715AA24A8,مقصری لقب حسن ۔ زمل,مقصری (لقب حسن ۔ زمل),ENT_54DF1BDA71,ابہام ایامی لقب دوس الفن ۔ احمل الفلق,ابہام (ایامی) (لقب دوس الفن ۔ احمل الفلق),father_of_or_lineal_parent_of,medium,SRC003,1,1,SRC003 p.1 line 1,حضرت آدم علیہ السلام ← شیث علیہ السلام ← انوش ← قینان ← مہلائیل ← یرد ← اخنوخ (حضرت ادریس علیہ السلام) ← متوشلخ ← لامک ← حضرت نوح علیہ السلام ← سام ← ارفکشاد ← شالخ ← عابر ← فالج ← رعو ← سروج ← ناحور ← تارخ (آزر) ← حضرت ابراہیم علیہ السلام ← حضرت اسمعیل علیہ السلام ← بشیرلی (لقب بیم ۔ طبع) ← سمیر (لقب بشیمین ۔ معظم فی الکل) ← حمران (لقب اسمعیل ذو الاوج) ← الدریا (لقب حجران الطعان) ← صید (لقب اسمعیل ذو الطبع) ← عقبر (لقب ابراہم جابح اشمل) ← عشی (لقب عافی عقبر ابن الجن) ← ماضی (لقب الظرب حالم النار) ← ناخش (لقب علقم) ← جام (لقب علقم) ← طائح (طاب) لقب صیقان ← یدلاف (تلاف) لقب رائمه ← بلداس (محتل) ← حرا (العوام) ← قیدار (دوباشرہ جزمی) ← عزام (عزام) ← عوض (لقب شمر منی) ← مزری (برمز) ← کی (شیبی) (لقب لجمھر) ← زارح (لقب قمر) ← ناحت ← مقصری (مقص) ← مقصری (لقب حسن ۔ زمل) ← ابہام (ایامی) (لقب دوس الفن ۔ احمل الفلق) ← اقتاد (لقب لیامہ) ← عیمر (عامر) لقب نیدوان ذوالا مد به ← ديشان (لقب ازد اریہ) ← عیضنی (لقب مافر) ← ارغہ (رومہ) (لقب عدون) ← شحن (لقب جنود) ← سنجون (تحزن) (لقب تصور) ← بشرلی (لقب بیم,urdu_left_arrow_chain,,no
EDGE_83FB427BCD,ENT_54DF1BDA71,ابہام ایامی لقب دوس الفن ۔ احمل الفلق,ابہام (ایامی) (لقب دوس الفن ۔ احمل الفلق),ENT_D5AA97C82F,اقتاد لقب لیامہ,اقتاد (لقب لیامہ),father_of_or_lineal_parent_of,medium,SRC003,1,1,SRC003 p.1 line 1,حضرت آدم علیہ السلام ← شیث علیہ السلام ← انوش ← قینان ← مہلائیل ← یرد ← اخنوخ (حضرت ادریس علیہ السلام) ← متوشلخ ← لامک ← حضرت نوح علیہ السلام ← سام ← ارفکشاد ← شالخ ← عابر ← فالج ← رعو ← سروج ← ناحور ← تارخ (آزر) ← حضرت ابراہیم علیہ السلام ← حضرت اسمعیل علیہ السلام ← بشیرلی (لقب بیم ۔ طبع) ← سمیر (لقب بشیمین ۔ معظم فی الکل) ← حمران (لقب اسمعیل ذو الاوج) ← الدریا (لقب حجران الطعان) ← صید (لقب اسمعیل ذو الطبع) ← عقبر (لقب ابراہم جابح اشمل) ← عشی (لقب عافی عقبر ابن الجن) ← ماضی (لقب الظرب حالم النار) ← ناخش (لقب علقم) ← جام (لقب علقم) ← طائح (طاب) لقب صیقان ← یدلاف (تلاف) لقب رائمه ← بلداس (محتل) ← حرا (العوام) ← قیدار (دوباشرہ جزمی) ← عزام (عزام) ← عوض (لقب شمر منی) ← مزری (برمز) ← کی (شیبی) (لقب لجمھر) ← زارح (لقب قمر) ← ناحت ← مقصری (مقص) ← مقصری (لقب حسن ۔ زمل) ← ابہام (ایامی) (لقب دوس الفن ۔ احمل الفلق) ← اقتاد (لقب لیامہ) ← عیمر (عامر) لقب نیدوان ذوالا مد به ← ديشان (لقب ازد اریہ) ← عیضنی (لقب مافر) ← ارغہ (رومہ) (لقب عدون) ← شحن (لقب جنود) ← سنجون (تحزن) (لقب تصور) ← بشرلی (لقب بیم,urdu_left_arrow_chain,,no
EDGE_B1FF49B1CD,ENT_D5AA97C82F,اقتاد لقب لیامہ,اقتاد (لقب لیامہ),ENT_DEA0785699,عیمر عامر لقب نیدوان ذوالا مد به,عیمر (عامر) لقب نیدوان ذوالا مد به,father_of_or_lineal_parent_of,medium,SRC003,1,1,SRC003 p.1 line 1,حضرت آدم علیہ السلام ← شیث علیہ السلام ← انوش ← قینان ← مہلائیل ← یرد ← اخنوخ (حضرت ادریس علیہ السلام) ← متوشلخ ← لامک ← حضرت نوح علیہ السلام ← سام ← ارفکشاد ← شالخ ← عابر ← فالج ← رعو ← سروج ← ناحور ← تارخ (آزر) ← حضرت ابراہیم علیہ السلام ← حضرت اسمعیل علیہ السلام ← بشیرلی (لقب بیم ۔ طبع) ← سمیر (لقب بشیمین ۔ معظم فی الکل) ← حمران (لقب اسمعیل ذو الاوج) ← الدریا (لقب حجران الطعان) ← صید (لقب اسمعیل ذو الطبع) ← عقبر (لقب ابراہم جابح اشمل) ← عشی (لقب عافی عقبر ابن الجن) ← ماضی (لقب الظرب حالم النار) ← ناخش (لقب علقم) ← جام (لقب علقم) ← طائح (طاب) لقب صیقان ← یدلاف (تلاف) لقب رائمه ← بلداس (محتل) ← حرا (العوام) ← قیدار (دوباشرہ جزمی) ← عزام (عزام) ← عوض (لقب شمر منی) ← مزری (برمز) ← کی (شیبی) (لقب لجمھر) ← زارح (لقب قمر) ← ناحت ← مقصری (مقص) ← مقصری (لقب حسن ۔ زمل) ← ابہام (ایامی) (لقب دوس الفن ۔ احمل الفلق) ← اقتاد (لقب لیامہ) ← عیمر (عامر) لقب نیدوان ذوالا مد به ← ديشان (لقب ازد اریہ) ← عیضنی (لقب مافر) ← ارغہ (رومہ) (لقب عدون) ← شحن (لقب جنود) ← سنجون (تحزن) (لقب تصور) ← بشرلی (لقب بیم,urdu_left_arrow_chain,,no
EDGE_F1B0051367,ENT_DEA0785699,عیمر عامر لقب نیدوان ذوالا مد به,عیمر (عامر) لقب نیدوان ذوالا مد به,ENT_6352187CDF,ديشان لقب ازد اریہ,ديشان (لقب ازد اریہ),father_of_or_lineal_parent_of,medium,SRC003,1,1,SRC003 p.1 line 1,حضرت آدم علیہ السلام ← شیث علیہ السلام ← انوش ← قینان ← مہلائیل ← یرد ← اخنوخ (حضرت ادریس علیہ السلام) ← متوشلخ ← لامک ← حضرت نوح علیہ السلام ← سام ← ارفکشاد ← شالخ ← عابر ← فالج ← رعو ← سروج ← ناحور ← تارخ (آزر) ← حضرت ابراہیم علیہ السلام ← حضرت اسمعیل علیہ السلام ← بشیرلی (لقب بیم ۔ طبع) ← سمیر (لقب بشیمین ۔ معظم فی الکل) ← حمران (لقب اسمعیل ذو الاوج) ← الدریا (لقب حجران الطعان) ← صید (لقب اسمعیل ذو الطبع) ← عقبر (لقب ابراہم جابح اشمل) ← عشی (لقب عافی عقبر ابن الجن) ← ماضی (لقب الظرب حالم النار) ← ناخش (لقب علقم) ← جام (لقب علقم) ← طائح (طاب) لقب صیقان ← یدلاف (تلاف) لقب رائمه ← بلداس (محتل) ← حرا (العوام) ← قیدار (دوباشرہ جزمی) ← عزام (عزام) ← عوض (لقب شمر منی) ← مزری (برمز) ← کی (شیبی) (لقب لجمھر) ← زارح (لقب قمر) ← ناحت ← مقصری (مقص) ← مقصری (لقب حسن ۔ زمل) ← ابہام (ایامی) (لقب دوس الفن ۔ احمل الفلق) ← اقتاد (لقب لیامہ) ← عیمر (عامر) لقب نیدوان ذوالا مد به ← ديشان (لقب ازد اریہ) ← عیضنی (لقب مافر) ← ارغہ (رومہ) (لقب عدون) ← شحن (لقب جنود) ← سنجون (تحزن) (لقب تصور) ← بشرلی (لقب بیم,urdu_left_arrow_chain,,no
EDGE_FEE3B6751F,ENT_6352187CDF,ديشان لقب ازد اریہ,ديشان (لقب ازد اریہ),ENT_B41238F2D1,عیضنی لقب مافر,عیضنی (لقب مافر),father_of_or_lineal_parent_of,medium,SRC003,1,1,SRC003 p.1 line 1,حضرت آدم علیہ السلام ← شیث علیہ السلام ← انوش ← قینان ← مہلائیل ← یرد ← اخنوخ (حضرت ادریس علیہ السلام) ← متوشلخ ← لامک ← حضرت نوح علیہ السلام ← سام ← ارفکشاد ← شالخ ← عابر ← فالج ← رعو ← سروج ← ناحور ← تارخ (آزر) ← حضرت ابراہیم علیہ السلام ← حضرت اسمعیل علیہ السلام ← بشیرلی (لقب بیم ۔ طبع) ← سمیر (لقب بشیمین ۔ معظم فی الکل) ← حمران (لقب اسمعیل ذو الاوج) ← الدریا (لقب حجران الطعان) ← صید (لقب اسمعیل ذو الطبع) ← عقبر (لقب ابراہم جابح اشمل) ← عشی (لقب عافی عقبر ابن الجن) ← ماضی (لقب الظرب حالم النار) ← ناخش (لقب علقم) ← جام (لقب علقم) ← طائح (طاب) لقب صیقان ← یدلاف (تلاف) لقب رائمه ← بلداس (محتل) ← حرا (العوام) ← قیدار (دوباشرہ جزمی) ← عزام (عزام) ← عوض (لقب شمر منی) ← مزری (برمز) ← کی (شیبی) (لقب لجمھر) ← زارح (لقب قمر) ← ناحت ← مقصری (مقص) ← مقصری (لقب حسن ۔ زمل) ← ابہام (ایامی) (لقب دوس الفن ۔ احمل الفلق) ← اقتاد (لقب لیامہ) ← عیمر (عامر) لقب نیدوان ذوالا مد به ← ديشان (لقب ازد اریہ) ← عیضنی (لقب مافر) ← ارغہ (رومہ) (لقب عدون) ← شحن (لقب جنود) ← سنجون (تحزن) (لقب تصور) ← بشرلی (لقب بیم,urdu_left_arrow_chain,,no
EDGE_F4F09554F1,ENT_B41238F2D1,عیضنی لقب مافر,عیضنی (لقب مافر),ENT_A9A54D549C,ارغہ رومہ لقب عدون,ارغہ (رومہ) (لقب عدون),father_of_or_lineal_parent_of,medium,SRC003,1,1,SRC003 p.1 line 1,حضرت آدم علیہ السلام ← شیث علیہ السلام ← انوش ← قینان ← مہلائیل ← یرد ← اخنوخ (حضرت ادریس علیہ السلام) ← متوشلخ ← لامک ← حضرت نوح علیہ السلام ← سام ← ارفکشاد ← شالخ ← عابر ← فالج ← رعو ← سروج ← ناحور ← تارخ (آزر) ← حضرت ابراہیم علیہ السلام ← حضرت اسمعیل علیہ السلام ← بشیرلی (لقب بیم ۔ طبع) ← سمیر (لقب بشیمین ۔ معظم فی الکل) ← حمران (لقب اسمعیل ذو الاوج) ← الدریا (لقب حجران الطعان) ← صید (لقب اسمعیل ذو الطبع) ← عقبر (لقب ابراہم جابح اشمل) ← عشی (لقب عافی عقبر ابن الجن) ← ماضی (لقب الظرب حالم النار) ← ناخش (لقب علقم) ← جام (لقب علقم) ← طائح (طاب) لقب صیقان ← یدلاف (تلاف) لقب رائمه ← بلداس (محتل) ← حرا (العوام) ← قیدار (دوباشرہ جزمی) ← عزام (عزام) ← عوض (لقب شمر منی) ← مزری (برمز) ← کی (شیبی) (لقب لجمھر) ← زارح (لقب قمر) ← ناحت ← مقصری (مقص) ← مقصری (لقب حسن ۔ زمل) ← ابہام (ایامی) (لقب دوس الفن ۔ احمل الفلق) ← اقتاد (لقب لیامہ) ← عیمر (عامر) لقب نیدوان ذوالا مد به ← ديشان (لقب ازد اریہ) ← عیضنی (لقب مافر) ← ارغہ (رومہ) (لقب عدون) ← شحن (لقب جنود) ← سنجون (تحزن) (لقب تصور) ← بشرلی (لقب بیم,urdu_left_arrow_chain,,no
EDGE_6F881B81E3,ENT_A9A54D549C,ارغہ رومہ لقب عدون,ارغہ (رومہ) (لقب عدون),ENT_FE2CA6FBB3,شحن لقب جنود,شحن (لقب جنود),father_of_or_lineal_parent_of,medium,SRC003,1,1,SRC003 p.1 line 1,حضرت آدم علیہ السلام ← شیث علیہ السلام ← انوش ← قینان ← مہلائیل ← یرد ← اخنوخ (حضرت ادریس علیہ السلام) ← متوشلخ ← لامک ← حضرت نوح علیہ السلام ← سام ← ارفکشاد ← شالخ ← عابر ← فالج ← رعو ← سروج ← ناحور ← تارخ (آزر) ← حضرت ابراہیم علیہ السلام ← حضرت اسمعیل علیہ السلام ← بشیرلی (لقب بیم ۔ طبع) ← سمیر (لقب بشیمین ۔ معظم فی الکل) ← حمران (لقب اسمعیل ذو الاوج) ← الدریا (لقب حجران الطعان) ← صید (لقب اسمعیل ذو الطبع) ← عقبر (لقب ابراہم جابح اشمل) ← عشی (لقب عافی عقبر ابن الجن) ← ماضی (لقب الظرب حالم النار) ← ناخش (لقب علقم) ← جام (لقب علقم) ← طائح (طاب) لقب صیقان ← یدلاف (تلاف) لقب رائمه ← بلداس (محتل) ← حرا (العوام) ← قیدار (دوباشرہ جزمی) ← عزام (عزام) ← عوض (لقب شمر منی) ← مزری (برمز) ← کی (شیبی) (لقب لجمھر) ← زارح (لقب قمر) ← ناحت ← مقصری (مقص) ← مقصری (لقب حسن ۔ زمل) ← ابہام (ایامی) (لقب دوس الفن ۔ احمل الفلق) ← اقتاد (لقب لیامہ) ← عیمر (عامر) لقب نیدوان ذوالا مد به ← ديشان (لقب ازد اریہ) ← عیضنی (لقب مافر) ← ارغہ (رومہ) (لقب عدون) ← شحن (لقب جنود) ← سنجون (تحزن) (لقب تصور) ← بشرلی (لقب بیم,urdu_left_arrow_chain,,no
EDGE_77F5D63C88,ENT_FE2CA6FBB3,شحن لقب جنود,شحن (لقب جنود),ENT_7D42DC94E1,سنجون تحزن لقب تصور,سنجون (تحزن) (لقب تصور),father_of_or_lineal_parent_of,medium,SRC003,1,1,SRC003 p.1 line 1,حضرت آدم علیہ السلام ← شیث علیہ السلام ← انوش ← قینان ← مہلائیل ← یرد ← اخنوخ (حضرت ادریس علیہ السلام) ← متوشلخ ← لامک ← حضرت نوح علیہ السلام ← سام ← ارفکشاد ← شالخ ← عابر ← فالج ← رعو ← سروج ← ناحور ← تارخ (آزر) ← حضرت ابراہیم علیہ السلام ← حضرت اسمعیل علیہ السلام ← بشیرلی (لقب بیم ۔ طبع) ← سمیر (لقب بشیمین ۔ معظم فی الکل) ← حمران (لقب اسمعیل ذو الاوج) ← الدریا (لقب حجران الطعان) ← صید (لقب اسمعیل ذو الطبع) ← عقبر (لقب ابراہم جابح اشمل) ← عشی (لقب عافی عقبر ابن الجن) ← ماضی (لقب الظرب حالم النار) ← ناخش (لقب علقم) ← جام (لقب علقم) ← طائح (طاب) لقب صیقان ← یدلاف (تلاف) لقب رائمه ← بلداس (محتل) ← حرا (العوام) ← قیدار (دوباشرہ جزمی) ← عزام (عزام) ← عوض (لقب شمر منی) ← مزری (برمز) ← کی (شیبی) (لقب لجمھر) ← زارح (لقب قمر) ← ناحت ← مقصری (مقص) ← مقصری (لقب حسن ۔ زمل) ← ابہام (ایامی) (لقب دوس الفن ۔ احمل الفلق) ← اقتاد (لقب لیامہ) ← عیمر (عامر) لقب نیدوان ذوالا مد به ← ديشان (لقب ازد اریہ) ← عیضنی (لقب مافر) ← ارغہ (رومہ) (لقب عدون) ← شحن (لقب جنود) ← سنجون (تحزن) (لقب تصور) ← بشرلی (لقب بیم,urdu_left_arrow_chain,,no
EDGE_74A6E8AEAF,ENT_7D42DC94E1,سنجون تحزن لقب تصور,سنجون (تحزن) (لقب تصور),ENT_3A63190598,بشرلی لقب بیم ۔ طبع,بشرلی (لقب بیم ۔ طبع),father_of_or_lineal_parent_of,medium,SRC003,1,1,SRC003 p.1 line 1,حضرت آدم علیہ السلام ← شیث علیہ السلام ← انوش ← قینان ← مہلائیل ← یرد ← اخنوخ (حضرت ادریس علیہ السلام) ← متوشلخ ← لامک ← حضرت نوح علیہ السلام ← سام ← ارفکشاد ← شالخ ← عابر ← فالج ← رعو ← سروج ← ناحور ← تارخ (آزر) ← حضرت ابراہیم علیہ السلام ← حضرت اسمعیل علیہ السلام ← بشیرلی (لقب بیم ۔ طبع) ← سمیر (لقب بشیمین ۔ معظم فی الکل) ← حمران (لقب اسمعیل ذو الاوج) ← الدریا (لقب حجران الطعان) ← صید (لقب اسمعیل ذو الطبع) ← عقبر (لقب ابراہم جابح اشمل) ← عشی (لقب عافی عقبر ابن الجن) ← ماضی (لقب الظرب حالم النار) ← ناخش (لقب علقم) ← جام (لقب علقم) ← طائح (طاب) لقب صیقان ← یدلاف (تلاف) لقب رائمه ← بلداس (محتل) ← حرا (العوام) ← قیدار (دوباشرہ جزمی) ← عزام (عزام) ← عوض (لقب شمر منی) ← مزری (برمز) ← کی (شیبی) (لقب لجمھر) ← زارح (لقب قمر) ← ناحت ← مقصری (مقص) ← مقصری (لقب حسن ۔ زمل) ← ابہام (ایامی) (لقب دوس الفن ۔ احمل الفلق) ← اقتاد (لقب لیامہ) ← عیمر (عامر) لقب نیدوان ذوالا مد به ← ديشان (لقب ازد اریہ) ← عیضنی (لقب مافر) ← ارغہ (رومہ) (لقب عدون) ← شحن (لقب جنود) ← سنجون (تحزن) (لقب تصور) ← بشرلی (لقب بیم,urdu_left_arrow_chain,,no
EDGE_44D8F6C126,ENT_3A63190598,بشرلی لقب بیم ۔ طبع,بشرلی (لقب بیم ۔ طبع),ENT_0E6C038857,ال,ال,father_of_or_lineal_parent_of,medium,SRC003,1,1,SRC003 p.1 line 1,حضرت آدم علیہ السلام ← شیث علیہ السلام ← انوش ← قینان ← مہلائیل ← یرد ← اخنوخ (حضرت ادریس علیہ السلام) ← متوشلخ ← لامک ← حضرت نوح علیہ السلام ← سام ← ارفکشاد ← شالخ ← عابر ← فالج ← رعو ← سروج ← ناحور ← تارخ (آزر) ← حضرت ابراہیم علیہ السلام ← حضرت اسمعیل علیہ السلام ← بشیرلی (لقب بیم ۔ طبع) ← سمیر (لقب بشیمین ۔ معظم فی الکل) ← حمران (لقب اسمعیل ذو الاوج) ← الدریا (لقب حجران الطعان) ← صید (لقب اسمعیل ذو الطبع) ← عقبر (لقب ابراہم جابح اشمل) ← عشی (لقب عافی عقبر ابن الجن) ← ماضی (لقب الظرب حالم النار) ← ناخش (لقب علقم) ← جام (لقب علقم) ← طائح (طاب) لقب صیقان ← یدلاف (تلاف) لقب رائمه ← بلداس (محتل) ← حرا (العوام) ← قیدار (دوباشرہ جزمی) ← عزام (عزام) ← عوض (لقب شمر منی) ← مزری (برمز) ← کی (شیبی) (لقب لجمھر) ← زارح (لقب قمر) ← ناحت ← مقصری (مقص) ← مقصری (لقب حسن ۔ زمل) ← ابہام (ایامی) (لقب دوس الفن ۔ احمل الفلق) ← اقتاد (لقب لیامہ) ← عیمر (عامر) لقب نیدوان ذوالا مد به ← ديشان (لقب ازد اریہ) ← عیضنی (لقب مافر) ← ارغہ (رومہ) (لقب عدون) ← شحن (لقب جنود) ← سنجون (تحزن) (لقب تصور) ← بشرلی (لقب بیم,urdu_left_arrow_chain,,no
EDGE_A1971C7586,ENT_0E6C038857,ال,ال,ENT_5EA93393C9,عدنان,عدنان,father_of_or_lineal_parent_of,medium,SRC003,1,1,SRC003 p.1 line 1,حضرت آدم علیہ السلام ← شیث علیہ السلام ← انوش ← قینان ← مہلائیل ← یرد ← اخنوخ (حضرت ادریس علیہ السلام) ← متوشلخ ← لامک ← حضرت نوح علیہ السلام ← سام ← ارفکشاد ← شالخ ← عابر ← فالج ← رعو ← سروج ← ناحور ← تارخ (آزر) ← حضرت ابراہیم علیہ السلام ← حضرت اسمعیل علیہ السلام ← بشیرلی (لقب بیم ۔ طبع) ← سمیر (لقب بشیمین ۔ معظم فی الکل) ← حمران (لقب اسمعیل ذو الاوج) ← الدریا (لقب حجران الطعان) ← صید (لقب اسمعیل ذو الطبع) ← عقبر (لقب ابراہم جابح اشمل) ← عشی (لقب عافی عقبر ابن الجن) ← ماضی (لقب الظرب حالم النار) ← ناخش (لقب علقم) ← جام (لقب علقم) ← طائح (طاب) لقب صیقان ← یدلاف (تلاف) لقب رائمه ← بلداس (محتل) ← حرا (العوام) ← قیدار (دوباشرہ جزمی) ← عزام (عزام) ← عوض (لقب شمر منی) ← مزری (برمز) ← کی (شیبی) (لقب لجمھر) ← زارح (لقب قمر) ← ناحت ← مقصری (مقص) ← مقصری (لقب حسن ۔ زمل) ← ابہام (ایامی) (لقب دوس الفن ۔ احمل الفلق) ← اقتاد (لقب لیامہ) ← عیمر (عامر) لقب نیدوان ذوالا مد به ← ديشان (لقب ازد اریہ) ← عیضنی (لقب مافر) ← ارغہ (رومہ) (لقب عدون) ← شحن (لقب جنود) ← سنجون (تحزن) (لقب تصور) ← بشرلی (لقب بیم,urdu_left_arrow_chain,,no
EDGE_C8AD4EA857,ENT_5EA93393C9,عدنان,عدنان,ENT_F05B7793B7,معد,معد,father_of_or_lineal_parent_of,medium,SRC003,1,1,SRC003 p.1 line 1,حضرت آدم علیہ السلام ← شیث علیہ السلام ← انوش ← قینان ← مہلائیل ← یرد ← اخنوخ (حضرت ادریس علیہ السلام) ← متوشلخ ← لامک ← حضرت نوح علیہ السلام ← سام ← ارفکشاد ← شالخ ← عابر ← فالج ← رعو ← سروج ← ناحور ← تارخ (آزر) ← حضرت ابراہیم علیہ السلام ← حضرت اسمعیل علیہ السلام ← بشیرلی (لقب بیم ۔ طبع) ← سمیر (لقب بشیمین ۔ معظم فی الکل) ← حمران (لقب اسمعیل ذو الاوج) ← الدریا (لقب حجران الطعان) ← صید (لقب اسمعیل ذو الطبع) ← عقبر (لقب ابراہم جابح اشمل) ← عشی (لقب عافی عقبر ابن الجن) ← ماضی (لقب الظرب حالم النار) ← ناخش (لقب علقم) ← جام (لقب علقم) ← طائح (طاب) لقب صیقان ← یدلاف (تلاف) لقب رائمه ← بلداس (محتل) ← حرا (العوام) ← قیدار (دوباشرہ جزمی) ← عزام (عزام) ← عوض (لقب شمر منی) ← مزری (برمز) ← کی (شیبی) (لقب لجمھر) ← زارح (لقب قمر) ← ناحت ← مقصری (مقص) ← مقصری (لقب حسن ۔ زمل) ← ابہام (ایامی) (لقب دوس الفن ۔ احمل الفلق) ← اقتاد (لقب لیامہ) ← عیمر (عامر) لقب نیدوان ذوالا مد به ← ديشان (لقب ازد اریہ) ← عیضنی (لقب مافر) ← ارغہ (رومہ) (لقب عدون) ← شحن (لقب جنود) ← سنجون (تحزن) (لقب تصور) ← بشرلی (لقب بیم,urdu_left_arrow_chain,,no
EDGE_D6A3B81254,ENT_F05B7793B7,معد,معد,ENT_4345E89222,نزار,نزار,father_of_or_lineal_parent_of,medium,SRC003,1,1,SRC003 p.1 line 1,حضرت آدم علیہ السلام ← شیث علیہ السلام ← انوش ← قینان ← مہلائیل ← یرد ← اخنوخ (حضرت ادریس علیہ السلام) ← متوشلخ ← لامک ← حضرت نوح علیہ السلام ← سام ← ارفکشاد ← شالخ ← عابر ← فالج ← رعو ← سروج ← ناحور ← تارخ (آزر) ← حضرت ابراہیم علیہ السلام ← حضرت اسمعیل علیہ السلام ← بشیرلی (لقب بیم ۔ طبع) ← سمیر (لقب بشیمین ۔ معظم فی الکل) ← حمران (لقب اسمعیل ذو الاوج) ← الدریا (لقب حجران الطعان) ← صید (لقب اسمعیل ذو الطبع) ← عقبر (لقب ابراہم جابح اشمل) ← عشی (لقب عافی عقبر ابن الجن) ← ماضی (لقب الظرب حالم النار) ← ناخش (لقب علقم) ← جام (لقب علقم) ← طائح (طاب) لقب صیقان ← یدلاف (تلاف) لقب رائمه ← بلداس (محتل) ← حرا (العوام) ← قیدار (دوباشرہ جزمی) ← عزام (عزام) ← عوض (لقب شمر منی) ← مزری (برمز) ← کی (شیبی) (لقب لجمھر) ← زارح (لقب قمر) ← ناحت ← مقصری (مقص) ← مقصری (لقب حسن ۔ زمل) ← ابہام (ایامی) (لقب دوس الفن ۔ احمل الفلق) ← اقتاد (لقب لیامہ) ← عیمر (عامر) لقب نیدوان ذوالا مد به ← ديشان (لقب ازد اریہ) ← عیضنی (لقب مافر) ← ارغہ (رومہ) (لقب عدون) ← شحن (لقب جنود) ← سنجون (تحزن) (لقب تصور) ← بشرلی (لقب بیم,urdu_left_arrow_chain,,no
EDGE_3C43412F79,ENT_4345E89222,نزار,نزار,ENT_FDB6430810,مضر,مضر,father_of_or_lineal_parent_of,medium,SRC003,1,1,SRC003 p.1 line 1,حضرت آدم علیہ السلام ← شیث علیہ السلام ← انوش ← قینان ← مہلائیل ← یرد ← اخنوخ (حضرت ادریس علیہ السلام) ← متوشلخ ← لامک ← حضرت نوح علیہ السلام ← سام ← ارفکشاد ← شالخ ← عابر ← فالج ← رعو ← سروج ← ناحور ← تارخ (آزر) ← حضرت ابراہیم علیہ السلام ← حضرت اسمعیل علیہ السلام ← بشیرلی (لقب بیم ۔ طبع) ← سمیر (لقب بشیمین ۔ معظم فی الکل) ← حمران (لقب اسمعیل ذو الاوج) ← الدریا (لقب حجران الطعان) ← صید (لقب اسمعیل ذو الطبع) ← عقبر (لقب ابراہم جابح اشمل) ← عشی (لقب عافی عقبر ابن الجن) ← ماضی (لقب الظرب حالم النار) ← ناخش (لقب علقم) ← جام (لقب علقم) ← طائح (طاب) لقب صیقان ← یدلاف (تلاف) لقب رائمه ← بلداس (محتل) ← حرا (العوام) ← قیدار (دوباشرہ جزمی) ← عزام (عزام) ← عوض (لقب شمر منی) ← مزری (برمز) ← کی (شیبی) (لقب لجمھر) ← زارح (لقب قمر) ← ناحت ← مقصری (مقص) ← مقصری (لقب حسن ۔ زمل) ← ابہام (ایامی) (لقب دوس الفن ۔ احمل الفلق) ← اقتاد (لقب لیامہ) ← عیمر (عامر) لقب نیدوان ذوالا مد به ← ديشان (لقب ازد اریہ) ← عیضنی (لقب مافر) ← ارغہ (رومہ) (لقب عدون) ← شحن (لقب جنود) ← سنجون (تحزن) (لقب تصور) ← بشرلی (لقب بیم,urdu_left_arrow_chain,,no
EDGE_DF645F11C2,ENT_FDB6430810,مضر,مضر,ENT_AD37DE3FB6,الیاس,الیاس,father_of_or_lineal_parent_of,medium,SRC003,1,1,SRC003 p.1 line 1,حضرت آدم علیہ السلام ← شیث علیہ السلام ← انوش ← قینان ← مہلائیل ← یرد ← اخنوخ (حضرت ادریس علیہ السلام) ← متوشلخ ← لامک ← حضرت نوح علیہ السلام ← سام ← ارفکشاد ← شالخ ← عابر ← فالج ← رعو ← سروج ← ناحور ← تارخ (آزر) ← حضرت ابراہیم علیہ السلام ← حضرت اسمعیل علیہ السلام ← بشیرلی (لقب بیم ۔ طبع) ← سمیر (لقب بشیمین ۔ معظم فی الکل) ← حمران (لقب اسمعیل ذو الاوج) ← الدریا (لقب حجران الطعان) ← صید (لقب اسمعیل ذو الطبع) ← عقبر (لقب ابراہم جابح اشمل) ← عشی (لقب عافی عقبر ابن الجن) ← ماضی (لقب الظرب حالم النار) ← ناخش (لقب علقم) ← جام (لقب علقم) ← طائح (طاب) لقب صیقان ← یدلاف (تلاف) لقب رائمه ← بلداس (محتل) ← حرا (العوام) ← قیدار (دوباشرہ جزمی) ← عزام (عزام) ← عوض (لقب شمر منی) ← مزری (برمز) ← کی (شیبی) (لقب لجمھر) ← زارح (لقب قمر) ← ناحت ← مقصری (مقص) ← مقصری (لقب حسن ۔ زمل) ← ابہام (ایامی) (لقب دوس الفن ۔ احمل الفلق) ← اقتاد (لقب لیامہ) ← عیمر (عامر) لقب نیدوان ذوالا مد به ← ديشان (لقب ازد اریہ) ← عیضنی (لقب مافر) ← ارغہ (رومہ) (لقب عدون) ← شحن (لقب جنود) ← سنجون (تحزن) (لقب تصور) ← بشرلی (لقب بیم,urdu_left_arrow_chain,,no
EDGE_DF3F997526,ENT_AD37DE3FB6,الیاس,الیاس,ENT_9B1C5B3F9C,مدرکہ,مدرکہ,father_of_or_lineal_parent_of,medium,SRC003,1,1,SRC003 p.1 line 1,حضرت آدم علیہ السلام ← شیث علیہ السلام ← انوش ← قینان ← مہلائیل ← یرد ← اخنوخ (حضرت ادریس علیہ السلام) ← متوشلخ ← لامک ← حضرت نوح علیہ السلام ← سام ← ارفکشاد ← شالخ ← عابر ← فالج ← رعو ← سروج ← ناحور ← تارخ (آزر) ← حضرت ابراہیم علیہ السلام ← حضرت اسمعیل علیہ السلام ← بشیرلی (لقب بیم ۔ طبع) ← سمیر (لقب بشیمین ۔ معظم فی الکل) ← حمران (لقب اسمعیل ذو الاوج) ← الدریا (لقب حجران الطعان) ← صید (لقب اسمعیل ذو الطبع) ← عقبر (لقب ابراہم جابح اشمل) ← عشی (لقب عافی عقبر ابن الجن) ← ماضی (لقب الظرب حالم النار) ← ناخش (لقب علقم) ← جام (لقب علقم) ← طائح (طاب) لقب صیقان ← یدلاف (تلاف) لقب رائمه ← بلداس (محتل) ← حرا (العوام) ← قیدار (دوباشرہ جزمی) ← عزام (عزام) ← عوض (لقب شمر منی) ← مزری (برمز) ← کی (شیبی) (لقب لجمھر) ← زارح (لقب قمر) ← ناحت ← مقصری (مقص) ← مقصری (لقب حسن ۔ زمل) ← ابہام (ایامی) (لقب دوس الفن ۔ احمل الفلق) ← اقتاد (لقب لیامہ) ← عیمر (عامر) لقب نیدوان ذوالا مد به ← ديشان (لقب ازد اریہ) ← عیضنی (لقب مافر) ← ارغہ (رومہ) (لقب عدون) ← شحن (لقب جنود) ← سنجون (تحزن) (لقب تصور) ← بشرلی (لقب بیم,urdu_left_arrow_chain,,no
EDGE_43D022AA96,ENT_9B1C5B3F9C,مدرکہ,مدرکہ,ENT_2F4EC9DEE3,خزیمہ,خزیمہ,father_of_or_lineal_parent_of,medium,SRC003,1,1,SRC003 p.1 line 1,حضرت آدم علیہ السلام ← شیث علیہ السلام ← انوش ← قینان ← مہلائیل ← یرد ← اخنوخ (حضرت ادریس علیہ السلام) ← متوشلخ ← لامک ← حضرت نوح علیہ السلام ← سام ← ارفکشاد ← شالخ ← عابر ← فالج ← رعو ← سروج ← ناحور ← تارخ (آزر) ← حضرت ابراہیم علیہ السلام ← حضرت اسمعیل علیہ السلام ← بشیرلی (لقب بیم ۔ طبع) ← سمیر (لقب بشیمین ۔ معظم فی الکل) ← حمران (لقب اسمعیل ذو الاوج) ← الدریا (لقب حجران الطعان) ← صید (لقب اسمعیل ذو الطبع) ← عقبر (لقب ابراہم جابح اشمل) ← عشی (لقب عافی عقبر ابن الجن) ← ماضی (لقب الظرب حالم النار) ← ناخش (لقب علقم) ← جام (لقب علقم) ← طائح (طاب) لقب صیقان ← یدلاف (تلاف) لقب رائمه ← بلداس (محتل) ← حرا (العوام) ← قیدار (دوباشرہ جزمی) ← عزام (عزام) ← عوض (لقب شمر منی) ← مزری (برمز) ← کی (شیبی) (لقب لجمھر) ← زارح (لقب قمر) ← ناحت ← مقصری (مقص) ← مقصری (لقب حسن ۔ زمل) ← ابہام (ایامی) (لقب دوس الفن ۔ احمل الفلق) ← اقتاد (لقب لیامہ) ← عیمر (عامر) لقب نیدوان ذوالا مد به ← ديشان (لقب ازد اریہ) ← عیضنی (لقب مافر) ← ارغہ (رومہ) (لقب عدون) ← شحن (لقب جنود) ← سنجون (تحزن) (لقب تصور) ← بشرلی (لقب بیم,urdu_left_arrow_chain,,no
EDGE_DD420EE05A,ENT_2F4EC9DEE3,خزیمہ,خزیمہ,ENT_5839DDA1DB,کنانہ,کنانہ,father_of_or_lineal_parent_of,medium,SRC003,1,1,SRC003 p.1 line 1,حضرت آدم علیہ السلام ← شیث علیہ السلام ← انوش ← قینان ← مہلائیل ← یرد ← اخنوخ (حضرت ادریس علیہ السلام) ← متوشلخ ← لامک ← حضرت نوح علیہ السلام ← سام ← ارفکشاد ← شالخ ← عابر ← فالج ← رعو ← سروج ← ناحور ← تارخ (آزر) ← حضرت ابراہیم علیہ السلام ← حضرت اسمعیل علیہ السلام ← بشیرلی (لقب بیم ۔ طبع) ← سمیر (لقب بشیمین ۔ معظم فی الکل) ← حمران (لقب اسمعیل ذو الاوج) ← الدریا (لقب حجران الطعان) ← صید (لقب اسمعیل ذو الطبع) ← عقبر (لقب ابراہم جابح اشمل) ← عشی (لقب عافی عقبر ابن الجن) ← ماضی (لقب الظرب حالم النار) ← ناخش (لقب علقم) ← جام (لقب علقم) ← طائح (طاب) لقب صیقان ← یدلاف (تلاف) لقب رائمه ← بلداس (محتل) ← حرا (العوام) ← قیدار (دوباشرہ جزمی) ← عزام (عزام) ← عوض (لقب شمر منی) ← مزری (برمز) ← کی (شیبی) (لقب لجمھر) ← زارح (لقب قمر) ← ناحت ← مقصری (مقص) ← مقصری (لقب حسن ۔ زمل) ← ابہام (ایامی) (لقب دوس الفن ۔ احمل الفلق) ← اقتاد (لقب لیامہ) ← عیمر (عامر) لقب نیدوان ذوالا مد به ← ديشان (لقب ازد اریہ) ← عیضنی (لقب مافر) ← ارغہ (رومہ) (لقب عدون) ← شحن (لقب جنود) ← سنجون (تحزن) (لقب تصور) ← بشرلی (لقب بیم,urdu_left_arrow_chain,,no
EDGE_ECE5E1C876,ENT_5839DDA1DB,کنانہ,کنانہ,ENT_2A674E114B,نضر,نضر,father_of_or_lineal_parent_of,medium,SRC003,1,1,SRC003 p.1 line 1,حضرت آدم علیہ السلام ← شیث علیہ السلام ← انوش ← قینان ← مہلائیل ← یرد ← اخنوخ (حضرت ادریس علیہ السلام) ← متوشلخ ← لامک ← حضرت نوح علیہ السلام ← سام ← ارفکشاد ← شالخ ← عابر ← فالج ← رعو ← سروج ← ناحور ← تارخ (آزر) ← حضرت ابراہیم علیہ السلام ← حضرت اسمعیل علیہ السلام ← بشیرلی (لقب بیم ۔ طبع) ← سمیر (لقب بشیمین ۔ معظم فی الکل) ← حمران (لقب اسمعیل ذو الاوج) ← الدریا (لقب حجران الطعان) ← صید (لقب اسمعیل ذو الطبع) ← عقبر (لقب ابراہم جابح اشمل) ← عشی (لقب عافی عقبر ابن الجن) ← ماضی (لقب الظرب حالم النار) ← ناخش (لقب علقم) ← جام (لقب علقم) ← طائح (طاب) لقب صیقان ← یدلاف (تلاف) لقب رائمه ← بلداس (محتل) ← حرا (العوام) ← قیدار (دوباشرہ جزمی) ← عزام (عزام) ← عوض (لقب شمر منی) ← مزری (برمز) ← کی (شیبی) (لقب لجمھر) ← زارح (لقب قمر) ← ناحت ← مقصری (مقص) ← مقصری (لقب حسن ۔ زمل) ← ابہام (ایامی) (لقب دوس الفن ۔ احمل الفلق) ← اقتاد (لقب لیامہ) ← عیمر (عامر) لقب نیدوان ذوالا مد به ← ديشان (لقب ازد اریہ) ← عیضنی (لقب مافر) ← ارغہ (رومہ) (لقب عدون) ← شحن (لقب جنود) ← سنجون (تحزن) (لقب تصور) ← بشرلی (لقب بیم,urdu_left_arrow_chain,,no
EDGE_455D63EBD1,ENT_2A674E114B,نضر,نضر,ENT_491582910D,مالک,مالک,father_of_or_lineal_parent_of,medium,SRC003,1,1,SRC003 p.1 line 1,حضرت آدم علیہ السلام ← شیث علیہ السلام ← انوش ← قینان ← مہلائیل ← یرد ← اخنوخ (حضرت ادریس علیہ السلام) ← متوشلخ ← لامک ← حضرت نوح علیہ السلام ← سام ← ارفکشاد ← شالخ ← عابر ← فالج ← رعو ← سروج ← ناحور ← تارخ (آزر) ← حضرت ابراہیم علیہ السلام ← حضرت اسمعیل علیہ السلام ← بشیرلی (لقب بیم ۔ طبع) ← سمیر (لقب بشیمین ۔ معظم فی الکل) ← حمران (لقب اسمعیل ذو الاوج) ← الدریا (لقب حجران الطعان) ← صید (لقب اسمعیل ذو الطبع) ← عقبر (لقب ابراہم جابح اشمل) ← عشی (لقب عافی عقبر ابن الجن) ← ماضی (لقب الظرب حالم النار) ← ناخش (لقب علقم) ← جام (لقب علقم) ← طائح (طاب) لقب صیقان ← یدلاف (تلاف) لقب رائمه ← بلداس (محتل) ← حرا (العوام) ← قیدار (دوباشرہ جزمی) ← عزام (عزام) ← عوض (لقب شمر منی) ← مزری (برمز) ← کی (شیبی) (لقب لجمھر) ← زارح (لقب قمر) ← ناحت ← مقصری (مقص) ← مقصری (لقب حسن ۔ زمل) ← ابہام (ایامی) (لقب دوس الفن ۔ احمل الفلق) ← اقتاد (لقب لیامہ) ← عیمر (عامر) لقب نیدوان ذوالا مد به ← ديشان (لقب ازد اریہ) ← عیضنی (لقب مافر) ← ارغہ (رومہ) (لقب عدون) ← شحن (لقب جنود) ← سنجون (تحزن) (لقب تصور) ← بشرلی (لقب بیم,urdu_left_arrow_chain,,no
EDGE_CA0A29E304,ENT_491582910D,مالک,مالک,ENT_59FF4E0E44,فہر,فہر,father_of_or_lineal_parent_of,medium,SRC003,1,1,SRC003 p.1 line 1,حضرت آدم علیہ السلام ← شیث علیہ السلام ← انوش ← قینان ← مہلائیل ← یرد ← اخنوخ (حضرت ادریس علیہ السلام) ← متوشلخ ← لامک ← حضرت نوح علیہ السلام ← سام ← ارفکشاد ← شالخ ← عابر ← فالج ← رعو ← سروج ← ناحور ← تارخ (آزر) ← حضرت ابراہیم علیہ السلام ← حضرت اسمعیل علیہ السلام ← بشیرلی (لقب بیم ۔ طبع) ← سمیر (لقب بشیمین ۔ معظم فی الکل) ← حمران (لقب اسمعیل ذو الاوج) ← الدریا (لقب حجران الطعان) ← صید (لقب اسمعیل ذو الطبع) ← عقبر (لقب ابراہم جابح اشمل) ← عشی (لقب عافی عقبر ابن الجن) ← ماضی (لقب الظرب حالم النار) ← ناخش (لقب علقم) ← جام (لقب علقم) ← طائح (طاب) لقب صیقان ← یدلاف (تلاف) لقب رائمه ← بلداس (محتل) ← حرا (العوام) ← قیدار (دوباشرہ جزمی) ← عزام (عزام) ← عوض (لقب شمر منی) ← مزری (برمز) ← کی (شیبی) (لقب لجمھر) ← زارح (لقب قمر) ← ناحت ← مقصری (مقص) ← مقصری (لقب حسن ۔ زمل) ← ابہام (ایامی) (لقب دوس الفن ۔ احمل الفلق) ← اقتاد (لقب لیامہ) ← عیمر (عامر) لقب نیدوان ذوالا مد به ← ديشان (لقب ازد اریہ) ← عیضنی (لقب مافر) ← ارغہ (رومہ) (لقب عدون) ← شحن (لقب جنود) ← سنجون (تحزن) (لقب تصور) ← بشرلی (لقب بیم,urdu_left_arrow_chain,,no
EDGE_D10CD7B146,ENT_59FF4E0E44,فہر,فہر,ENT_5D9780C533,غالب,غالب,father_of_or_lineal_parent_of,medium,SRC003,1,1,SRC003 p.1 line 1,حضرت آدم علیہ السلام ← شیث علیہ السلام ← انوش ← قینان ← مہلائیل ← یرد ← اخنوخ (حضرت ادریس علیہ السلام) ← متوشلخ ← لامک ← حضرت نوح علیہ السلام ← سام ← ارفکشاد ← شالخ ← عابر ← فالج ← رعو ← سروج ← ناحور ← تارخ (آزر) ← حضرت ابراہیم علیہ السلام ← حضرت اسمعیل علیہ السلام ← بشیرلی (لقب بیم ۔ طبع) ← سمیر (لقب بشیمین ۔ معظم فی الکل) ← حمران (لقب اسمعیل ذو الاوج) ← الدریا (لقب حجران الطعان) ← صید (لقب اسمعیل ذو الطبع) ← عقبر (لقب ابراہم جابح اشمل) ← عشی (لقب عافی عقبر ابن الجن) ← ماضی (لقب الظرب حالم النار) ← ناخش (لقب علقم) ← جام (لقب علقم) ← طائح (طاب) لقب صیقان ← یدلاف (تلاف) لقب رائمه ← بلداس (محتل) ← حرا (العوام) ← قیدار (دوباشرہ جزمی) ← عزام (عزام) ← عوض (لقب شمر منی) ← مزری (برمز) ← کی (شیبی) (لقب لجمھر) ← زارح (لقب قمر) ← ناحت ← مقصری (مقص) ← مقصری (لقب حسن ۔ زمل) ← ابہام (ایامی) (لقب دوس الفن ۔ احمل الفلق) ← اقتاد (لقب لیامہ) ← عیمر (عامر) لقب نیدوان ذوالا مد به ← ديشان (لقب ازد اریہ) ← عیضنی (لقب مافر) ← ارغہ (رومہ) (لقب عدون) ← شحن (لقب جنود) ← سنجون (تحزن) (لقب تصور) ← بشرلی (لقب بیم,urdu_left_arrow_chain,,no
EDGE_C3C5771D9A,ENT_5D9780C533,غالب,غالب,ENT_2D9265F290,لوی,لؤی,father_of_or_lineal_parent_of,medium,SRC003,1,1,SRC003 p.1 line 1,حضرت آدم علیہ السلام ← شیث علیہ السلام ← انوش ← قینان ← مہلائیل ← یرد ← اخنوخ (حضرت ادریس علیہ السلام) ← متوشلخ ← لامک ← حضرت نوح علیہ السلام ← سام ← ارفکشاد ← شالخ ← عابر ← فالج ← رعو ← سروج ← ناحور ← تارخ (آزر) ← حضرت ابراہیم علیہ السلام ← حضرت اسمعیل علیہ السلام ← بشیرلی (لقب بیم ۔ طبع) ← سمیر (لقب بشیمین ۔ معظم فی الکل) ← حمران (لقب اسمعیل ذو الاوج) ← الدریا (لقب حجران الطعان) ← صید (لقب اسمعیل ذو الطبع) ← عقبر (لقب ابراہم جابح اشمل) ← عشی (لقب عافی عقبر ابن الجن) ← ماضی (لقب الظرب حالم النار) ← ناخش (لقب علقم) ← جام (لقب علقم) ← طائح (طاب) لقب صیقان ← یدلاف (تلاف) لقب رائمه ← بلداس (محتل) ← حرا (العوام) ← قیدار (دوباشرہ جزمی) ← عزام (عزام) ← عوض (لقب شمر منی) ← مزری (برمز) ← کی (شیبی) (لقب لجمھر) ← زارح (لقب قمر) ← ناحت ← مقصری (مقص) ← مقصری (لقب حسن ۔ زمل) ← ابہام (ایامی) (لقب دوس الفن ۔ احمل الفلق) ← اقتاد (لقب لیامہ) ← عیمر (عامر) لقب نیدوان ذوالا مد به ← ديشان (لقب ازد اریہ) ← عیضنی (لقب مافر) ← ارغہ (رومہ) (لقب عدون) ← شحن (لقب جنود) ← سنجون (تحزن) (لقب تصور) ← بشرلی (لقب بیم,urdu_left_arrow_chain,,no
EDGE_FB616BF9E4,ENT_2D9265F290,لوی,لؤی,ENT_83A1014E70,کعب,کعب,father_of_or_lineal_parent_of,medium,SRC003,1,1,SRC003 p.1 line 1,حضرت آدم علیہ السلام ← شیث علیہ السلام ← انوش ← قینان ← مہلائیل ← یرد ← اخنوخ (حضرت ادریس علیہ السلام) ← متوشلخ ← لامک ← حضرت نوح علیہ السلام ← سام ← ارفکشاد ← شالخ ← عابر ← فالج ← رعو ← سروج ← ناحور ← تارخ (آزر) ← حضرت ابراہیم علیہ السلام ← حضرت اسمعیل علیہ السلام ← بشیرلی (لقب بیم ۔ طبع) ← سمیر (لقب بشیمین ۔ معظم فی الکل) ← حمران (لقب اسمعیل ذو الاوج) ← الدریا (لقب حجران الطعان) ← صید (لقب اسمعیل ذو الطبع) ← عقبر (لقب ابراہم جابح اشمل) ← عشی (لقب عافی عقبر ابن الجن) ← ماضی (لقب الظرب حالم النار) ← ناخش (لقب علقم) ← جام (لقب علقم) ← طائح (طاب) لقب صیقان ← یدلاف (تلاف) لقب رائمه ← بلداس (محتل) ← حرا (العوام) ← قیدار (دوباشرہ جزمی) ← عزام (عزام) ← عوض (لقب شمر منی) ← مزری (برمز) ← کی (شیبی) (لقب لجمھر) ← زارح (لقب قمر) ← ناحت ← مقصری (مقص) ← مقصری (لقب حسن ۔ زمل) ← ابہام (ایامی) (لقب دوس الفن ۔ احمل الفلق) ← اقتاد (لقب لیامہ) ← عیمر (عامر) لقب نیدوان ذوالا مد به ← ديشان (لقب ازد اریہ) ← عیضنی (لقب مافر) ← ارغہ (رومہ) (لقب عدون) ← شحن (لقب جنود) ← سنجون (تحزن) (لقب تصور) ← بشرلی (لقب بیم,urdu_left_arrow_chain,,no
EDGE_28BEC09DB8,ENT_83A1014E70,کعب,کعب,ENT_017995BB19,مرہ,مرہ,father_of_or_lineal_parent_of,medium,SRC003,1,1,SRC003 p.1 line 1,حضرت آدم علیہ السلام ← شیث علیہ السلام ← انوش ← قینان ← مہلائیل ← یرد ← اخنوخ (حضرت ادریس علیہ السلام) ← متوشلخ ← لامک ← حضرت نوح علیہ السلام ← سام ← ارفکشاد ← شالخ ← عابر ← فالج ← رعو ← سروج ← ناحور ← تارخ (آزر) ← حضرت ابراہیم علیہ السلام ← حضرت اسمعیل علیہ السلام ← بشیرلی (لقب بیم ۔ طبع) ← سمیر (لقب بشیمین ۔ معظم فی الکل) ← حمران (لقب اسمعیل ذو الاوج) ← الدریا (لقب حجران الطعان) ← صید (لقب اسمعیل ذو الطبع) ← عقبر (لقب ابراہم جابح اشمل) ← عشی (لقب عافی عقبر ابن الجن) ← ماضی (لقب الظرب حالم النار) ← ناخش (لقب علقم) ← جام (لقب علقم) ← طائح (طاب) لقب صیقان ← یدلاف (تلاف) لقب رائمه ← بلداس (محتل) ← حرا (العوام) ← قیدار (دوباشرہ جزمی) ← عزام (عزام) ← عوض (لقب شمر منی) ← مزری (برمز) ← کی (شیبی) (لقب لجمھر) ← زارح (لقب قمر) ← ناحت ← مقصری (مقص) ← مقصری (لقب حسن ۔ زمل) ← ابہام (ایامی) (لقب دوس الفن ۔ احمل الفلق) ← اقتاد (لقب لیامہ) ← عیمر (عامر) لقب نیدوان ذوالا مد به ← ديشان (لقب ازد اریہ) ← عیضنی (لقب مافر) ← ارغہ (رومہ) (لقب عدون) ← شحن (لقب جنود) ← سنجون (تحزن) (لقب تصور) ← بشرلی (لقب بیم,urdu_left_arrow_chain,,no
EDGE_2F8E63DF2E,ENT_017995BB19,مرہ,مرہ,ENT_EB9489B9D5,کلاب,کلاب,father_of_or_lineal_parent_of,medium,SRC003,1,1,SRC003 p.1 line 1,حضرت آدم علیہ السلام ← شیث علیہ السلام ← انوش ← قینان ← مہلائیل ← یرد ← اخنوخ (حضرت ادریس علیہ السلام) ← متوشلخ ← لامک ← حضرت نوح علیہ السلام ← سام ← ارفکشاد ← شالخ ← عابر ← فالج ← رعو ← سروج ← ناحور ← تارخ (آزر) ← حضرت ابراہیم علیہ السلام ← حضرت اسمعیل علیہ السلام ← بشیرلی (لقب بیم ۔ طبع) ← سمیر (لقب بشیمین ۔ معظم فی الکل) ← حمران (لقب اسمعیل ذو الاوج) ← الدریا (لقب حجران الطعان) ← صید (لقب اسمعیل ذو الطبع) ← عقبر (لقب ابراہم جابح اشمل) ← عشی (لقب عافی عقبر ابن الجن) ← ماضی (لقب الظرب حالم النار) ← ناخش (لقب علقم) ← جام (لقب علقم) ← طائح (طاب) لقب صیقان ← یدلاف (تلاف) لقب رائمه ← بلداس (محتل) ← حرا (العوام) ← قیدار (دوباشرہ جزمی) ← عزام (عزام) ← عوض (لقب شمر منی) ← مزری (برمز) ← کی (شیبی) (لقب لجمھر) ← زارح (لقب قمر) ← ناحت ← مقصری (مقص) ← مقصری (لقب حسن ۔ زمل) ← ابہام (ایامی) (لقب دوس الفن ۔ احمل الفلق) ← اقتاد (لقب لیامہ) ← عیمر (عامر) لقب نیدوان ذوالا مد به ← ديشان (لقب ازد اریہ) ← عیضنی (لقب مافر) ← ارغہ (رومہ) (لقب عدون) ← شحن (لقب جنود) ← سنجون (تحزن) (لقب تصور) ← بشرلی (لقب بیم,urdu_left_arrow_chain,,no
EDGE_BC48CB462F,ENT_EB9489B9D5,کلاب,کلاب,ENT_49CB557406,قصی,قصی,father_of_or_lineal_parent_of,medium,SRC003,1,1,SRC003 p.1 line 1,حضرت آدم علیہ السلام ← شیث علیہ السلام ← انوش ← قینان ← مہلائیل ← یرد ← اخنوخ (حضرت ادریس علیہ السلام) ← متوشلخ ← لامک ← حضرت نوح علیہ السلام ← سام ← ارفکشاد ← شالخ ← عابر ← فالج ← رعو ← سروج ← ناحور ← تارخ (آزر) ← حضرت ابراہیم علیہ السلام ← حضرت اسمعیل علیہ السلام ← بشیرلی (لقب بیم ۔ طبع) ← سمیر (لقب بشیمین ۔ معظم فی الکل) ← حمران (لقب اسمعیل ذو الاوج) ← الدریا (لقب حجران الطعان) ← صید (لقب اسمعیل ذو الطبع) ← عقبر (لقب ابراہم جابح اشمل) ← عشی (لقب عافی عقبر ابن الجن) ← ماضی (لقب الظرب حالم النار) ← ناخش (لقب علقم) ← جام (لقب علقم) ← طائح (طاب) لقب صیقان ← یدلاف (تلاف) لقب رائمه ← بلداس (محتل) ← حرا (العوام) ← قیدار (دوباشرہ جزمی) ← عزام (عزام) ← عوض (لقب شمر منی) ← مزری (برمز) ← کی (شیبی) (لقب لجمھر) ← زارح (لقب قمر) ← ناحت ← مقصری (مقص) ← مقصری (لقب حسن ۔ زمل) ← ابہام (ایامی) (لقب دوس الفن ۔ احمل الفلق) ← اقتاد (لقب لیامہ) ← عیمر (عامر) لقب نیدوان ذوالا مد به ← ديشان (لقب ازد اریہ) ← عیضنی (لقب مافر) ← ارغہ (رومہ) (لقب عدون) ← شحن (لقب جنود) ← سنجون (تحزن) (لقب تصور) ← بشرلی (لقب بیم,urdu_left_arrow_chain,,no
EDGE_45DE49F176,ENT_49CB557406,قصی,قصی,ENT_4F5CF6101E,عبد مناف,عبد مناف,father_of_or_lineal_parent_of,medium,SRC003,1,1,SRC003 p.1 line 1,حضرت آدم علیہ السلام ← شیث علیہ السلام ← انوش ← قینان ← مہلائیل ← یرد ← اخنوخ (حضرت ادریس علیہ السلام) ← متوشلخ ← لامک ← حضرت نوح علیہ السلام ← سام ← ارفکشاد ← شالخ ← عابر ← فالج ← رعو ← سروج ← ناحور ← تارخ (آزر) ← حضرت ابراہیم علیہ السلام ← حضرت اسمعیل علیہ السلام ← بشیرلی (لقب بیم ۔ طبع) ← سمیر (لقب بشیمین ۔ معظم فی الکل) ← حمران (لقب اسمعیل ذو الاوج) ← الدریا (لقب حجران الطعان) ← صید (لقب اسمعیل ذو الطبع) ← عقبر (لقب ابراہم جابح اشمل) ← عشی (لقب عافی عقبر ابن الجن) ← ماضی (لقب الظرب حالم النار) ← ناخش (لقب علقم) ← جام (لقب علقم) ← طائح (طاب) لقب صیقان ← یدلاف (تلاف) لقب رائمه ← بلداس (محتل) ← حرا (العوام) ← قیدار (دوباشرہ جزمی) ← عزام (عزام) ← عوض (لقب شمر منی) ← مزری (برمز) ← کی (شیبی) (لقب لجمھر) ← زارح (لقب قمر) ← ناحت ← مقصری (مقص) ← مقصری (لقب حسن ۔ زمل) ← ابہام (ایامی) (لقب دوس الفن ۔ احمل الفلق) ← اقتاد (لقب لیامہ) ← عیمر (عامر) لقب نیدوان ذوالا مد به ← ديشان (لقب ازد اریہ) ← عیضنی (لقب مافر) ← ارغہ (رومہ) (لقب عدون) ← شحن (لقب جنود) ← سنجون (تحزن) (لقب تصور) ← بشرلی (لقب بیم,urdu_left_arrow_chain,,no
EDGE_88E9D9B70A,ENT_4F5CF6101E,عبد مناف,عبد مناف,ENT_C4AAAE3AFC,ہاشم,ہاشم,father_of_or_lineal_parent_of,medium,SRC003,1,1,SRC003 p.1 line 1,حضرت آدم علیہ السلام ← شیث علیہ السلام ← انوش ← قینان ← مہلائیل ← یرد ← اخنوخ (حضرت ادریس علیہ السلام) ← متوشلخ ← لامک ← حضرت نوح علیہ السلام ← سام ← ارفکشاد ← شالخ ← عابر ← فالج ← رعو ← سروج ← ناحور ← تارخ (آزر) ← حضرت ابراہیم علیہ السلام ← حضرت اسمعیل علیہ السلام ← بشیرلی (لقب بیم ۔ طبع) ← سمیر (لقب بشیمین ۔ معظم فی الکل) ← حمران (لقب اسمعیل ذو الاوج) ← الدریا (لقب حجران الطعان) ← صید (لقب اسمعیل ذو الطبع) ← عقبر (لقب ابراہم جابح اشمل) ← عشی (لقب عافی عقبر ابن الجن) ← ماضی (لقب الظرب حالم النار) ← ناخش (لقب علقم) ← جام (لقب علقم) ← طائح (طاب) لقب صیقان ← یدلاف (تلاف) لقب رائمه ← بلداس (محتل) ← حرا (العوام) ← قیدار (دوباشرہ جزمی) ← عزام (عزام) ← عوض (لقب شمر منی) ← مزری (برمز) ← کی (شیبی) (لقب لجمھر) ← زارح (لقب قمر) ← ناحت ← مقصری (مقص) ← مقصری (لقب حسن ۔ زمل) ← ابہام (ایامی) (لقب دوس الفن ۔ احمل الفلق) ← اقتاد (لقب لیامہ) ← عیمر (عامر) لقب نیدوان ذوالا مد به ← ديشان (لقب ازد اریہ) ← عیضنی (لقب مافر) ← ارغہ (رومہ) (لقب عدون) ← شحن (لقب جنود) ← سنجون (تحزن) (لقب تصور) ← بشرلی (لقب بیم,urdu_left_arrow_chain,,no
EDGE_32E06CA038,ENT_C4AAAE3AFC,ہاشم,ہاشم,ENT_145E49829B,شیبہ حضرت عبدالمطلب علیہ السلام,(شیبہ) حضرت عبدالمطلب علیہ السلام,father_of_or_lineal_parent_of,medium,SRC003,1,1,SRC003 p.1 line 1,حضرت آدم علیہ السلام ← شیث علیہ السلام ← انوش ← قینان ← مہلائیل ← یرد ← اخنوخ (حضرت ادریس علیہ السلام) ← متوشلخ ← لامک ← حضرت نوح علیہ السلام ← سام ← ارفکشاد ← شالخ ← عابر ← فالج ← رعو ← سروج ← ناحور ← تارخ (آزر) ← حضرت ابراہیم علیہ السلام ← حضرت اسمعیل علیہ السلام ← بشیرلی (لقب بیم ۔ طبع) ← سمیر (لقب بشیمین ۔ معظم فی الکل) ← حمران (لقب اسمعیل ذو الاوج) ← الدریا (لقب حجران الطعان) ← صید (لقب اسمعیل ذو الطبع) ← عقبر (لقب ابراہم جابح اشمل) ← عشی (لقب عافی عقبر ابن الجن) ← ماضی (لقب الظرب حالم النار) ← ناخش (لقب علقم) ← جام (لقب علقم) ← طائح (طاب) لقب صیقان ← یدلاف (تلاف) لقب رائمه ← بلداس (محتل) ← حرا (العوام) ← قیدار (دوباشرہ جزمی) ← عزام (عزام) ← عوض (لقب شمر منی) ← مزری (برمز) ← کی (شیبی) (لقب لجمھر) ← زارح (لقب قمر) ← ناحت ← مقصری (مقص) ← مقصری (لقب حسن ۔ زمل) ← ابہام (ایامی) (لقب دوس الفن ۔ احمل الفلق) ← اقتاد (لقب لیامہ) ← عیمر (عامر) لقب نیدوان ذوالا مد به ← ديشان (لقب ازد اریہ) ← عیضنی (لقب مافر) ← ارغہ (رومہ) (لقب عدون) ← شحن (لقب جنود) ← سنجون (تحزن) (لقب تصور) ← بشرلی (لقب بیم,urdu_left_arrow_chain,,no
